#
#    Cu-foil  Cu K-edge  T=293 K
#
#    PETRA III Extension Beamline P65
#    DCM Crystal: Si(111)
#
#    Energy (eV)               Absorpion coeff.
8.680125676766232573e+03 -1.317326512581585840e-01
8.680166107687686235e+03 -1.316483499088856313e-01
8.680400867372009088e+03 -1.317841410879772857e-01
8.680760739621422545e+03 -1.322843831103573953e-01
8.681146928775198830e+03 -1.323379882244683503e-01
8.681565508718853380e+03 -1.327259153357056853e-01
8.681914104221241359e+03 -1.331300279793592167e-01
8.682286999267824285e+03 -1.330676782642540856e-01
8.682696842563886094e+03 -1.335313926245226268e-01
8.683050588758005688e+03 -1.336465137896757638e-01
8.683460000342474814e+03 -1.337022208571505555e-01
8.683823421124468950e+03 -1.339606570150483900e-01
8.684169673613141640e+03 -1.343073104736385581e-01
8.684596394846565090e+03 -1.346425196779694466e-01
8.684964972994834170e+03 -1.344779142285534579e-01
8.685382666286515814e+03 -1.351404034302233770e-01
8.685752578151414127e+03 -1.350680479478468810e-01
8.686177181739732987e+03 -1.355678227886329412e-01
8.686512491825960751e+03 -1.356797458967469172e-01
8.686930591165444639e+03 -1.359070645826306323e-01
8.687306713429677984e+03 -1.364428545909053270e-01
8.687755015904876927e+03 -1.365269016043211547e-01
8.688114249086556811e+03 -1.364570229247867028e-01
8.688538583548797760e+03 -1.368025385598246602e-01
8.688951565669502088e+03 -1.371531034586873088e-01
8.689405867266303176e+03 -1.371718972140624770e-01
8.689844008122710875e+03 -1.376894027731863090e-01
8.690194553492628984e+03 -1.377077328014874036e-01
8.690625683085685523e+03 -1.383142985643570910e-01
8.691106512809157721e+03 -1.384856051886210748e-01
8.691537735372356110e+03 -1.387428696430716146e-01
8.691922376371983773e+03 -1.390588134224799155e-01
8.692282723978243666e+03 -1.392969342291371093e-01
8.692725978427051814e+03 -1.394907314165735879e-01
8.693113008709657151e+03 -1.398124384995920177e-01
8.693491455656347171e+03 -1.396189787387372150e-01
8.693906189240709864e+03 -1.401303343483800701e-01
8.694349360269330646e+03 -1.402228780827894650e-01
8.694764431521523875e+03 -1.406205045407784848e-01
8.695201352575604687e+03 -1.409616049868851473e-01
8.695643391163965134e+03 -1.414784543170543030e-01
8.696058589361680788e+03 -1.415532549902952519e-01
8.696487019203283126e+03 -1.419771428013902048e-01
8.696948219506224632e+03 -1.421997467273252991e-01
8.697342994113421810e+03 -1.422056938788908154e-01
8.697783480190448245e+03 -1.425548856658750696e-01
8.698188737413374838e+03 -1.427310895229462473e-01
8.698592003050598578e+03 -1.428351418346823221e-01
8.699009521162948658e+03 -1.433683558573485284e-01
8.699440788263902505e+03 -1.437122774720118457e-01
8.699877430666972941e+03 -1.436178702790620321e-01
8.700330875609202849e+03 -1.441339015837870552e-01
8.700742978833653979e+03 -1.442144731681287428e-01
8.701209468148790620e+03 -1.447916971487144544e-01
8.701671183183289031e+03 -1.449284408596973051e-01
8.702117707973482538e+03 -1.454468219870516388e-01
8.702513472934057063e+03 -1.455669361358668257e-01
8.702947637621604372e+03 -1.456877182791614656e-01
8.703397346033883878e+03 -1.462034374264059577e-01
8.703834396560710957e+03 -1.457357672937968640e-01
8.704251415289581928e+03 -1.462374459174876629e-01
8.704709395396408581e+03 -1.465710061323260704e-01
8.705132092443296642e+03 -1.470433293686064791e-01
8.705533223404820092e+03 -1.469821903486458192e-01
8.706028207290417413e+03 -1.476221154126854951e-01
8.706415692649774428e+03 -1.477660897770054493e-01
8.706847714490302678e+03 -1.483473392078384356e-01
8.707325049393093650e+03 -1.487962263407871244e-01
8.707662293352128472e+03 -1.490935233023514828e-01
8.708133360752148292e+03 -1.497287200840798915e-01
8.708485423705851645e+03 -1.502061652693873484e-01
8.708944624895420930e+03 -1.504574427431700501e-01
8.709298281878982380e+03 -1.503091066832131784e-01
8.709769022195710932e+03 -1.510252146322718092e-01
8.710192987670656294e+03 -1.511542502486470374e-01
8.710578054279512799e+03 -1.517443364710550913e-01
8.711003627922616943e+03 -1.517476633804904496e-01
8.711377821857320669e+03 -1.521402976720310773e-01
8.711822824703964216e+03 -1.524547691735776700e-01
8.712236301695027578e+03 -1.526056179639820043e-01
8.712704567238046366e+03 -1.532452927124456632e-01
8.713130099691656142e+03 -1.535650282731838290e-01
8.713554910758155529e+03 -1.535002309946467691e-01
8.714004981847703675e+03 -1.541832133774848623e-01
8.714449496209113931e+03 -1.543146061919024870e-01
8.714893292829472557e+03 -1.544131297992391294e-01
8.715308343278597022e+03 -1.548963074046364186e-01
8.715714260617109176e+03 -1.550291143183749332e-01
8.716120216797366083e+03 -1.553404479628469614e-01
8.716546092051834421e+03 -1.555410734032297015e-01
8.716927147738286294e+03 -1.563093243730394877e-01
8.717378596452190322e+03 -1.560093255078378038e-01
8.717737801421882978e+03 -1.567125099799606125e-01
8.718185766757767851e+03 -1.566687079403616956e-01
8.718619754368761278e+03 -1.572394602648717332e-01
8.718981359608345883e+03 -1.575760174758139842e-01
8.719442718777811024e+03 -1.576766384263908749e-01
8.719890864115473960e+03 -1.580635666085955793e-01
8.720319413872402947e+03 -1.581407585967397889e-01
8.720757956894181916e+03 -1.587124770097464443e-01
8.721200882857812758e+03 -1.586849409225248309e-01
8.721635689234391975e+03 -1.588506220315003825e-01
8.722073092219954560e+03 -1.594253014055179718e-01
8.722510285038511938e+03 -1.596679352020128340e-01
8.722992959398316088e+03 -1.599823516100914167e-01
8.723426162323010431e+03 -1.603426500751791162e-01
8.723856856298511047e+03 -1.603683164381288495e-01
8.724368793030058441e+03 -1.609488025410792944e-01
8.724793964453840090e+03 -1.610117702072037249e-01
8.725240121014696342e+03 -1.616033111886647500e-01
8.725687346144974072e+03 -1.619008895801930248e-01
8.726171403559548708e+03 -1.622688413972545318e-01
8.726595222595142332e+03 -1.623251122668163127e-01
8.727042079413007741e+03 -1.625870935003914108e-01
8.727454997476765129e+03 -1.628812647524296164e-01
8.727901689184016504e+03 -1.633528545153944689e-01
8.728330792547445526e+03 -1.636251179933154443e-01
8.728817196167687143e+03 -1.635395113179473892e-01
8.729253549892382580e+03 -1.644353093896674112e-01
8.729678443498622073e+03 -1.642399909740621666e-01
8.730110027545371850e+03 -1.650497027339599965e-01
8.730598936352977034e+03 -1.648508388327537544e-01
8.731105548165480286e+03 -1.652765542646733032e-01
8.731549042901735447e+03 -1.659503221228301739e-01
8.732001792870092686e+03 -1.658748288656385905e-01
8.732448706937660972e+03 -1.654762639819491454e-01
8.732889527398046994e+03 -1.663890746635088014e-01
8.733283311080724161e+03 -1.667179650721905826e-01
8.733704769112233407e+03 -1.668951035550863549e-01
8.734151606311368596e+03 -1.669659470979975302e-01
8.734544227119440620e+03 -1.674768431686700920e-01
8.734970417855685810e+03 -1.675462712118004349e-01
8.735415596011724119e+03 -1.683224050135715966e-01
8.735752518570050597e+03 -1.682544590416210073e-01
8.736103550629801248e+03 -1.684485019257072336e-01
8.736509667629512478e+03 -1.685329502080684105e-01
8.736822347806337348e+03 -1.693071969501884766e-01
8.737223154949411764e+03 -1.691328473934910204e-01
8.737587371572006305e+03 -1.693706880158013794e-01
8.737978772719092376e+03 -1.697767623466490128e-01
8.738351252016915168e+03 -1.697553813383978483e-01
8.738738624092491591e+03 -1.700778374724556397e-01
8.739187271680626509e+03 -1.703784797920122052e-01
8.739596502085099928e+03 -1.701556773716809134e-01
8.740011153872852447e+03 -1.709252041507094699e-01
8.740391500437419381e+03 -1.712844247470138304e-01
8.740837758988442147e+03 -1.713349505176675613e-01
8.741216128572379603e+03 -1.717905415302208583e-01
8.741593506272305603e+03 -1.719464709066245989e-01
8.741949635891774960e+03 -1.721261537430005262e-01
8.742365542758350784e+03 -1.720311879984455783e-01
8.742743535298302959e+03 -1.724760542368986016e-01
8.743121304935360968e+03 -1.727564645101972995e-01
8.743528348849580652e+03 -1.727597613094997708e-01
8.743865657953878326e+03 -1.736268534600563518e-01
8.744288678781564158e+03 -1.734278387371328556e-01
8.744637850136476118e+03 -1.738348352575014022e-01
8.744970885208611435e+03 -1.740469335074215362e-01
8.745394785708209383e+03 -1.741412364431929594e-01
8.745758932486638514e+03 -1.746216212870426165e-01
8.746097958291138639e+03 -1.747397859131091802e-01
8.746470378836111195e+03 -1.751426097097867340e-01
8.746843088653602535e+03 -1.750620657614414266e-01
8.747230720932853728e+03 -1.751432658441410828e-01
8.747617618263002441e+03 -1.757792975540362901e-01
8.747992996179465990e+03 -1.756387343654416677e-01
8.748451351286697900e+03 -1.762632270181941907e-01
8.748825518603971432e+03 -1.763091333393084215e-01
8.749219752399299978e+03 -1.766082415346800216e-01
8.749576520487495145e+03 -1.771190758282085720e-01
8.750031449561247427e+03 -1.773795205046476697e-01
8.750389827110775514e+03 -1.775138552258513636e-01
8.750800135771471105e+03 -1.774873600064938162e-01
8.751251854996164184e+03 -1.777024346111046593e-01
8.751600569768346759e+03 -1.782671058300596134e-01
8.752008167937157850e+03 -1.781779044562993297e-01
8.752446649345931291e+03 -1.787910024746377502e-01
8.752841732490300274e+03 -1.789465440022130760e-01
8.753202146068480943e+03 -1.792718912444161428e-01
8.753657976647287796e+03 -1.793443859982613298e-01
8.754032344367022233e+03 -1.794651839868755261e-01
8.754490835345270170e+03 -1.800488285429523716e-01
8.754845216060923121e+03 -1.802047466125866471e-01
8.755319741456893098e+03 -1.803508140959362849e-01
8.755677792329648582e+03 -1.809019467563994232e-01
8.756076519424077560e+03 -1.810132101263894067e-01
8.756530084674170212e+03 -1.810673521942233188e-01
8.756895956353624570e+03 -1.818597696696089006e-01
8.757362218084281267e+03 -1.816769703496597388e-01
8.757700366930588643e+03 -1.821299675606835033e-01
8.758053727671882370e+03 -1.824363080706886131e-01
8.758465546983163222e+03 -1.822839847024998183e-01
8.758804040756900577e+03 -1.827050659069963945e-01
8.759141531638653760e+03 -1.829373677594549052e-01
8.759540582775223811e+03 -1.831568201402868634e-01
8.759926024384540142e+03 -1.832595551743317341e-01
8.760305578081814019e+03 -1.836097773335656769e-01
8.760690058695738117e+03 -1.837974042548884968e-01
8.761057832795984723e+03 -1.840265870450384922e-01
8.761442896380935053e+03 -1.841010851207437460e-01
8.761771064955335532e+03 -1.844579836709635545e-01
8.762218280355415118e+03 -1.847395721779245548e-01
8.762545735644154774e+03 -1.851521443091102004e-01
8.762945878387818084e+03 -1.852165763383907537e-01
8.763382135996969737e+03 -1.855708890064001193e-01
8.763741379823926763e+03 -1.858217886433340960e-01
8.764199111614294452e+03 -1.859276008187613072e-01
8.764554299952476867e+03 -1.861544476496619638e-01
8.765031453603645787e+03 -1.865429426693636927e-01
8.765403211572103828e+03 -1.867455898730995267e-01
8.765760820700124896e+03 -1.871214124140170021e-01
8.766166680189517137e+03 -1.872791965093887068e-01
8.766560715393359715e+03 -1.873235718433665375e-01
8.766924869269121700e+03 -1.878756472309072167e-01
8.767318200667219571e+03 -1.877972720499176962e-01
8.767697122692299672e+03 -1.884488878899188147e-01
8.768075820372725502e+03 -1.884979460956729691e-01
8.768471063856524779e+03 -1.884908897395618232e-01
8.768843121506120951e+03 -1.892183971980348489e-01
8.769245145337799840e+03 -1.895959694132057505e-01
8.769653916975537868e+03 -1.895090286284679126e-01
8.770021948148134470e+03 -1.896940523222594710e-01
8.770427954812252210e+03 -1.896062435592861528e-01
8.770851812230552241e+03 -1.904417033850609731e-01
8.771235953218958457e+03 -1.901403236156318788e-01
8.771682612189963038e+03 -1.910847999663772279e-01
8.772074574550832040e+03 -1.908254309476106192e-01
8.772499886652700297e+03 -1.912535668242466291e-01
8.772958041902495097e+03 -1.914109855682792904e-01
8.773304402695230237e+03 -1.914557855198544545e-01
8.773778918659423653e+03 -1.920821437895108008e-01
8.774127412777710560e+03 -1.922969877909934677e-01
8.774600728292312851e+03 -1.924173255090527168e-01
8.774957041319234122e+03 -1.929481618963894418e-01
8.775417785968000317e+03 -1.928877495907939110e-01
8.775794584361217858e+03 -1.932723879807061729e-01
8.776194936752073772e+03 -1.935352065610516092e-01
8.776639788012471399e+03 -1.939278341775601544e-01
8.777009972643907531e+03 -1.941695837905108024e-01
8.777464474998152582e+03 -1.945721637237360635e-01
8.777830076811305844e+03 -1.944689289702276336e-01
8.778295268878893694e+03 -1.947543113071099341e-01
8.778667665882967412e+03 -1.951827363165663243e-01
8.779091306917527618e+03 -1.951729273952147181e-01
8.779499987013534337e+03 -1.958306864292457261e-01
8.779906377922183310e+03 -1.957702197954985235e-01
8.780329106843482805e+03 -1.962411256124827474e-01
8.780719016896719040e+03 -1.959599551152975405e-01
8.781162269051115800e+03 -1.964580658885542730e-01
8.781546820399978969e+03 -1.971485625145913689e-01
8.782000252418003583e+03 -1.969468387399528619e-01
8.782363395032372864e+03 -1.975113348157575555e-01
8.782749348745206589e+03 -1.977781707222184271e-01
8.783191775824736396e+03 -1.973970288501290249e-01
8.783608356666874897e+03 -1.980645882537074298e-01
8.783975519970321329e+03 -1.983121044685766388e-01
8.784383113326101011e+03 -1.985654534677367411e-01
8.784756299875962213e+03 -1.989563257002059937e-01
8.785118122498439334e+03 -1.989539568430966354e-01
8.785506656164741798e+03 -1.991962038945058466e-01
8.785934602075352814e+03 -1.994600668311248270e-01
8.786333573256828458e+03 -1.995305744858393571e-01
8.786691642706748098e+03 -1.998990985311110413e-01
8.787116338445286601e+03 -2.003597405170166601e-01
8.787509718408071421e+03 -2.008173460673476352e-01
8.787999291144626113e+03 -2.009199011204092777e-01
8.788389123358572760e+03 -2.010494116189215641e-01
8.788811136018681282e+03 -2.013582169742793859e-01
8.789223079170244091e+03 -2.016533526879635274e-01
8.789618208531082928e+03 -2.021047450267378087e-01
8.790038527236272785e+03 -2.018587525035670793e-01
8.790463555233616717e+03 -2.022756482312885185e-01
8.790879288478628951e+03 -2.028845181327774971e-01
8.791319703724650026e+03 -2.029408439966904343e-01
8.791759645454658312e+03 -2.033043769819906643e-01
8.792166164818250763e+03 -2.033226673474985702e-01
8.792519792820146904e+03 -2.038586962869190500e-01
8.792935725783161615e+03 -2.040635986056514029e-01
8.793360262969366886e+03 -2.040988362323676031e-01
8.793751881345973743e+03 -2.042460028098268821e-01
8.794128221678807677e+03 -2.049565805755270420e-01
8.794492654455036245e+03 -2.051592012211475025e-01
8.794883857192453434e+03 -2.049469563119331594e-01
8.795287557728634056e+03 -2.057302331379577687e-01
8.795679612028667179e+03 -2.056498555592550792e-01
8.796125195446351427e+03 -2.060366071252223430e-01
8.796486941479497546e+03 -2.062937585514744987e-01
8.796937543688591177e+03 -2.067641539902849712e-01
8.797359100939123891e+03 -2.067444847105708583e-01
8.797743291822769606e+03 -2.071815941133496042e-01
8.798183634087572500e+03 -2.074104532515496369e-01
8.798632076316511302e+03 -2.071668527955702332e-01
8.799056918588026747e+03 -2.075114284619250238e-01
8.799482322744584962e+03 -2.077529946857584187e-01
8.799899971935183203e+03 -2.080091188959716508e-01
8.800282831123387950e+03 -2.088543015008531012e-01
8.800707317167425572e+03 -2.084262087876815606e-01
8.801117806299906078e+03 -2.090529742149556114e-01
8.801515334510388129e+03 -2.093425891496328017e-01
8.801950343852404330e+03 -2.093858900672355972e-01
8.802397099928941316e+03 -2.097205309820690255e-01
8.802760936275433778e+03 -2.099939961604690986e-01
8.803214279516116221e+03 -2.103345930216288240e-01
8.803598995630329227e+03 -2.105995757275723745e-01
8.804033435986359109e+03 -2.109398856142773171e-01
8.804427592116191590e+03 -2.111557194337773946e-01
8.804881111616627095e+03 -2.114394590162817777e-01
8.805262334070539509e+03 -2.115496202028165074e-01
8.805689395506871733e+03 -2.120733275599628320e-01
8.806099841361547078e+03 -2.120998680082496757e-01
8.806521259424520395e+03 -2.123863106347136098e-01
8.806936731227337077e+03 -2.130724170081123581e-01
8.807319177874549496e+03 -2.126941354398687034e-01
8.807775346715197884e+03 -2.134078892533898819e-01
8.808139379254494997e+03 -2.133783028232209000e-01
8.808594854023762309e+03 -2.136268944273641834e-01
8.808982918134021020e+03 -2.142200808614649898e-01
8.809371798791013134e+03 -2.143242878801285278e-01
8.809737790344452151e+03 -2.143772916881901136e-01
8.810195779620422400e+03 -2.147139613584416740e-01
8.810607699100046375e+03 -2.150671491170599303e-01
8.811027736147430915e+03 -2.149637345554044343e-01
8.811432959729487266e+03 -2.156504691594794132e-01
8.811799387755090720e+03 -2.160234337455379794e-01
8.812256554488742040e+03 -2.159766980054216856e-01
8.812654334375425606e+03 -2.161848375497898156e-01
8.813039898031467601e+03 -2.167881382771484622e-01
8.813493025213641886e+03 -2.166710368085923710e-01
8.813865887247196952e+03 -2.167763232404271434e-01
8.814317276159596076e+03 -2.173580535466325681e-01
8.814723853649935336e+03 -2.175220354300919923e-01
8.815215240500807340e+03 -2.181170118282748926e-01
8.815659467140509150e+03 -2.180702983570840525e-01
8.816041909270234100e+03 -2.184446662116995841e-01
8.816479959533713554e+03 -2.188392497309596674e-01
8.816873173139683786e+03 -2.190421287117276794e-01
8.817316005552518618e+03 -2.188811070212794696e-01
8.817765408399538501e+03 -2.195929515911862195e-01
8.818162393931579572e+03 -2.195706465926350603e-01
8.818541926570678697e+03 -2.201651425599487344e-01
8.818925930790592247e+03 -2.199875104507848234e-01
8.819407877252740946e+03 -2.203701289085926718e-01
8.819756447526993725e+03 -2.208792773401801190e-01
8.820202449841151974e+03 -2.207771171526229648e-01
8.820620553775012013e+03 -2.212597491535922556e-01
8.821037653641669749e+03 -2.212475531509106030e-01
8.821433635627337935e+03 -2.214677293039157557e-01
8.821890261741014911e+03 -2.218606775013206855e-01
8.822253402956726859e+03 -2.220769340127262681e-01
8.822729190515305163e+03 -2.225078522508910916e-01
8.823084040570847719e+03 -2.226750575131833942e-01
8.823570896531262406e+03 -2.232833039522681418e-01
8.823935747990002710e+03 -2.231435513142095706e-01
8.824406755340196469e+03 -2.237649216948361386e-01
8.824768540759845564e+03 -2.240073164238185754e-01
8.825245391179743820e+03 -2.240459712856840702e-01
8.825594696762284002e+03 -2.242781959140034975e-01
8.826044443349897847e+03 -2.247890403041950258e-01
8.826430687709929771e+03 -2.246634834401814440e-01
8.826909553369294372e+03 -2.249907731230650354e-01
8.827275734586468388e+03 -2.256696750596511314e-01
8.827709961300688519e+03 -2.254567607657745054e-01
8.828166469795200101e+03 -2.261322778970412117e-01
8.828554474711187140e+03 -2.258091165672994061e-01
8.828992232330856496e+03 -2.264479926797091369e-01
8.829375339515747328e+03 -2.267004888050533074e-01
8.829832024836076016e+03 -2.269936296743933490e-01
8.830214683339823750e+03 -2.271109961517250309e-01
8.830668054708701675e+03 -2.270326712164223715e-01
8.831044766228071239e+03 -2.276776679463839159e-01
8.831506865366432976e+03 -2.278631914942843006e-01
8.831925808333036912e+03 -2.281243177804488653e-01
8.832329603225798564e+03 -2.282868396545124079e-01
8.832752554854541813e+03 -2.281515290013686748e-01
8.833154593861278045e+03 -2.288152977799410848e-01
8.833625826155619507e+03 -2.292597783316459303e-01
8.833989435870405941e+03 -2.293383629111465094e-01
8.834415956737580927e+03 -2.296451080285306923e-01
8.834840423645340707e+03 -2.302094381267514589e-01
8.835216190397695755e+03 -2.300069330088199970e-01
8.835657509282804313e+03 -2.303420880257683045e-01
8.836074235514846805e+03 -2.308912381050355900e-01
8.836460070863515284e+03 -2.308099630371914512e-01
8.836923276231847922e+03 -2.312024197979688500e-01
8.837281658895850342e+03 -2.316738624063598706e-01
8.837743641649702113e+03 -2.316667207220407532e-01
8.838152702947900252e+03 -2.318747714066225207e-01
8.838533217289395907e+03 -2.320689512964873580e-01
8.838983269386510074e+03 -2.325723908810133078e-01
8.839422613863469451e+03 -2.325007336064507379e-01
8.839836819050735357e+03 -2.326988996230726081e-01
8.840254737111634313e+03 -2.333393311356789790e-01
8.840702870085049653e+03 -2.335572059876572792e-01
8.841174142178540933e+03 -2.337944327569181358e-01
8.841532878833149880e+03 -2.341147646684300920e-01
8.842013690541898541e+03 -2.343188822640630553e-01
8.842381421742054954e+03 -2.346018175015712470e-01
8.842858127894198333e+03 -2.346965170522461730e-01
8.843218317528751868e+03 -2.351835846309141831e-01
8.843659932213528009e+03 -2.352732343028997863e-01
8.844085573985395968e+03 -2.358745254831295102e-01
8.844471602576049918e+03 -2.359982055043103599e-01
8.844937246344083178e+03 -2.360890088842523826e-01
8.845305489850738013e+03 -2.363160798707484300e-01
8.845754673963385358e+03 -2.367368734458790425e-01
8.846155038916363992e+03 -2.370152916571763302e-01
8.846623229366501619e+03 -2.372512188248889486e-01
8.847073076406879409e+03 -2.375480304763315231e-01
8.847514560740331945e+03 -2.374715378984902925e-01
8.847899582504360296e+03 -2.379559194458809590e-01
8.848342465767153044e+03 -2.384742845552516866e-01
8.848777771046439739e+03 -2.383061147679052250e-01
8.849253607897884649e+03 -2.386965318085025600e-01
8.849680328371039650e+03 -2.392000003519967610e-01
8.850123131664820903e+03 -2.391805502240268166e-01
8.850582022728311131e+03 -2.396123590274781001e-01
8.851050431251491318e+03 -2.400090531148418305e-01
8.851495216591569260e+03 -2.400792196780558718e-01
8.851866388380125500e+03 -2.403433911960520530e-01
8.852339145978838133e+03 -2.404264200901550519e-01
8.852790116100683008e+03 -2.407403690866179169e-01
8.853250606830011748e+03 -2.408207792980760209e-01
8.853681670702602787e+03 -2.413242338821629807e-01
8.854123832250050327e+03 -2.413570202618599003e-01
8.854571040534356143e+03 -2.418072389419169688e-01
8.854979859474153272e+03 -2.420508140965421384e-01
8.855432948774694523e+03 -2.423888802346025051e-01
8.855879502858915657e+03 -2.425722398824246839e-01
8.856312146207645128e+03 -2.429506460971378456e-01
8.856775120005660938e+03 -2.430217101637316968e-01
8.857149907078239266e+03 -2.435352749491714042e-01
8.857631146644682303e+03 -2.440439031917769064e-01
8.858075820722928256e+03 -2.438962764535485828e-01
8.858481546762472135e+03 -2.444005666462840398e-01
8.858904438197201671e+03 -2.447494008248732589e-01
8.859375859482215674e+03 -2.442460122106555609e-01
8.859778018053775668e+03 -2.452826598876639841e-01
8.860207889515051647e+03 -2.452214924475248914e-01
8.860599581595093696e+03 -2.455190788290462223e-01
8.861056424859621984e+03 -2.460383037031573794e-01
8.861444766465878274e+03 -2.457587168527156085e-01
8.861891679363974617e+03 -2.462110296110814889e-01
8.862347340846163206e+03 -2.466898796501174607e-01
8.862698612727928776e+03 -2.466226533396980725e-01
8.863136951503938690e+03 -2.469886117182365781e-01
8.863570586708476185e+03 -2.474457545833406713e-01
8.863974982860403543e+03 -2.475760117417754036e-01
8.864393399950537059e+03 -2.480590846126088378e-01
8.864853019538819353e+03 -2.478031887184058701e-01
8.865352535321151663e+03 -2.483484096174625178e-01
8.865801172425481127e+03 -2.485157425919651553e-01
8.866264901039181495e+03 -2.486484709567863827e-01
8.866727095592303158e+03 -2.492224564022974542e-01
8.867154227383105535e+03 -2.496333703470086651e-01
8.867614932923992455e+03 -2.494996617215283763e-01
8.868101037130458280e+03 -2.497950175198577483e-01
8.868498991496124290e+03 -2.503239142755817048e-01
8.868927354935753101e+03 -2.502733302093935186e-01
8.869347308528749636e+03 -2.507800975174582780e-01
8.869747490962719894e+03 -2.512634000622901986e-01
8.870203981912618474e+03 -2.512892155484749424e-01
8.870581521561987756e+03 -2.517716756597004335e-01
8.871043121141274241e+03 -2.519712261623455740e-01
8.871433682925126050e+03 -2.520298638327957974e-01
8.871890352009837443e+03 -2.523670599570492223e-01
8.872332796197257267e+03 -2.528525351749269512e-01
8.872794847184917671e+03 -2.529748580749845988e-01
8.873236062096257228e+03 -2.529802197246471263e-01
8.873765103504341823e+03 -2.533160251588060796e-01
8.874194782468661288e+03 -2.537644933371238087e-01
8.874681362817284025e+03 -2.542295159130216198e-01
8.875038928495414439e+03 -2.542483402063347997e-01
8.875564222822536976e+03 -2.543748744340122436e-01
8.876035878285660147e+03 -2.545681862118608363e-01
8.876479011464874930e+03 -2.553531040382485684e-01
8.876928540402655926e+03 -2.551194449041054857e-01
8.877373352805640025e+03 -2.558084774523106675e-01
8.877828797072676025e+03 -2.558377792242478854e-01
8.878284553978359327e+03 -2.562422271917857985e-01
8.878740358904829918e+03 -2.563076297581550755e-01
8.879167090896724403e+03 -2.566327737237494855e-01
8.879691033453053024e+03 -2.571149085813472235e-01
8.880143279458841789e+03 -2.572750144749824108e-01
8.880620201305342562e+03 -2.574233685856547327e-01
8.881065128597290823e+03 -2.577976813741928996e-01
8.881533411012676879e+03 -2.579424558593194083e-01
8.881913530434982022e+03 -2.583431213874557431e-01
8.882374751510700662e+03 -2.584573157932861243e-01
8.882824363531342897e+03 -2.585213903958607506e-01
8.883251233482522366e+03 -2.589877237290091339e-01
8.883780176064201441e+03 -2.593931247605835155e-01
8.884243981508576326e+03 -2.595438853724708061e-01
8.884686100613229428e+03 -2.597939107368255063e-01
8.885137013182960800e+03 -2.605098364905318320e-01
8.885564376376683867e+03 -2.605795121360937605e-01
8.886007690960732361e+03 -2.605183940772067830e-01
8.886449725032727656e+03 -2.610416878959166964e-01
8.886846188694391458e+03 -2.609859044973698028e-01
8.887305548507130879e+03 -2.612625094178196994e-01
8.887680604716413654e+03 -2.616534060760855041e-01
8.888210088716192331e+03 -2.621551177851894621e-01
8.888613611719016262e+03 -2.619566184403825382e-01
8.889031235267000739e+03 -2.625776205596168089e-01
8.889505687491062417e+03 -2.628189132591370880e-01
8.889970902795506845e+03 -2.629780572878483436e-01
8.890329203057999621e+03 -2.634491043821705625e-01
8.890793710470954466e+03 -2.639988323817097915e-01
8.891330743110778712e+03 -2.640397545837105953e-01
8.891763497028696293e+03 -2.638986912320577805e-01
8.892287638481298927e+03 -2.642039997868850243e-01
8.892731110600288957e+03 -2.648414484220788512e-01
8.893260681074183594e+03 -2.648717534180030642e-01
8.893698674656392541e+03 -2.653077104219065951e-01
8.894145213377149048e+03 -2.655969788287853017e-01
8.894553540387065368e+03 -2.654969116501624815e-01
8.895013983868057039e+03 -2.655817254511148029e-01
8.895428504543575400e+03 -2.662083206196405594e-01
8.895913225146379773e+03 -2.663297629157014290e-01
8.896287964074401316e+03 -2.665995566802268346e-01
8.896796969886678198e+03 -2.667957172570003532e-01
8.897285565357022278e+03 -2.676191373058496858e-01
8.897684616976966936e+03 -2.672585234942541632e-01
8.898157092658841066e+03 -2.679529887623967044e-01
8.898641586575671681e+03 -2.680085501667116010e-01
8.899122145264245773e+03 -2.681974118012031560e-01
8.899508864802673997e+03 -2.687482350774143547e-01
8.899944564024353895e+03 -2.688914187491329710e-01
8.900317257247956150e+03 -2.691157466121045228e-01
8.900773524172698671e+03 -2.693833001992690934e-01
8.901183540234897009e+03 -2.697090928875138238e-01
8.901547026205187649e+03 -2.698583383730208118e-01
8.901939550749511909e+03 -2.700149845091268097e-01
8.902380285038216243e+03 -2.700477312126559615e-01
8.902738547709241175e+03 -2.706222398858311173e-01
8.903143957866477649e+03 -2.707458317565512584e-01
8.903561120006897909e+03 -2.706956644339433837e-01
8.904014266895012042e+03 -2.712181984921108735e-01
8.904418198577272051e+03 -2.712015190255788188e-01
8.904792874165081230e+03 -2.713537610977583836e-01
8.905230436072268276e+03 -2.715498825230316382e-01
8.905634214620384228e+03 -2.716493169299696864e-01
8.906067599225627418e+03 -2.720540412384208628e-01
8.906456803228711578e+03 -2.727151331911472631e-01
8.906840180646566296e+03 -2.726048010722364467e-01
8.907239312780258842e+03 -2.729604606264210975e-01
8.907674456579446996e+03 -2.732187127746608102e-01
8.908040085703576551e+03 -2.735336281584898610e-01
8.908468646499653914e+03 -2.734909439322482649e-01
8.908854067524400307e+03 -2.740574075433134249e-01
8.909251518811248388e+03 -2.743353879380791005e-01
8.909654338557798837e+03 -2.741033795964258335e-01
8.910057728935202249e+03 -2.743816971222815537e-01
8.910506488105198514e+03 -2.749061555541479906e-01
8.910894223507097195e+03 -2.749075403542224350e-01
8.911310797637515861e+03 -2.752694550750844349e-01
8.911655394913057535e+03 -2.755058914038986950e-01
8.912031495899160291e+03 -2.757671368066969553e-01
8.912453514643862945e+03 -2.761505793561490063e-01
8.912848627510138613e+03 -2.761744656003010667e-01
8.913183207626934745e+03 -2.763011576001915270e-01
8.913575451582564710e+03 -2.766457863088951918e-01
8.913997620363383248e+03 -2.764172323886400218e-01
8.914318677562358062e+03 -2.770723547006739285e-01
8.914752395991092271e+03 -2.769173380021882069e-01
8.915062297646814841e+03 -2.769867833350329600e-01
8.915461919231493084e+03 -2.778286271348092695e-01
8.915889344114466439e+03 -2.779359653806686148e-01
8.916209206102510507e+03 -2.780674542039472952e-01
8.916585701546066048e+03 -2.783125506535567006e-01
8.917078132050162822e+03 -2.783370137599403549e-01
8.917479007406340315e+03 -2.785224022743589267e-01
8.917859085278596467e+03 -2.789957438969713488e-01
8.918261635472083071e+03 -2.793021351450301615e-01
8.918719257713381012e+03 -2.794740920339511825e-01
8.919125628179554042e+03 -2.795904781932380123e-01
8.919560361063875462e+03 -2.798406906597807886e-01
8.919974560061351440e+03 -2.801647501609181856e-01
8.920387729472475257e+03 -2.804126174495520374e-01
8.920736789340009636e+03 -2.803429080695042930e-01
8.921099509872099588e+03 -2.805035421068422519e-01
8.921541925541851015e+03 -2.811561043284713790e-01
8.921892949576113097e+03 -2.809164988960364817e-01
8.922283306606774204e+03 -2.812999895562037778e-01
8.922627438064464513e+03 -2.814558330366829231e-01
8.923008501170430463e+03 -2.818430617879245648e-01
8.923415272739066495e+03 -2.820365709663665288e-01
8.923814325604136684e+03 -2.819269068472851081e-01
8.924204320145627207e+03 -2.822808028177329898e-01
8.924620566888439498e+03 -2.826477368762750908e-01
8.925014111848067841e+03 -2.829397120514868802e-01
8.925486894440469769e+03 -2.832974741339568947e-01
8.925881855792385977e+03 -2.833327466073652934e-01
8.926269359499308848e+03 -2.834700822649223739e-01
8.926742813842025498e+03 -2.838697260892636409e-01
8.927129323530947659e+03 -2.840422382920301247e-01
8.927545850246384362e+03 -2.841366908066024211e-01
8.927984638412779532e+03 -2.844455480355374544e-01
8.928379291066161386e+03 -2.847365622220240367e-01
8.928751486130158810e+03 -2.848665449791820681e-01
8.929250920167434742e+03 -2.852519375984890471e-01
8.929608459088374730e+03 -2.853651112669824408e-01
8.930086830501930308e+03 -2.852982810965045690e-01
8.930491317678406631e+03 -2.858497311237195304e-01
8.930869051563862740e+03 -2.860101686868149473e-01
8.931298261334004565e+03 -2.861945728926478805e-01
8.931729657114283327e+03 -2.866376859338745087e-01
8.932152788042270913e+03 -2.864198082414950997e-01
8.932589896800111092e+03 -2.869936042662394327e-01
8.933008554668456782e+03 -2.871017230651710661e-01
8.933450306487309717e+03 -2.869374068008724299e-01
8.933853229658561759e+03 -2.873374231290519165e-01
8.934303646995376766e+03 -2.873965784023925774e-01
8.934717643063602736e+03 -2.881397383636595255e-01
8.935120415349023460e+03 -2.879709144860815306e-01
8.935581691684490579e+03 -2.881959910926423230e-01
8.935949675047591882e+03 -2.886536954242271413e-01
8.936435718216278474e+03 -2.887019603525263767e-01
8.936809675758882804e+03 -2.888274167529122360e-01
8.937293131867440025e+03 -2.891656675883829131e-01
8.937670919599624540e+03 -2.892444371476819986e-01
8.938069671450828537e+03 -2.894612791655717943e-01
8.938484830763289210e+03 -2.897617959050305392e-01
8.938868358260140667e+03 -2.896427443214537045e-01
8.939303994120364223e+03 -2.899333505694718927e-01
8.939715244273651479e+03 -2.901012891146533823e-01
8.940130023459532822e+03 -2.902958588140098217e-01
8.940570887078123633e+03 -2.909765940343072010e-01
8.940964265289778268e+03 -2.907406984556530904e-01
8.941353919258983296e+03 -2.908747775583392925e-01
8.941777180408789718e+03 -2.913012060875793674e-01
8.942148910648447782e+03 -2.914810754667069292e-01
8.942551027389294177e+03 -2.918257247894363027e-01
8.942987031541801116e+03 -2.917007562244183783e-01
8.943431945796115542e+03 -2.920307648159608527e-01
8.943833643501713595e+03 -2.922999518194413504e-01
8.944289393541032041e+03 -2.924104830047676296e-01
8.944679076107684523e+03 -2.923224520082832734e-01
8.945142440568570237e+03 -2.929356711183035977e-01
8.945540532540926506e+03 -2.928145770147531080e-01
8.946015817548559426e+03 -2.932512179477263503e-01
8.946418828848345584e+03 -2.936154536196224352e-01
8.946804130644772158e+03 -2.934950483006830146e-01
8.947213668755988692e+03 -2.938197003460573664e-01
8.947629430954346390e+03 -2.935512417250756845e-01
8.948030170710810125e+03 -2.940305672545428517e-01
8.948482324667425928e+03 -2.942079413953888056e-01
8.948888523152809285e+03 -2.938519615514814110e-01
8.949289109562507292e+03 -2.946136156858991662e-01
8.949709374736115933e+03 -2.948973588649566047e-01
8.950163586462074818e+03 -2.948574471738386049e-01
8.950560791395257183e+03 -2.950523289525703308e-01
8.950984139711928947e+03 -2.948141598543259634e-01
8.951427717168346135e+03 -2.953996710868578845e-01
8.951811308060514421e+03 -2.952814181771694080e-01
8.952311238167632837e+03 -2.954377794756495867e-01
8.952704599851060266e+03 -2.956035879577182945e-01
8.953083186739018856e+03 -2.958143086351308626e-01
8.953561987313958525e+03 -2.960245012702367173e-01
8.953936069980440152e+03 -2.960113850467699370e-01
8.954432203143956940e+03 -2.963184897686224617e-01
8.954799625825067778e+03 -2.961647685169626620e-01
8.955301784253320875e+03 -2.962424580697452514e-01
8.955673052247700980e+03 -2.965914574373659796e-01
8.956144053017042097e+03 -2.964523213279742775e-01
8.956539377207709549e+03 -2.967038259284475732e-01
8.956994569842216151e+03 -2.968987275567049333e-01
8.957413421326620664e+03 -2.969429858353812568e-01
8.957877870557249480e+03 -2.966053747202889723e-01
8.958277395719669585e+03 -2.971988558532355773e-01
8.958727916316554911e+03 -2.968883163450792284e-01
8.959150439561726671e+03 -2.973900500075293274e-01
8.959612107092745646e+03 -2.966980389432285481e-01
8.960019072970206253e+03 -2.972777595136362194e-01
8.960471391665212650e+03 -2.969828727155680581e-01
8.960902176386956853e+03 -2.971602784293172483e-01
8.961303327220841311e+03 -2.973900500075293274e-01
8.961778443206541851e+03 -2.976144340144660783e-01
8.962164023914070640e+03 -2.969844651140945424e-01
8.962615755165170413e+03 -2.972059539630364511e-01
8.963040813774052367e+03 -2.971338310243044067e-01
8.963450798361945999e+03 -2.969448180365149570e-01
8.963911030969336935e+03 -2.971402934933017881e-01
8.964278981989593376e+03 -2.968966175471359770e-01
8.964675313121684667e+03 -2.971324136154206985e-01
8.965083020930707789e+03 -2.964560839456776287e-01
8.965536404274858796e+03 -2.966578754837416176e-01
8.965951484343548145e+03 -2.965528232178167856e-01
8.966358771025192254e+03 -2.958426265044229453e-01
8.966749618263360389e+03 -2.958397554230756121e-01
8.967178861194021010e+03 -2.957327197289481013e-01
8.967629490057732255e+03 -2.951094630813892450e-01
8.968030988712000180e+03 -2.953396107402243009e-01
8.968456304082730639e+03 -2.943250931015926608e-01
8.968911658961207650e+03 -2.938317331034561719e-01
8.969299491161760670e+03 -2.934378152900053438e-01
8.969775206894762960e+03 -2.933939499916191074e-01
8.970150680455009933e+03 -2.920175042282269762e-01
8.970633788533861662e+03 -2.916677293819844308e-01
8.971035833534569974e+03 -2.905351414341875160e-01
8.971508493212604662e+03 -2.898556133177775385e-01
8.971890606135519192e+03 -2.886665239891439416e-01
8.972368767555430168e+03 -2.874534748967793596e-01
8.972748521215762594e+03 -2.858203078926050966e-01
8.973249500262869333e+03 -2.841239625286395287e-01
8.973628248206045100e+03 -2.820930515362092272e-01
8.974034085963130565e+03 -2.798954098300172610e-01
8.974505175528898690e+03 -2.766757168686002077e-01
8.974914883395800643e+03 -2.735512152256645013e-01
8.975308661257273343e+03 -2.687673229087769178e-01
8.975759857873883448e+03 -2.631108117212755948e-01
8.976163998477950372e+03 -2.559632699502942255e-01
8.976629902779741315e+03 -2.462499607342124863e-01
8.977049556896099602e+03 -2.311371989949552175e-01
8.977474937712700921e+03 -2.105094660538792128e-01
8.977921753934144363e+03 -1.728428128394108310e-01
8.978356698863726706e+03 -1.137760307261227177e-01
8.978793583073049376e+03 -2.817733089052048417e-02
8.979243513748113401e+03 8.140727463533342645e-02
8.979649872580457668e+03 1.742542086730367312e-01
8.980109916297558811e+03 2.350165810234725872e-01
8.980543723823740947e+03 2.683874096449723745e-01
8.980964837323956090e+03 2.801243901453251972e-01
8.981461608208985126e+03 2.781643548888607098e-01
8.981832122695244834e+03 2.662365983846867734e-01
8.982326010057589883e+03 2.521629923004928275e-01
8.982715575222029656e+03 2.417289562074312892e-01
8.983210375646594912e+03 2.406868551054839878e-01
8.983597579019258774e+03 2.496030571210762772e-01
8.984069970101578292e+03 2.700544973684676497e-01
8.984460504066719295e+03 2.922779909602204462e-01
8.984953331682529097e+03 3.151236482340534217e-01
8.985405523346522386e+03 3.361972973352397309e-01
8.985792378214660857e+03 3.537880771684874248e-01
8.986285084360355540e+03 3.745897956449977251e-01
8.986654921686109446e+03 3.966667184029982196e-01
8.987166993050999736e+03 4.232888421869244744e-01
8.987532290912520693e+03 4.531158565117749948e-01
8.988036321684921859e+03 4.881076315450337266e-01
8.988406035391129990e+03 5.264527822541567037e-01
8.988909623687673957e+03 5.680654012608395975e-01
8.989289728645289870e+03 6.169981226304632749e-01
8.989769794010970145e+03 6.649504701415108743e-01
8.990235518520586993e+03 7.211259657459233585e-01
8.990690700022194505e+03 7.698795718722810655e-01
8.991142397600346158e+03 8.149091160249914978e-01
8.991556653068617379e+03 8.548045980509569874e-01
8.991934270843306876e+03 8.906247950786903012e-01
8.992372511235760612e+03 9.183888792810013246e-01
8.992840142749759252e+03 9.400072584914711538e-01
8.993233361360020353e+03 9.504010970881374698e-01
8.993717935624164966e+03 9.518634701656890629e-01
8.994135968110156682e+03 9.431255597622741904e-01
8.994510274180995111e+03 9.305003538520575379e-01
8.995018642222941708e+03 9.117555767087636154e-01
8.995407705912704841e+03 8.937143295555272093e-01
8.995852275854760592e+03 8.746861746514084102e-01
8.996291995770985523e+03 8.557471002984404773e-01
8.996740463028118029e+03 8.391671106776851241e-01
8.997175647919100811e+03 8.269066493628997039e-01
8.997608427705763461e+03 8.185559030829653304e-01
8.998049956044334976e+03 8.128938322096715963e-01
8.998479284983741309e+03 8.129567940211869237e-01
8.998871104709243809e+03 8.179555303315141357e-01
8.999385421201712234e+03 8.301836591424142098e-01
8.999873125111851550e+03 8.471456302148896444e-01
9.000272963001010794e+03 8.679732432217870386e-01
9.000704687286133776e+03 8.908719130599753733e-01
9.001162045588846013e+03 9.165161856007327801e-01
9.001530417015146668e+03 9.374182783000303276e-01
9.001987044466381121e+03 9.545030107652258122e-01
9.002417031089727971e+03 9.633263330116740297e-01
9.002812470785745973e+03 9.658995616644232562e-01
9.003286936492420864e+03 9.602284349055753010e-01
9.003693895694192179e+03 9.487718174301059681e-01
9.004164097671722629e+03 9.321045317270398867e-01
9.004553700608244981e+03 9.120701130496161602e-01
9.005031351937273939e+03 8.954235650928551449e-01
9.005435747698837076e+03 8.768528206198383801e-01
9.005899050070558587e+03 8.611612986893131261e-01
9.006382844419460525e+03 8.493694458903915390e-01
9.006847882348149142e+03 8.358065425811571636e-01
9.007275346337433803e+03 8.255290156374812671e-01
9.007703942562138764e+03 8.154764733909459773e-01
9.008184663530526450e+03 8.041597096491179819e-01
9.008592349592872779e+03 7.941259701467195953e-01
9.009043984479952996e+03 7.837797401688633148e-01
9.009483664007595507e+03 7.739064232517881559e-01
9.009926115493519319e+03 7.669354312238835236e-01
9.010372158237058102e+03 7.618457468502858321e-01
9.010775408936435269e+03 7.584988533183787407e-01
9.011237091846154726e+03 7.573620546549060251e-01
9.011753950474510930e+03 7.577311882903511320e-01
9.012205637539673262e+03 7.592189204663203350e-01
9.012619702055864764e+03 7.613825635788427082e-01
9.013058920569290422e+03 7.643234590278402685e-01
9.013512652904657443e+03 7.675547834650741086e-01
9.013921925796097639e+03 7.709385966720623262e-01
9.014431727248147581e+03 7.755158697210338126e-01
9.014805036616971847e+03 7.805591183400301114e-01
9.015302649674125860e+03 7.863334330721648557e-01
9.015773276303487364e+03 7.942631637311171611e-01
9.016208439074103808e+03 8.026700331324587712e-01
9.016697194879012386e+03 8.106991893006656458e-01
9.017086817795421666e+03 8.195034469268169808e-01
9.017585508994203337e+03 8.288777830121064616e-01
9.017970564615479816e+03 8.383291904044432030e-01
9.018463069558210918e+03 8.480574502452220553e-01
9.018836721366455095e+03 8.564872405267399680e-01
9.019298978319724483e+03 8.645336155858962535e-01
9.019743785900349394e+03 8.726609750434997093e-01
9.020131491396396086e+03 8.815761248078451962e-01
9.020604822779192546e+03 8.894685501776808945e-01
9.021029797981922457e+03 8.972294916385652463e-01
9.021467122274712892e+03 9.047404862512338219e-01
9.021894095558734989e+03 9.129188316966312389e-01
9.022360503864025304e+03 9.207763337364824885e-01
9.022822857666387790e+03 9.279323068896406790e-01
9.023232724320696434e+03 9.349075024260866673e-01
9.023716514595407716e+03 9.408390130794164197e-01
9.024194337059194368e+03 9.460109490330942394e-01
9.024634986800572733e+03 9.494067282051558143e-01
9.025126869708015874e+03 9.510970295942836605e-01
9.025539141133162047e+03 9.511539376689035485e-01
9.026045910111224657e+03 9.474789025307045476e-01
9.026539046036885338e+03 9.429712473143808671e-01
9.026914479716881033e+03 9.372406466568971029e-01
9.027405521903740009e+03 9.302481715907958693e-01
9.027796368187651751e+03 9.210004068825046186e-01
9.028269702921545104e+03 9.123929853368168974e-01
9.028682542754957467e+03 9.028371028889459193e-01
9.029191591669266927e+03 8.920253310125267898e-01
9.029636030171926905e+03 8.825052770233557942e-01
9.030041598895635616e+03 8.727591442014672740e-01
9.030528878823590276e+03 8.618455516993620558e-01
9.031004426120962307e+03 8.524750152494403599e-01
9.031435615114301982e+03 8.423808252807809538e-01
9.031924694280894983e+03 8.340221407191608094e-01
9.032388053673941613e+03 8.266785731844680241e-01
9.032837750812421291e+03 8.199737561126492214e-01
9.033344537724233305e+03 8.142950145091708558e-01
9.033778698632939268e+03 8.100595152470847493e-01
9.034224148856415923e+03 8.059835110332926877e-01
9.034663608784696407e+03 8.026295130900775732e-01
9.035093509937019917e+03 8.006199558321009935e-01
9.035575038050888907e+03 7.990419046480743415e-01
9.036034939663764817e+03 7.968217428718341599e-01
9.036495987065813097e+03 7.970957198584188719e-01
9.036979040843241819e+03 7.969582731312803148e-01
9.037463520107270597e+03 7.976443795046790353e-01
9.037934325763277229e+03 7.992707637862743741e-01
9.038404358012730881e+03 8.002649453206430730e-01
9.038788218253184823e+03 8.035569109225766393e-01
9.039258341563659997e+03 8.052840642116452230e-01
9.039720275560446680e+03 8.072100802905335382e-01
9.040230876047333368e+03 8.112166917103096342e-01
9.040687417783854471e+03 8.119702579117428209e-01
9.041148127850685341e+03 8.139689480216788509e-01
9.041611908482815124e+03 8.158295026523203486e-01
9.042071066385447921e+03 8.159415896784008027e-01
9.042546211875651352e+03 8.163005192918935116e-01
9.043024981663314975e+03 8.150882263649925630e-01
9.043484011831733369e+03 8.141657170744771577e-01
9.043952711682231893e+03 8.125227543756821103e-01
9.044378020862044650e+03 8.120750360322621653e-01
9.044820143943106814e+03 8.104127517804611269e-01
9.045291185751810190e+03 8.097396386456408024e-01
9.045693247207749664e+03 8.089016416081382665e-01
9.046129451073211385e+03 8.096495827099134956e-01
9.046588804408491342e+03 8.102355305336502722e-01
9.047063611468396630e+03 8.117974437444474001e-01
9.047448776394525339e+03 8.135432305068617254e-01
9.047940185598456083e+03 8.162782838240262295e-01
9.048372759027546635e+03 8.192635977754729737e-01
9.048800145789957242e+03 8.220320768775505327e-01
9.049277668040116623e+03 8.244509630121756860e-01
9.049743405208995682e+03 8.278753022681882845e-01
9.050242227882496081e+03 8.294525000671930659e-01
9.050776074630328367e+03 8.316713571732068377e-01
9.051225723343939535e+03 8.317770778558516431e-01
9.051733250852585115e+03 8.330472858293759275e-01
9.052174734325655663e+03 8.320526116612874112e-01
9.052634717276521769e+03 8.321015082387702710e-01
9.053110450650267012e+03 8.324276979077521732e-01
9.053515704620662291e+03 8.314798985730738057e-01
9.054002829990213286e+03 8.311258275356362413e-01
9.054476506238541333e+03 8.318706413325156479e-01
9.054864247647523371e+03 8.320928439556063427e-01
9.055345182474311514e+03 8.341282565812201399e-01
9.055750365922571291e+03 8.350420445561065330e-01
9.056239116230332002e+03 8.379124189400696254e-01
9.056650447170692132e+03 8.403501714858938598e-01
9.057123028786239956e+03 8.429851852392571399e-01
9.057574151514278128e+03 8.464466977250683088e-01
9.058100887316517401e+03 8.505132972411780790e-01
9.058573624116410429e+03 8.538445286135177836e-01
9.059054962963145954e+03 8.582447497200108577e-01
9.059594014372270976e+03 8.613293911914614576e-01
9.060113541182654444e+03 8.647403864319939126e-01
9.060607741524421726e+03 8.673133255063930624e-01
9.061037417885981995e+03 8.700554407702038029e-01
9.061587751642000512e+03 8.716194062329474246e-01
9.062051200162211899e+03 8.744086584400712070e-01
9.062594482209084163e+03 8.756520722155372027e-01
9.063059969023335725e+03 8.780047617678407024e-01
9.063589844328345862e+03 8.800594110624986310e-01
9.064109012524144418e+03 8.821374495489379131e-01
9.064672710426564663e+03 8.843104469228698639e-01
9.065111069048289210e+03 8.860946566950311798e-01
9.065664120307008488e+03 8.885049425512198118e-01
9.066115286769712839e+03 8.919887564519327627e-01
9.066676477199931469e+03 8.949833477899880041e-01
9.067124707018900153e+03 8.974785230425552651e-01
9.067607530643135760e+03 9.009111104725698871e-01
9.068100910884128098e+03 9.044698562933922714e-01
9.068633878653461579e+03 9.085774449938426311e-01
9.069062123868267008e+03 9.113558506823183913e-01
9.069528291992759478e+03 9.147927768783771230e-01
9.069993126556728384e+03 9.168636336371750462e-01
9.070409334574495006e+03 9.193164527906919625e-01
9.070842730311776904e+03 9.202804778334254809e-01
9.071248506852734863e+03 9.212726262360161344e-01
9.071576031893848267e+03 9.218373141549772720e-01
9.071997922082540754e+03 9.226768203406805480e-01
9.072412105214303665e+03 9.223683569399003801e-01
9.072828264113000841e+03 9.205224531773710250e-01
9.073166698769984578e+03 9.195337275354606987e-01
9.073588187104987810e+03 9.181451598511144452e-01
9.074002242303457024e+03 9.154750236194049151e-01
9.074413014474144802e+03 9.126057898877295571e-01
9.074821333214609695e+03 9.082861150915412241e-01
9.075216400141591294e+03 9.054456188002761863e-01
9.075586305550425095e+03 9.011943793022259008e-01
9.075984763691525586e+03 8.971858780745834983e-01
9.076414274717561057e+03 8.923381706726383200e-01
9.076847427966653413e+03 8.875019033969860915e-01
9.077287271426494044e+03 8.818337789067735022e-01
9.077718016904300384e+03 8.756071552377114875e-01
9.078128579888860259e+03 8.713954119662640219e-01
9.078550540889458716e+03 8.660379601540438843e-01
9.079029347694666285e+03 8.595773700172654186e-01
9.079434766841332021e+03 8.551392289787999035e-01
9.079909789046689184e+03 8.492821394477968466e-01
9.080238509847345995e+03 8.451286621396583154e-01
9.080688946848089472e+03 8.418794474663423566e-01
9.081029091784093907e+03 8.372521843768052641e-01
9.081461033098907137e+03 8.338387070131987322e-01
9.081833678699535085e+03 8.295844714955704635e-01
9.082203028035006355e+03 8.255654943951231672e-01
9.082605964490578117e+03 8.216444987214788220e-01
9.083095472040537061e+03 8.168961928519535842e-01
9.083504314689065723e+03 8.138174114576592899e-01
9.083935110340220490e+03 8.101103040181266701e-01
9.084352630954866981e+03 8.068583125039807680e-01
9.084756595314047445e+03 8.032620015761499088e-01
9.085175025792515953e+03 8.001117947739411207e-01
9.085615419366688002e+03 7.975071958841881692e-01
9.086062517716383809e+03 7.951291839324661215e-01
9.086453869857414247e+03 7.931573387687184118e-01
9.086891614570506135e+03 7.911411804010090032e-01
9.087310801893070675e+03 7.893377848784066675e-01
9.087785558579478675e+03 7.886423058058921187e-01
9.088186503821683800e+03 7.868783148940589056e-01
9.088660243474267190e+03 7.852624694677508010e-01
9.089110981819547305e+03 7.836732072593161069e-01
9.089526212645287160e+03 7.818112948791002825e-01
9.089914259472277990e+03 7.803065256310162123e-01
9.090348734436138329e+03 7.766097578808873747e-01
9.090818537551514964e+03 7.734570791047774563e-01
9.091181689731771257e+03 7.705927358869094634e-01
9.091578773850811558e+03 7.676857850320998322e-01
9.091988955445252941e+03 7.632790043340277331e-01
9.092492563583455194e+03 7.599031013786928801e-01
9.092881148011751065e+03 7.553809073300014054e-01
9.093286168153037579e+03 7.507483906655005867e-01
9.093793537934498090e+03 7.467566311653262012e-01
9.094191133983638792e+03 7.426811156822219484e-01
9.094643269009708092e+03 7.392909193391720146e-01
9.095085994440732975e+03 7.348001492035585169e-01
9.095495109782921645e+03 7.320663369240288931e-01
9.095964067441518637e+03 7.288149689408200960e-01
9.096415548591126935e+03 7.257218240147332855e-01
9.096810041069662475e+03 7.233381528390910864e-01
9.097303623354049705e+03 7.211680019079190762e-01
9.097688455289835474e+03 7.199282032375873275e-01
9.098110612281659996e+03 7.198217232657041498e-01
9.098537540934899880e+03 7.188409923445128191e-01
9.098964510653086109e+03 7.191226669632058144e-01
9.099352548741127976e+03 7.195192848991411871e-01
9.099770131200069955e+03 7.212200135047972527e-01
9.100159353416838712e+03 7.217780253370049692e-01
9.100587871412866662e+03 7.231822866923709459e-01
9.100956279593212457e+03 7.254880139885735435e-01
9.101390723071675893e+03 7.268966963548662008e-01
9.101826601711169133e+03 7.293195992660094218e-01
9.102223246675053815e+03 7.315774016367300181e-01
9.102622991451928101e+03 7.347757661246793193e-01
9.103004662899187679e+03 7.378101854476254440e-01
9.103416459098321866e+03 7.402732200907266025e-01
9.103899908634697567e+03 7.441362924356446085e-01
9.104361115591689668e+03 7.482114108858897161e-01
9.104761610265437412e+03 7.514634944058005139e-01
9.105235728920803012e+03 7.558457747755090717e-01
9.105651634799211024e+03 7.584350460562973018e-01
9.106131982061973758e+03 7.627068415331222928e-01
9.106568883898726199e+03 7.655606754110828582e-01
9.106948384876832279e+03 7.694904350374651703e-01
9.107357758053460202e+03 7.720342195506000316e-01
9.107819324135138231e+03 7.744223641251262169e-01
9.108260854864496650e+03 7.778249787855596731e-01
9.108658632678829235e+03 7.808223478162316100e-01
9.109083507633084082e+03 7.825735147960289906e-01
9.109492798541610682e+03 7.851743333855830675e-01
9.109940355393780919e+03 7.871376486889665181e-01
9.110422561835281158e+03 7.891372470760120716e-01
9.110844814483234586e+03 7.910670727169172300e-01
9.111231100547085589e+03 7.921129948001892629e-01
9.111740524746128358e+03 7.942142182243989712e-01
9.112122142648002409e+03 7.944996748202327597e-01
9.112627201629284173e+03 7.955173997749952486e-01
9.113036818954715272e+03 7.963712693407626331e-01
9.113508749361444643e+03 7.970737105167542413e-01
9.113939394655459182e+03 7.966210475180317552e-01
9.114414772711377736e+03 7.970163483288024153e-01
9.114825951473101668e+03 7.968568497842465348e-01
9.115301144934692275e+03 7.952941193150477872e-01
9.115776947985243169e+03 7.960122147974532103e-01
9.116184899524549110e+03 7.949629595169602769e-01
9.116676726465218962e+03 7.954048681224489270e-01
9.117079170777344189e+03 7.940710520649038040e-01
9.117555443583889428e+03 7.942432974313139438e-01
9.117978094548092486e+03 7.937467681606436010e-01
9.118381495317998997e+03 7.939166278250157083e-01
9.118829947696316594e+03 7.946977755303287205e-01
9.119310322762901706e+03 7.943896396088542255e-01
9.119713005382260235e+03 7.958958171550023497e-01
9.120211934948327325e+03 7.974384224582126146e-01
9.120604349908859149e+03 7.988707008630314688e-01
9.121110372947541691e+03 8.012688576590999423e-01
9.121511539889550477e+03 8.038671404805288745e-01
9.122014308511894342e+03 8.065498057538540433e-01
9.122400726333127750e+03 8.100595152470847493e-01
9.122903315554400251e+03 8.144486048494574693e-01
9.123281694100904133e+03 8.184667568345675992e-01
9.123795019366454653e+03 8.232256885525705004e-01
9.124217423530222732e+03 8.283341478813500691e-01
9.124700060243067128e+03 8.339834947024662437e-01
9.125142149868108390e+03 8.392785712205839133e-01
9.125604165031234515e+03 8.451530874470696286e-01
9.125996775590212565e+03 8.506398757000299682e-01
9.126424149967491758e+03 8.553369280719749224e-01
9.126833918961820018e+03 8.610706737620293927e-01
9.127329165166496750e+03 8.656807309877372347e-01
9.127745180922313011e+03 8.709828695405975596e-01
9.128137980282823264e+03 8.749573591786033999e-01
9.128612075287792322e+03 8.784388527728921314e-01
9.129034095914268619e+03 8.824671924464360107e-01
9.129453914398569395e+03 8.847584087623540094e-01
9.129877696543702768e+03 8.864343271478186681e-01
9.130291147206653477e+03 8.878417886113911806e-01
9.130746688123967033e+03 8.891232123798177289e-01
9.131219098205960108e+03 8.888543248312196221e-01
9.131628747730621399e+03 8.905953516746943910e-01
9.132096483994670052e+03 8.898873025507756385e-01
9.132545758933383695e+03 8.900098278998238577e-01
9.132999847481050892e+03 8.885553782468649242e-01
9.133446969366894336e+03 8.876014106793170821e-01
9.133867484391435937e+03 8.865402539923064040e-01
9.134357901590858091e+03 8.841061153194985645e-01
9.134763911344805820e+03 8.833805784426727037e-01
9.135228609217772828e+03 8.811596403524973864e-01
9.135643959908176839e+03 8.789542759123338822e-01
9.136062156117191989e+03 8.772602610992962235e-01
9.136493023440427351e+03 8.743613175286528705e-01
9.136898385502654492e+03 8.725958379218372585e-01
9.137420301318803467e+03 8.697603076500942665e-01
9.137888364931077376e+03 8.672954738195800539e-01
9.138299470320331238e+03 8.652843733010320282e-01
9.138723532663787410e+03 8.623196020830414810e-01
9.139116177328625781e+03 8.592292219540458298e-01
9.139620936595681997e+03 8.558954415574065999e-01
9.140006075158926251e+03 8.521483145209530763e-01
9.140507001687885349e+03 8.491927334292544982e-01
9.140896712548556025e+03 8.455401892304756917e-01
9.141394366900434761e+03 8.421018699327248447e-01
9.141794553866140632e+03 8.372452107927417231e-01
9.142297086656069951e+03 8.338454205177490142e-01
9.142688359430028868e+03 8.275691479938859230e-01
9.143182277867073935e+03 8.239445760600948576e-01
9.143585999110760895e+03 8.185277046927027511e-01
9.144090139663554510e+03 8.142500063410030853e-01
9.144481850922644298e+03 8.087218117620955660e-01
9.144981592800406361e+03 8.030313258789506525e-01
9.145387164485737230e+03 7.974285316946313484e-01
9.145888976859361719e+03 7.919900413029035136e-01
9.146289004489408399e+03 7.865192858339546955e-01
9.146780789409762292e+03 7.810974953669832521e-01
9.147194403342611622e+03 7.753062097036669265e-01
9.147669121803135567e+03 7.692051388384243404e-01
9.148171753686037846e+03 7.635374492162659843e-01
9.148586622404138325e+03 7.573479727678239515e-01
9.149077816010900278e+03 7.510213995423864475e-01
9.149503467008877124e+03 7.449624368075767888e-01
9.149995043053573681e+03 7.395247983239934264e-01
9.150394030865849345e+03 7.333926400397280387e-01
9.150898096074923160e+03 7.271118316803725223e-01
9.151310401763897971e+03 7.213114999560901186e-01
9.151780487951744362e+03 7.153677182374488241e-01
9.152267525766730614e+03 7.099349727773957008e-01
9.152752926293653218e+03 7.032901905250000807e-01
9.153137790899349056e+03 6.982694269166141998e-01
9.153620186338172061e+03 6.929167392638454492e-01
9.154064870330543272e+03 6.878773780104256996e-01
9.154482823457099585e+03 6.836420666882017105e-01
9.154910399244941800e+03 6.790445309254499184e-01
9.155413564889100599e+03 6.745835673850063552e-01
9.155804015370344132e+03 6.706226704812683348e-01
9.156276830324233742e+03 6.675076592194785219e-01
9.156749131340306121e+03 6.644680642406741722e-01
9.157201177211218237e+03 6.613549089441721485e-01
9.157672165713205686e+03 6.586453471956086325e-01
9.158091866748893153e+03 6.572453025828657314e-01
9.158595954963277109e+03 6.556286558385154839e-01
9.159017153400391180e+03 6.549842037703961228e-01
9.159510059570508020e+03 6.548335292113031114e-01
9.159918363593089452e+03 6.552268692893461477e-01
9.160416449053120232e+03 6.556456096769925912e-01
9.160820884471395402e+03 6.569462058339470278e-01
9.161314554112896076e+03 6.576672417292113160e-01
9.161727822071550690e+03 6.601378362172867220e-01
9.162171619542055851e+03 6.625860792392627152e-01
9.162640873170610575e+03 6.652213557970431124e-01
9.163059911409412962e+03 6.685284288781535578e-01
9.163545355870388448e+03 6.718263457143995865e-01
9.163957135407777969e+03 6.748108190768072889e-01
9.164379686607488111e+03 6.789062488644771465e-01
9.164881659260941888e+03 6.830135148451399463e-01
9.165299777404341512e+03 6.873026285636621990e-01
9.165786030153878528e+03 6.913038620656561939e-01
9.166263858165091733e+03 6.959083420012733834e-01
9.166654974780201883e+03 7.011228268725862023e-01
9.167181510174126743e+03 7.048566473773083541e-01
9.167563944290212021e+03 7.091174589244370052e-01
9.168091717477323982e+03 7.131711324849263622e-01
9.168470836689533826e+03 7.177934227902426079e-01
9.168993344437638370e+03 7.211864006243384750e-01
9.169389507044579659e+03 7.242817708471075422e-01
9.169908445453542299e+03 7.282056903575964135e-01
9.170292809743057660e+03 7.314587943083207255e-01
9.170804781067006843e+03 7.348791725291751176e-01
9.171240427091212041e+03 7.373885762501648511e-01
9.171712613422130744e+03 7.397778928087418437e-01
9.172168720846746510e+03 7.416142951384561144e-01
9.172623742793421115e+03 7.437939245153892820e-01
9.173108810893736518e+03 7.450794410497816322e-01
9.173598177298501469e+03 7.467546317071792616e-01
9.174015129105204323e+03 7.480404641416383837e-01
9.174483361595785027e+03 7.488965750766226614e-01
9.175001192020583403e+03 7.496917585203287659e-01
9.175390241255903675e+03 7.500721404476254905e-01
9.175886936921635424e+03 7.499751797264765374e-01
9.176345735563312701e+03 7.508554981805918294e-01
9.176837438625265349e+03 7.507566081634584609e-01
9.177336277820053510e+03 7.502384311730787569e-01
9.177757260873502673e+03 7.501697525196334704e-01
9.178240618604258998e+03 7.489423420143779264e-01
9.178723461745550594e+03 7.485984850961595605e-01
9.179203522887612053e+03 7.479295267521518520e-01
9.179652741202165998e+03 7.475985001641155536e-01
9.180084146544617397e+03 7.455900831066862855e-01
9.180573141715774909e+03 7.454881187481219307e-01
9.181019378657032576e+03 7.443440847599422927e-01
9.181410085093202724e+03 7.427951864985946617e-01
9.181922761754061867e+03 7.424877024757949862e-01
9.182321771397128032e+03 7.414496587894505719e-01
9.182836254167468724e+03 7.404295656759954936e-01
9.183241301996285983e+03 7.392032667037984339e-01
9.183739436204388767e+03 7.392947281515762636e-01
9.184152509739231391e+03 7.380638431856423320e-01
9.184605061869986457e+03 7.376202036680337137e-01
9.185075537531562077e+03 7.372824573858201003e-01
9.185502640519072884e+03 7.363468340124922351e-01
9.185991943378996439e+03 7.357769721761936443e-01
9.186397560298244571e+03 7.350319257719852839e-01
9.186887244721598108e+03 7.352636486324822807e-01
9.187390894801634204e+03 7.343149366234364983e-01
9.187880687713062798e+03 7.344094802379270703e-01
9.188281647872834583e+03 7.336385419146822517e-01
9.188788010679296349e+03 7.334465421598521662e-01
9.189204389949076358e+03 7.320515175206874225e-01
9.189679609427728792e+03 7.321706837638151111e-01
9.190157436134866657e+03 7.311745761491846851e-01
9.190675660081855312e+03 7.306222917264918459e-01
9.191071187057157658e+03 7.295148247308200773e-01
9.191575591366023218e+03 7.289111884416025200e-01
9.191981429350620601e+03 7.277527097374207887e-01
9.192465186162922691e+03 7.272898994862829758e-01
9.192900100201904934e+03 7.257187036253176515e-01
9.193391347926955859e+03 7.251800653925357665e-01
9.193811850934669565e+03 7.234956452735158416e-01
9.194259407222039954e+03 7.225023469756906014e-01
9.194720089910950264e+03 7.217915818569657915e-01
9.195199591373308067e+03 7.212051333551026122e-01
9.195712708983974153e+03 7.201093108100311557e-01
9.196166997859792900e+03 7.199482629486612106e-01
9.196657465262260303e+03 7.191595244904386286e-01
9.197155384314641196e+03 7.195474990092139977e-01
9.197578516648725781e+03 7.193080065986173777e-01
9.198078245462500490e+03 7.198721954711623239e-01
9.198575183591305176e+03 7.208160030563991461e-01
9.198990479343139668e+03 7.220102455740495806e-01
9.199486379688194575e+03 7.231995256263471505e-01
9.199980626480170031e+03 7.246533664445750089e-01
9.200488026254475699e+03 7.268300494341572993e-01
9.201023392315719320e+03 7.293341725760518202e-01
9.201480497352087696e+03 7.312808714430153456e-01
9.201956163817363631e+03 7.348844891260124523e-01
9.202463786823245755e+03 7.369532241210803303e-01
9.202923887531524088e+03 7.399187176274305555e-01
9.203445581931940978e+03 7.429086901190090630e-01
9.203890109940562979e+03 7.459035329992562691e-01
9.204342661833845341e+03 7.489689693151234673e-01
9.204829177458557751e+03 7.506771804573063589e-01
9.205339120612992701e+03 7.538005384214402360e-01
9.205831731050788221e+03 7.552320119325022230e-01
9.206236293545416629e+03 7.576389191661053735e-01
9.206796012628712560e+03 7.594408173852305044e-01
9.207243153654986600e+03 7.612790393103253672e-01
9.207702317963588939e+03 7.616704582369054899e-01
9.208183777873069630e+03 7.629091156662982653e-01
9.208706083278671940e+03 7.638268113891241162e-01
9.209100919119458922e+03 7.643542236439195836e-01
9.209621333777322434e+03 7.641943253249036117e-01
9.210029091077612975e+03 7.641815179254867196e-01
9.210518791122716721e+03 7.642284621341671746e-01
9.210945467214933160e+03 7.634109977345494569e-01
9.211452393910854880e+03 7.641192709018046481e-01
9.211936539419322798e+03 7.633262918064031011e-01
9.212347932783775832e+03 7.634065500164802787e-01
9.212801622534730996e+03 7.618755979777215304e-01
9.213261925992952456e+03 7.613059540754422150e-01
9.213755119751216625e+03 7.607227108072703858e-01
9.214167250740039890e+03 7.597335533421465392e-01
9.214641405169981226e+03 7.583089488351728580e-01
9.215130750667645771e+03 7.578714199634418724e-01
9.215624149374889384e+03 7.558321330481935219e-01
9.216104457994044424e+03 7.551713827308033089e-01
9.216592248015100267e+03 7.535690419371435800e-01
9.217119532204196730e+03 7.523137219236463169e-01
9.217585708602215163e+03 7.505351364644848866e-01
9.218002478603930285e+03 7.491742260733881276e-01
9.218511630687658908e+03 7.468053306717028494e-01
9.218913904424816792e+03 7.448828549591341996e-01
9.219390561000793241e+03 7.431048070053016819e-01
9.219861548421173211e+03 7.407132271536330803e-01
9.220270521007361822e+03 7.382072858352686229e-01
9.220767343986410197e+03 7.359671777428734574e-01
9.221222169570588449e+03 7.335662162053353530e-01
9.221674752334081859e+03 7.308159713881522412e-01
9.222134533750011542e+03 7.281231667686424158e-01
9.222634137911611106e+03 7.252304849533500741e-01
9.223055668387702099e+03 7.218753158302794182e-01
9.223552512607448080e+03 7.190859137427008108e-01
9.224138435648790619e+03 7.150543722128912538e-01
9.224532051578034952e+03 7.117293922976036802e-01
9.225027054550755565e+03 7.089587194045700036e-01
9.225553895961889793e+03 7.054114852271067271e-01
9.226095690638909218e+03 7.015545163959185926e-01
9.226550768341603543e+03 6.985595952316128177e-01
9.227114166101804585e+03 6.947677388495516748e-01
9.227595988661600131e+03 6.915299918050437089e-01
9.228031735836824737e+03 6.882809909087722611e-01
9.228577840123527494e+03 6.846404043498311998e-01
9.229063258048667194e+03 6.811266937058203519e-01
9.229592004723070204e+03 6.781613093321405827e-01
9.230150623483586969e+03 6.747980418917488565e-01
9.230607830950324569e+03 6.712909280790277933e-01
9.231098628138170170e+03 6.684830284024587677e-01
9.231614997593302178e+03 6.659000551307590055e-01
9.232149779013690932e+03 6.627524615663666907e-01
9.232613785561041368e+03 6.600957390633638289e-01
9.233201748738809329e+03 6.567630972672480194e-01
9.233699139417196420e+03 6.546896026872377483e-01
9.234177076275413128e+03 6.523251860396902524e-01
9.234687199237734603e+03 6.503174783609794174e-01
9.235217466957315992e+03 6.489184082899573935e-01
9.235707331349804008e+03 6.467547647721058057e-01
9.236226525164740451e+03 6.453721259923808073e-01
9.236667987379214537e+03 6.443228160792872083e-01
9.237190162649994818e+03 6.423469654624891501e-01
9.237641193911640585e+03 6.417601478896114431e-01
9.238079636083648438e+03 6.411934153270428816e-01
9.238578426640628095e+03 6.400129170197221828e-01
9.239094791835774231e+03 6.393039485391219801e-01
9.239527917902882109e+03 6.391303257053541076e-01
9.240060478699157102e+03 6.389927215480745160e-01
9.240544261550126976e+03 6.381378961017684093e-01
9.241033555520527443e+03 6.388809939089894474e-01
9.241536983204652643e+03 6.378945983566840505e-01
9.242031557898324536e+03 6.381882962791877167e-01
9.242593731855225997e+03 6.386377748915736952e-01
9.243074049438355360e+03 6.386839392854838371e-01
9.243619391149270086e+03 6.393245597360618371e-01
9.244119944620511887e+03 6.396879563304543881e-01
9.244695894173961278e+03 6.394597332674660795e-01
9.245180174234737933e+03 6.400453577747960976e-01
9.245672272096995584e+03 6.401592098735772174e-01
9.246100852218236469e+03 6.402633913804498533e-01
9.246534075889920132e+03 6.402944225910232046e-01
9.246969067375641316e+03 6.402151172231782539e-01
9.247408704525978465e+03 6.401724973640384730e-01
9.247791407836450162e+03 6.402056170617788089e-01
9.248211267801225404e+03 6.400771744667400620e-01
9.248616776202425172e+03 6.397501066862489871e-01
9.248962451218383649e+03 6.396976016449806846e-01
9.249421281406923299e+03 6.394217812037823467e-01
9.249757805699659002e+03 6.395260891208476295e-01
9.250197714442458164e+03 6.397113490967009097e-01
9.250624420793365061e+03 6.395083480038946666e-01
9.251050015591437841e+03 6.391654633053567292e-01
9.251498978056557462e+03 6.393356623832436858e-01
9.251926095376418743e+03 6.389450470743901489e-01
9.252401645713249309e+03 6.394460317028800578e-01
9.252836626557838827e+03 6.393732144237359583e-01
9.253198182242553230e+03 6.392888853490394929e-01
9.253699510503007332e+03 6.390799592896695414e-01
9.254138938772901383e+03 6.389941839108267407e-01
9.254541809579279288e+03 6.391788957230917223e-01
9.255032910982166868e+03 6.394353928304040702e-01
9.255476792672901865e+03 6.390922939284189308e-01
9.255915240698755952e+03 6.387859713410580786e-01
9.256376507411418061e+03 6.394082766660798001e-01
9.256845029604428419e+03 6.397019294917379861e-01
9.257272075826636865e+03 6.385084368965797674e-01
9.257682435762631940e+03 6.394522462527572060e-01
9.258129461920534595e+03 6.388711743558143086e-01
9.258582589672192626e+03 6.399165117583067719e-01
9.259068360756353286e+03 6.394768831351188565e-01
9.259493886031314105e+03 6.400132304726680044e-01
9.259882519355518525e+03 6.398194402077862497e-01
9.260307255590358182e+03 6.401576511741248199e-01
9.260794366362039000e+03 6.404855955102795040e-01
9.261195810470704600e+03 6.402704283154586617e-01
9.261670027961970845e+03 6.411142753588521259e-01
9.262058271020992834e+03 6.412411554954817738e-01
9.262507750893677439e+03 6.418304836847091854e-01
9.263011556312920220e+03 6.419236560481162979e-01
9.263431677662480070e+03 6.421821932831924817e-01
9.263879561328823911e+03 6.426510165454130119e-01
9.264279835319157428e+03 6.432184531341915701e-01
9.264711627995833624e+03 6.431193011227283041e-01
9.265172348568767120e+03 6.436737228893806284e-01
9.265607693184394520e+03 6.440785811945058947e-01
9.265947447080969141e+03 6.449616722589809337e-01
9.266391823588093757e+03 6.447881535782352680e-01
9.266808502322928689e+03 6.458686122071960467e-01
9.267227820419124328e+03 6.458723909440172717e-01
9.267621743176647215e+03 6.458835045948034814e-01
9.268097501916583496e+03 6.473271999553900091e-01
9.268501329102527961e+03 6.472071926537491526e-01
9.268944221815649144e+03 6.469252719476805691e-01
9.269299550237616131e+03 6.477315038144441095e-01
9.269723147413586048e+03 6.479649577667124793e-01
9.270197102775575331e+03 6.484343816734619015e-01
9.270649994832770972e+03 6.490473270996480748e-01
9.271106981654244009e+03 6.492906255596622156e-01
9.271566618092254430e+03 6.491514813594194688e-01
9.271971044183135746e+03 6.500181627230888770e-01
9.272480244280173793e+03 6.501593089466963793e-01
9.272978505710601894e+03 6.496122417685057382e-01
9.273380164008416614e+03 6.504697319337428008e-01
9.273906598672838300e+03 6.499684669107266277e-01
9.274279394256853266e+03 6.510381180748805452e-01
9.274664957372588105e+03 6.507857154274694356e-01
9.275099768370759193e+03 6.510600442978247138e-01
9.275576313582776493e+03 6.505875661411493205e-01
9.275974438086666851e+03 6.508808986943658281e-01
9.276338716468340863e+03 6.510574909618269679e-01
9.276806124482129235e+03 6.511797376513182023e-01
9.277214204736319516e+03 6.511765289946193080e-01
9.277642018889006067e+03 6.510574909618271899e-01
9.278080302357777327e+03 6.509197044309551483e-01
9.278540067591622574e+03 6.508406543047883241e-01
9.278951491282135976e+03 6.509798922476371930e-01
9.279470170148335455e+03 6.511098654305089717e-01
9.279883127334807796e+03 6.510961833003366950e-01
9.280381044350722732e+03 6.514366919785750110e-01
9.280805969068920604e+03 6.510141128641763197e-01
9.281297029924178787e+03 6.511510504319329984e-01
9.281771038174969362e+03 6.516116515582125457e-01
9.282214070515039566e+03 6.510961833003368060e-01
9.282704413982897677e+03 6.512657753074673206e-01
9.283110705608718490e+03 6.512466980495484892e-01
9.283619128931488376e+03 6.513798749897858897e-01
9.284033334511954308e+03 6.511510504319329984e-01
9.284548823855420778e+03 6.515498634112738552e-01
9.284961953847996483e+03 6.510356952098182992e-01
9.285483932425391686e+03 6.510475477499958474e-01
9.285886120325363663e+03 6.513459595503078292e-01
9.286376280641974517e+03 6.512310479849917622e-01
9.286832244042696402e+03 6.513268514027340528e-01
9.287283608786628974e+03 6.511348045553065900e-01
9.287765791422069015e+03 6.512466980495484892e-01
9.288192570168357634e+03 6.507996327308530615e-01
9.288695175401653614e+03 6.511480446885274942e-01
9.289108683272281269e+03 6.512276034015286319e-01
9.289592221669076025e+03 6.508188067480300543e-01
9.290051703500383155e+03 6.507631022581560343e-01
9.290503098219145613e+03 6.507227626107960905e-01
9.290978360235649234e+03 6.507846376590408211e-01
9.291443793411319348e+03 6.509161606295174041e-01
9.291897651254317680e+03 6.510934519384934394e-01
9.292361435094027911e+03 6.503160325565954247e-01
9.292815965994243015e+03 6.506847412605083480e-01
9.293306875621208746e+03 6.507041230501920959e-01
9.293720513284193657e+03 6.507249597839653843e-01
9.294158899892021509e+03 6.502142081749537894e-01
9.294619716602928747e+03 6.504124705677017948e-01
9.295080580098025166e+03 6.496817602492955812e-01
9.295495833460372523e+03 6.500242679181256200e-01
9.295919849824142148e+03 6.496122417685057382e-01
9.296363393540819743e+03 6.495722979841210831e-01
9.296874758691885290e+03 6.486146066431547341e-01
9.297298322012276913e+03 6.484701673968761293e-01
9.297714069214147457e+03 6.479855724014171869e-01
9.298177865730303893e+03 6.479922654932470660e-01
9.298621339068129600e+03 6.466907397367335220e-01
9.299096869747530945e+03 6.462458009084809385e-01
9.299572741289657642e+03 6.452542201657868182e-01
9.300016350856665667e+03 6.443459396787458715e-01
9.300526089617704201e+03 6.437376295636505485e-01
9.300960766424128451e+03 6.427431703572787924e-01
9.301441492290457973e+03 6.418771639107307969e-01
9.301905087157239905e+03 6.406731090839710152e-01
9.302393194181302533e+03 6.398922770244014346e-01
9.302847565266300080e+03 6.384690036138270797e-01
9.303294699119151119e+03 6.374388679632778665e-01
9.303712743527910789e+03 6.367655261190021676e-01
9.304153552563464473e+03 6.358327239639648409e-01
9.304590907683123078e+03 6.346985105542116701e-01
9.305002077361807096e+03 6.331517390517746868e-01
9.305426107734674588e+03 6.325501887773589127e-01
9.305906140371367655e+03 6.309930052933350186e-01
9.306339291652342581e+03 6.298189738090234080e-01
9.306751494120549978e+03 6.291418505840330466e-01
9.307209216753501096e+03 6.276958072851904769e-01
9.307700226531896988e+03 6.268195140683738842e-01
9.308159502797774621e+03 6.252288997807408100e-01
9.308638074284735922e+03 6.240761565974743963e-01
9.309075277764144630e+03 6.225403060744021388e-01
9.309583408276550472e+03 6.215186039000576423e-01
9.309995904995152159e+03 6.200951926986520979e-01
9.310514058560847843e+03 6.187392034038901034e-01
9.310933642825782954e+03 6.177254354999394126e-01
9.311439646412036382e+03 6.165947515826710745e-01
9.311869531057081986e+03 6.152208757927863925e-01
9.312360752456663249e+03 6.138978089058048093e-01
9.312797730157313708e+03 6.125407596378584785e-01
9.313315911091003727e+03 6.115693339761908431e-01
9.313754148471514782e+03 6.105116605911933281e-01
9.314202064274240911e+03 6.090716285901488503e-01
9.314700546546768237e+03 6.070725717887023309e-01
9.315135704600899771e+03 6.070019794581646977e-01
9.315696798657765612e+03 6.047398052049349770e-01
9.316120366808399922e+03 6.043301112249306328e-01
9.316635128210924449e+03 6.023896039187089935e-01
9.317048849271830477e+03 6.021447195074617342e-01
9.317573651282231367e+03 6.012537759730069986e-01
9.317974014219573291e+03 6.001884456040041949e-01
9.318505060858342404e+03 5.988689165249374557e-01
9.318919828870259153e+03 5.982679423697019327e-01
9.319397487342006571e+03 5.973877980827977385e-01
9.319871687493594436e+03 5.959834321062975615e-01
9.320296229164610850e+03 5.958608004303819206e-01
9.320814972244637829e+03 5.947216022858754503e-01
9.321238432057396494e+03 5.948247894179083950e-01
9.321683575230843417e+03 5.940916780254583696e-01
9.322169421751110349e+03 5.934529330770388356e-01
9.322607927384675349e+03 5.931084567260622720e-01
9.323047645545937485e+03 5.926593003204488896e-01
9.323486235758397015e+03 5.921142505637809750e-01
9.323904676732205189e+03 5.919522649908427470e-01
9.324379346528910901e+03 5.914618568688702060e-01
9.324849968133672519e+03 5.913421831584217969e-01
9.325316833004109867e+03 5.905721820235453334e-01
9.325794870252431792e+03 5.899264991837589456e-01
9.326218793379297495e+03 5.897521295247347695e-01
9.326667644490173188e+03 5.895832707468233735e-01
9.327154022978007561e+03 5.893667377283009490e-01
9.327592130168493895e+03 5.886344818244584332e-01
9.328078607361230752e+03 5.885330380300175523e-01
9.328533793199861975e+03 5.876458297494321359e-01
9.329000742778349377e+03 5.873648129658902706e-01
9.329468912157402883e+03 5.866637001574951382e-01
9.329966138434445384e+03 5.862966292380963340e-01
9.330390742879693789e+03 5.857182173801304126e-01
9.330892758998008503e+03 5.851056981488611530e-01
9.331343243177792829e+03 5.845895207992871656e-01
9.331785857201110048e+03 5.838188688224942302e-01
9.332295356216554865e+03 5.826644830101547212e-01
9.332725162034337700e+03 5.819462090992024716e-01
9.333139467523391431e+03 5.813063046866110417e-01
9.333612167749177388e+03 5.806090955615808014e-01
9.334102807344534085e+03 5.795859100675699871e-01
9.334568567891372368e+03 5.787304924674547824e-01
9.335046696525418156e+03 5.776811000565652554e-01
9.335496417855923937e+03 5.766272758313174540e-01
9.335896598585415632e+03 5.761263701122947278e-01
9.336431499071561120e+03 5.740639236828087855e-01
9.336842326458488969e+03 5.734368100186335582e-01
9.337369120001822012e+03 5.723909794241456295e-01
9.337795001483562373e+03 5.716917206512981409e-01
9.338304291708644087e+03 5.703110770521707673e-01
9.338727324684474297e+03 5.692131910416926566e-01
9.339255804052972962e+03 5.677762022108234774e-01
9.339715630906093793e+03 5.668613496089387471e-01
9.340180790275147956e+03 5.659884607036028692e-01
9.340649521545527023e+03 5.647463962047957198e-01
9.341102145490294788e+03 5.641833428693443508e-01
9.341623262007395169e+03 5.631456186389471874e-01
9.342057767098192926e+03 5.622588836563898740e-01
9.342575760619865832e+03 5.613808057496381121e-01
9.343009180974582705e+03 5.610553275314247301e-01
9.343492897302658093e+03 5.605041767527725316e-01
9.343986364286372918e+03 5.606839739013316226e-01
9.344435203991237358e+03 5.596749893089117966e-01
9.344962874879760420e+03 5.591526105301991567e-01
9.345369178928947804e+03 5.585464597280207499e-01
9.345910189794823964e+03 5.582073369983646671e-01
9.346320107017461851e+03 5.583768862696290025e-01
9.346853289715456413e+03 5.586179303114620076e-01
9.347253879396415869e+03 5.579696970287538749e-01
9.347787171144078457e+03 5.580986026061733885e-01
9.348196668521772153e+03 5.580133661556991864e-01
9.348737720283828821e+03 5.578592443606457119e-01
9.349157601791579509e+03 5.581259631611834582e-01
9.349662275703687556e+03 5.575449650790156308e-01
9.350185841855967738e+03 5.579831345115374708e-01
9.350584369189322388e+03 5.577757518026744687e-01
9.351079780660789766e+03 5.578476493242487955e-01
9.351563469476959654e+03 5.575092921301580962e-01
9.351972127813000043e+03 5.570020285764050172e-01
9.352504792863144758e+03 5.569980615343964603e-01
9.352910001452344659e+03 5.567226261736023529e-01
9.353446899282726008e+03 5.573269873822682685e-01
9.353939970190145687e+03 5.562556086542563838e-01
9.354397448543122664e+03 5.564203298639820439e-01
9.354819323644020187e+03 5.560675878793255311e-01
9.355345249023819633e+03 5.555125660661178744e-01
9.355839408850610198e+03 5.557062278864465243e-01
9.356274679139900400e+03 5.551635251619387867e-01
9.356804603724302069e+03 5.548096175326944213e-01
9.357219921266587335e+03 5.549968420791281387e-01
9.357762927016636240e+03 5.548251522401321800e-01
9.358186292203236007e+03 5.550880996079375906e-01
9.358685182278561115e+03 5.549737513904472452e-01
9.359204180076963894e+03 5.542762511634221623e-01
9.359620600448755795e+03 5.547513303393647455e-01
9.360134100157287321e+03 5.548072405829834741e-01
9.360598983625013716e+03 5.543194770790866865e-01
9.361073945106938481e+03 5.546282464243836863e-01
9.361588493204972110e+03 5.544148996598873280e-01
9.361997458610932881e+03 5.539460763976670199e-01
9.362516537349711143e+03 5.545885954925229289e-01
9.362934735152191934e+03 5.534669675788087551e-01
9.363434733867799878e+03 5.540587557063945123e-01
9.363892277623805057e+03 5.540128715646176483e-01
9.364337172107940205e+03 5.539793239759538412e-01
9.364832304623520031e+03 5.536726712046070586e-01
9.365351114539389528e+03 5.537858977374010561e-01
9.365851082083967412e+03 5.538240965477442268e-01
9.366353467165767142e+03 5.530691197091083255e-01
9.366787080762329424e+03 5.532725269150772229e-01
9.367303748966452986e+03 5.532632299287431055e-01
9.367738634423476469e+03 5.529422063977372792e-01
9.368230589318100101e+03 5.532933221959356329e-01
9.368758945712583227e+03 5.531515660257609879e-01
9.369262241206453837e+03 5.528455974909289861e-01
9.369699381841841387e+03 5.524295639250160761e-01
9.370195686073651814e+03 5.526314446575331107e-01
9.370711260963431414e+03 5.528578038303786357e-01
9.371228076630037322e+03 5.520685823000396342e-01
9.371728686551503415e+03 5.526937073454020188e-01
9.372224027848695187e+03 5.519196009596769592e-01
9.372670620261300428e+03 5.521808094479045970e-01
9.373177303990883956e+03 5.522417274827076117e-01
9.373698243956509032e+03 5.524295639250160761e-01
9.374211846413410967e+03 5.520439654005370178e-01
9.374651531137113125e+03 5.516966968364752644e-01
9.375162281185797838e+03 5.521188765212443617e-01
9.375664209250489876e+03 5.513150446523568116e-01
9.376087753836909542e+03 5.516674692058403107e-01
9.376592447536520922e+03 5.516775803841942327e-01
9.377090387535126865e+03 5.515778773737075591e-01
9.377627761622035905e+03 5.513717181603405848e-01
9.378131736627636201e+03 5.513031881160570524e-01
9.378607632299394027e+03 5.509612933649220556e-01
9.379085354511378682e+03 5.512678515905224952e-01
9.379562534096212403e+03 5.505874538614776714e-01
9.380022284823580776e+03 5.513091626593118466e-01
9.380539559524393553e+03 5.502669031451752346e-01
9.380956147339540621e+03 5.507436649135503126e-01
9.381488048121907923e+03 5.504579442516936982e-01
9.381916576874371458e+03 5.504630904156143645e-01
9.382455109984462979e+03 5.503774392565683460e-01
9.382892918519584782e+03 5.499822055782634944e-01
9.383379981472851796e+03 5.493294053555252132e-01
9.383885182377938690e+03 5.494777782002698840e-01
9.384341512026472628e+03 5.491891531913734026e-01
9.384781873163696218e+03 5.492011968228837082e-01
9.385293753462530731e+03 5.488940357412820381e-01
9.385849294243116674e+03 5.492064202276594198e-01
9.386382356321570114e+03 5.485298467555133062e-01
9.386885811286729222e+03 5.482657293090495987e-01
9.387396739584954048e+03 5.480166520920707329e-01
9.387907131288924575e+03 5.475403482011894640e-01
9.388385526699012189e+03 5.476642753895385463e-01
9.388950940435677694e+03 5.473055614130279967e-01
9.389489409685731516e+03 5.467146428869366082e-01
9.389905326933687320e+03 5.472850285719135233e-01
9.390445095890750963e+03 5.462021617291350495e-01
9.390871492937863877e+03 5.462846166352102184e-01
9.391354058280066965e+03 5.457900051210849979e-01
9.391847366750540459e+03 5.453555033850755462e-01
9.392273894119838587e+03 5.453048047022760469e-01
9.392768786831293255e+03 5.449239580467248878e-01
9.393274428613933196e+03 5.451916152500668744e-01
9.393794091515603213e+03 5.447436429882550613e-01
9.394239818403468234e+03 5.439205976743041182e-01
9.394789607844011698e+03 5.439064942302428429e-01
9.395285960809851531e+03 5.433349023312851189e-01
9.395773746751801809e+03 5.431255652761003416e-01
9.396289827785236412e+03 5.425052164987320680e-01
9.396814292131301045e+03 5.422004299876183042e-01
9.397319784981871635e+03 5.421836207667517504e-01
9.397834552826037907e+03 5.413477832643369680e-01
9.398307440689741270e+03 5.413245548232803461e-01
9.398759852578354185e+03 5.404744989862897420e-01
9.399295606339257574e+03 5.395701177409752969e-01
9.399771322384027371e+03 5.395750370519767358e-01
9.400289638221507630e+03 5.387604010975446389e-01
9.400824975270430514e+03 5.383521380359476138e-01
9.401301742603360253e+03 5.375709837414659464e-01
9.401834816353119095e+03 5.367453448051044962e-01
9.402369738114892243e+03 5.366463233877334371e-01
9.402826420660972872e+03 5.356372060787082390e-01
9.403412970043576934e+03 5.350028852012170821e-01
9.403918594012882750e+03 5.340547328219079626e-01
9.404395384653991641e+03 5.337044061509217396e-01
9.404930604594483157e+03 5.327697054804093613e-01
9.405452481713055022e+03 5.320836845452211472e-01
9.405947902774883914e+03 5.314072235660638466e-01
9.406460062818739971e+03 5.310283310835102188e-01
9.406948738745006267e+03 5.295890936307915409e-01
9.407448195381102778e+03 5.289092991992858650e-01
9.407970060369631028e+03 5.284489816759034841e-01
9.408444886780051093e+03 5.277691146524441379e-01
9.408925724571865430e+03 5.268837769349654643e-01
9.409427781232236157e+03 5.259660184065699795e-01
9.409890234648413752e+03 5.247547634789617721e-01
9.410404325138044442e+03 5.240761052524993691e-01
9.410838842018269133e+03 5.229961593862458846e-01
9.411364671288705722e+03 5.224333228689408415e-01
9.411796892488449885e+03 5.215098268194975351e-01
9.412332676454167085e+03 5.207247344967315117e-01
9.412758722947328351e+03 5.195286209307810044e-01
9.413279102167076417e+03 5.187747912204137002e-01
9.413755372355331929e+03 5.184157930326663832e-01
9.414305113909733336e+03 5.171124814081925480e-01
9.414823578590850957e+03 5.160008881985495011e-01
9.415245974986051806e+03 5.150248138685881161e-01
9.415757678812302402e+03 5.145860794515270120e-01
9.416264662055966255e+03 5.135354365344140248e-01
9.416818585690883992e+03 5.134695382973593070e-01
9.417338528318086901e+03 5.123536308186887878e-01
9.417879438501080585e+03 5.115465177056571777e-01
9.418369926653174844e+03 5.107455565094526362e-01
9.418887056939081958e+03 5.100265825728581559e-01
9.419315802294007881e+03 5.093840089079593181e-01
9.419851566029947207e+03 5.085140369090861423e-01
9.420359000444428602e+03 5.083017640778204616e-01
9.420787882915543378e+03 5.068557892550796806e-01
9.421345938247131926e+03 5.072732221616228498e-01
9.421823940859381764e+03 5.062698072301300423e-01
9.422283157080591991e+03 5.055800228011406716e-01
9.422808800604692806e+03 5.050610087579886498e-01
9.423303402825007652e+03 5.048233944049637101e-01
9.423902439030962341e+03 5.040842013546361633e-01
9.424389381581042471e+03 5.038803198327487243e-01
9.424971806157682295e+03 5.036399641051163556e-01
9.425564177874297457e+03 5.024409803572259525e-01
9.426034838597937778e+03 5.027225668737141939e-01
9.426636624290129475e+03 5.015581610969139792e-01
9.427130739832884501e+03 5.014516817927558989e-01
9.427648555562433103e+03 5.011721920653477991e-01
9.428197563653460747e+03 5.010274810938019074e-01
9.428728373580870539e+03 5.001123777125418002e-01
9.429334104497735098e+03 4.997495611667841509e-01
9.429858157414311790e+03 4.993015542477231006e-01
9.430437380078004935e+03 4.987243964870219370e-01
9.430956765708428065e+03 4.980986077645188637e-01
9.431377049631410046e+03 4.979774812881416213e-01
9.431815348025662388e+03 4.974292044845932681e-01
9.432301030121645454e+03 4.974868618544757148e-01
9.432713945088406035e+03 4.972795999013542301e-01
9.433172150194268397e+03 4.972221238885931593e-01
9.433720318023482832e+03 4.966231801675796698e-01
9.434160338042220246e+03 4.960578439082915514e-01
9.434612991004682044e+03 4.956386457973165349e-01
9.435085776009858819e+03 4.953336298985738795e-01
9.435580798177779798e+03 4.947632457558615027e-01
9.435996405972422508e+03 4.938342585582544686e-01
9.436516418253488155e+03 4.942104141810531037e-01
9.436954605605460529e+03 4.933641135645123188e-01
9.437387435212605851e+03 4.928914817728556885e-01
9.437869504626523849e+03 4.925851559447730343e-01
9.438308120570964093e+03 4.920493719490298679e-01
9.438681967080248796e+03 4.922590228809969881e-01
9.439134463894308283e+03 4.911777144888709312e-01
9.439559095102536958e+03 4.910105884827895006e-01
9.439957953931043448e+03 4.903076827789050740e-01
9.440413877697728822e+03 4.900119919897155674e-01
9.440875550167294932e+03 4.895980434824186434e-01
9.441256209546987520e+03 4.895860270235671274e-01
9.441709559396227633e+03 4.884677689092596919e-01
9.442124518627062571e+03 4.884404126373376731e-01
9.442514590303891964e+03 4.877853115219140112e-01
9.442964459855102177e+03 4.875416848119459856e-01
9.443399956129229395e+03 4.875878688301249486e-01
9.443871840198095015e+03 4.860100685435700396e-01
9.444358493011417522e+03 4.858340848972914072e-01
9.444837986329786872e+03 4.849094791396654780e-01
9.445328346794583922e+03 4.849487538142479015e-01
9.445795619841203006e+03 4.841719688788813647e-01
9.446267448329435865e+03 4.830233424540388287e-01
9.446766977909823254e+03 4.826981674805715938e-01
9.447236500826489646e+03 4.823024945830677312e-01
9.447707875310701638e+03 4.820416078052146558e-01
9.448109543579159435e+03 4.813249593692930373e-01
9.448528987480089199e+03 4.806663349897756232e-01
9.448925314282849286e+03 4.801044834536483674e-01
9.449414906029063786e+03 4.797181944488668193e-01
9.449792961700492015e+03 4.788925766629817393e-01
9.450232411356788361e+03 4.785118780764860413e-01
9.450644828220258205e+03 4.778065044999116884e-01
9.451064201576549749e+03 4.776812101447697745e-01
9.451528444746738387e+03 4.766717597794499772e-01
9.451956323899355993e+03 4.765133210063125513e-01
9.452421860505815857e+03 4.761175191347313818e-01
9.452941619685749174e+03 4.752694209622889132e-01
9.453360900586252683e+03 4.745092209161284602e-01
9.453872637371949168e+03 4.740584946703588209e-01
9.454317593412099086e+03 4.735728222500285023e-01
9.454851717660045324e+03 4.731379814342189238e-01
9.455320256268712910e+03 4.724357342143480354e-01
9.455768965656337969e+03 4.719705755969871297e-01
9.456209887648210497e+03 4.713468127922033069e-01
9.456749351473754359e+03 4.712002310398258342e-01
9.457167170462424110e+03 4.706772567552098829e-01
9.457713073079146852e+03 4.700036292457357434e-01
9.458145743681627209e+03 4.702917168263521241e-01
9.458682118605907817e+03 4.690994915648809549e-01
9.459107044039385073e+03 4.693323917463037009e-01
9.459639612116996432e+03 4.684981716787549044e-01
9.460070352955766793e+03 4.682361269344865184e-01
9.460552384153952516e+03 4.678124217763252046e-01
9.461048033350145488e+03 4.676423530600558043e-01
9.461483729950439738e+03 4.676941593970729838e-01
9.462039491133347838e+03 4.668879207345705828e-01
9.462453566071684691e+03 4.666455066368406235e-01
9.462983503371597180e+03 4.667428610357305940e-01
9.463423303928775567e+03 4.655860670823896985e-01
9.463930121856928963e+03 4.653900109122229289e-01
9.464399883053758458e+03 4.653278251258374798e-01
9.464839818292639393e+03 4.641749375731663019e-01
9.465379082675764948e+03 4.640130251085785029e-01
9.465802511128262267e+03 4.636646904019055548e-01
9.466340076623451750e+03 4.630663182137197409e-01
9.466773856914862336e+03 4.631208258607769079e-01
9.467260512012238905e+03 4.622735264944810019e-01
9.467690453383704153e+03 4.620468490533387595e-01
9.468155161058379235e+03 4.618387685446107005e-01
9.468600587451370302e+03 4.613211858722181535e-01
9.469060252033117649e+03 4.608152031913293478e-01
9.469522076677403675e+03 4.604580274109628668e-01
9.469980322337756661e+03 4.603999399546138127e-01
9.470393597932004923e+03 4.597898086577323351e-01
9.470877310161464266e+03 4.594930219748856182e-01
9.471336596527640722e+03 4.592123293757093827e-01
9.471851534890945914e+03 4.587077813607010612e-01
9.472303664142462367e+03 4.579866421317551062e-01
9.472752210310947703e+03 4.579935943882034177e-01
9.473214101096496961e+03 4.575576831856840165e-01
9.473652758622281908e+03 4.574296582123446586e-01
9.474191236552896953e+03 4.567584024957149214e-01
9.474619705326311305e+03 4.568834259377730911e-01
9.475147105928703240e+03 4.563595690781590553e-01
9.475566589535552339e+03 4.556929514985830765e-01
9.476111642286052302e+03 4.557318497446661287e-01
9.476542103848731131e+03 4.553477273224802446e-01
9.477078194830564826e+03 4.547218430793192323e-01
9.477528111380075643e+03 4.548957358274857143e-01
9.478001675319172136e+03 4.543203477503779952e-01
9.478496170091042586e+03 4.539074554144045814e-01
9.478989506934094607e+03 4.538023270968069567e-01
9.479443544305320756e+03 4.536071841149251771e-01
9.479860389779612888e+03 4.536102045083194589e-01
9.480355991247768543e+03 4.529902499710097841e-01
9.480830449880537344e+03 4.527275142745557646e-01
9.481349775851364029e+03 4.529043509760543040e-01
9.481821610474273257e+03 4.527217720268296719e-01
9.482263203969951064e+03 4.521211550304629623e-01
9.482756941981326236e+03 4.518153127422925852e-01
9.483284966643775988e+03 4.517525926409747816e-01
9.483735789161870343e+03 4.517125977662386771e-01
9.484255137715634191e+03 4.516827196280566725e-01
9.484698175283740056e+03 4.510401673769698361e-01
9.485160046106100708e+03 4.509581484371317228e-01
9.485695316170154911e+03 4.509082989258773599e-01
9.486131215919482202e+03 4.512019983519042210e-01
9.486661747247813764e+03 4.500245376436474709e-01
9.487128058607659113e+03 4.502658386768058629e-01
9.487582893785696797e+03 4.500519039919216313e-01
9.488086903256506048e+03 4.498422179474732552e-01
9.488544562183275048e+03 4.494361553653681840e-01
9.488972843242007002e+03 4.496347862904983561e-01
9.489486104640500344e+03 4.493387219814242162e-01
9.489975151187814845e+03 4.492111030196539456e-01
9.490406295148497520e+03 4.489742069031076865e-01
9.490941260626734220e+03 4.487931848717011118e-01
9.491387061732059010e+03 4.481801250976315543e-01
9.491894823398128210e+03 4.483964006579813644e-01
9.492368339210872364e+03 4.477565015525352687e-01
9.492876208264538946e+03 4.486111875487854284e-01
9.493348002534876287e+03 4.479728776261539536e-01
9.493807091646593108e+03 4.481999287812409860e-01
9.494301756332388322e+03 4.470969771421430261e-01
9.494731176525978299e+03 4.471835616754567533e-01
9.495251757525098583e+03 4.472390303538016365e-01
9.495735032862492517e+03 4.473060735560382972e-01
9.496209244429004684e+03 4.471479050087074358e-01
9.496702645993547776e+03 4.460037974994475740e-01
9.497262343505846729e+03 4.463316616059467834e-01
9.497702370244089252e+03 4.456552467880790513e-01
9.498194714779559945e+03 4.459038309578227111e-01
9.498688023416054421e+03 4.457902662965415042e-01
9.499108121744024174e+03 4.449047885933469226e-01
9.499599703274952844e+03 4.455264705214106447e-01
9.500040863714668376e+03 4.451605423717139298e-01
9.500574203888350894e+03 4.447236112999961022e-01
9.500997209908837249e+03 4.449988147622724877e-01
9.501461009881333666e+03 4.439591559154700273e-01
9.501946756938401450e+03 4.440574473011504320e-01
9.502445331625898689e+03 4.437318904332575586e-01
9.502880069146905953e+03 4.435971410601967646e-01
9.503377831192341546e+03 4.437016902926088080e-01
9.503881124052331870e+03 4.433826310945759297e-01
9.504322995613278181e+03 4.428970916908869793e-01
9.504860175689020252e+03 4.428628224941230096e-01
9.505283267732875174e+03 4.425130422134362917e-01
9.505776720853074949e+03 4.426764561890326743e-01
9.506268704065545535e+03 4.420684623567363025e-01
9.506835645342822318e+03 4.415180394518941620e-01
9.507348753317157389e+03 4.416223367075106654e-01
9.507825370215659859e+03 4.411229450801851248e-01
9.508346506979429250e+03 4.404561823176265101e-01
9.508792154184466199e+03 4.406749183514706014e-01
9.509235102211809135e+03 4.397158515708300408e-01
9.509777420668371633e+03 4.397404824499788756e-01
9.510222900337485044e+03 4.393748719534599223e-01
9.510747353468221263e+03 4.389851244648768080e-01
9.511201764814097260e+03 4.388598091140891166e-01
9.511668717966656914e+03 4.383486999780615290e-01
9.512099441522710549e+03 4.379960799925519122e-01
9.512646362457493524e+03 4.373795551931929926e-01
9.513127791460923618e+03 4.371009434270152760e-01
9.513620858118412798e+03 4.361556012377605374e-01
9.514042918343939164e+03 4.360073402292605205e-01
9.514575122563481273e+03 4.358712509915323441e-01
9.515023807346913600e+03 4.352324126501738721e-01
9.515569546891907521e+03 4.344492154438383547e-01
9.515988122775939701e+03 4.346355792826259723e-01
9.516538857597024617e+03 4.338442631200842836e-01
9.516952943269874595e+03 4.329810755692990454e-01
9.517482428522163900e+03 4.328446800786048820e-01
9.518011363565557986e+03 4.323171431882194549e-01
9.518464348226916627e+03 4.314683541683173029e-01
9.518974161324822489e+03 4.308009860412263525e-01
9.519484030272200471e+03 4.309282015786897735e-01
9.519930135083148343e+03 4.298609154667075716e-01
9.520472785629510327e+03 4.292135526251352196e-01
9.520901270793716321e+03 4.287511325040110344e-01
9.521398216381177917e+03 4.283948445364024193e-01
9.521898880849521447e+03 4.276158508957532134e-01
9.522338495813390182e+03 4.270397733960174524e-01
9.522867066324617554e+03 4.266631308266155553e-01
9.523316245651658392e+03 4.257159490446194017e-01
9.523828424065539366e+03 4.253633333520920878e-01
9.524296034696124480e+03 4.245201516668511421e-01
9.524794565450940354e+03 4.235731832288881504e-01
9.525278169876444736e+03 4.230930062113779644e-01
9.525779863182207919e+03 4.228444289998640193e-01
9.526255619853904136e+03 4.217526939920384632e-01
9.526744268869835651e+03 4.213261525602238766e-01
9.527255295231407217e+03 4.212245781013247425e-01
9.527703674522026631e+03 4.200057020055963930e-01
9.528140167029230724e+03 4.193814789950328081e-01
9.528636967895261478e+03 4.191316733162335217e-01
9.529136575387778066e+03 4.186821992633731337e-01
9.529569836276818023e+03 4.179274378163149728e-01
9.530080866645424976e+03 4.172493594910885450e-01
9.530573283649771838e+03 4.169506407978176843e-01
9.530987394905721885e+03 4.163734448723026560e-01
9.531506845896745290e+03 4.161148360248224098e-01
9.531998495152951364e+03 4.158499075954220636e-01
9.532426204837222031e+03 4.148093123564743911e-01
9.532981643058756163e+03 4.146233263978782446e-01
9.533465179275983246e+03 4.137286423230780441e-01
9.533934064378498078e+03 4.132804231981563881e-01
9.534496727496290987e+03 4.121967544319177779e-01
9.534914250878155144e+03 4.125927220323964417e-01
9.535470598385598350e+03 4.118323033015569012e-01
9.535973390212042432e+03 4.108572205748906581e-01
9.536459688359704160e+03 4.107757950454020701e-01
9.536972394063794127e+03 4.107645375746629135e-01
9.537412820478184585e+03 4.098275509164664432e-01
9.537935133683748063e+03 4.097295068946217311e-01
9.538420103592723535e+03 4.093678982314402637e-01
9.538838898207761304e+03 4.085467746455724303e-01
9.539362904308185534e+03 4.085445846623367849e-01
9.539848636024717052e+03 4.076981700926969321e-01
9.540269092380602160e+03 4.067695850200949703e-01
9.540834054020166150e+03 4.069924537613610616e-01
9.541253678927987494e+03 4.059398292184325241e-01
9.541815078282996183e+03 4.060578412178066920e-01
9.542248291606301791e+03 4.054651081081642183e-01
9.542799377438510419e+03 4.052293424581274173e-01
9.543245264552031585e+03 4.045143117446420300e-01
9.543739380558201447e+03 4.040516803110172916e-01
9.544254421742427439e+03 4.037036139059944073e-01
9.544736058159358436e+03 4.029735602807136829e-01
9.545294192347982971e+03 4.024023185776187117e-01
9.545713297366390179e+03 4.025045991070857476e-01
9.546268170465727962e+03 4.021546297951331672e-01
9.546764449318832703e+03 4.018109518642939415e-01
9.547273067039395755e+03 4.013326268744348280e-01
9.547770681474496087e+03 4.006395823552733049e-01
9.548236398333787292e+03 4.000322377709825683e-01
9.548746712685629973e+03 4.001712894984490454e-01
9.549235880295689640e+03 3.993387930000794062e-01
9.549707582266299141e+03 3.992006824449925717e-01
9.550271228726725894e+03 3.986343195648155979e-01
9.550701231610337345e+03 3.985087633671507423e-01
9.551253623642103776e+03 3.976338484017969410e-01
9.551672649039073804e+03 3.970024341894308750e-01
9.552223003620472809e+03 3.969474672066350962e-01
9.552691624775568926e+03 3.967417237786918238e-01
9.553187049042695435e+03 3.960444072528704340e-01
9.553723741065352442e+03 3.955542242087106142e-01
9.554186668233465753e+03 3.961462556513674627e-01
9.554699786621173189e+03 3.948904589867369697e-01
9.555202192729590024e+03 3.943972488700961954e-01
9.555751116998568250e+03 3.941814905061371554e-01
9.556269946626562160e+03 3.935097686833928798e-01
9.556709735228749196e+03 3.932421516734336819e-01
9.557232672806261689e+03 3.929729720421908934e-01
9.557708569149404866e+03 3.924265066285326786e-01
9.558133715462558030e+03 3.921268970259367270e-01
9.558681752551256068e+03 3.917423668888541655e-01
9.559124847483994017e+03 3.909279236142744196e-01
9.559619414427801530e+03 3.909797815232839424e-01
9.560127893645369113e+03 3.905004996352552937e-01
9.560574822012740697e+03 3.902298433066932470e-01
9.561110822774729968e+03 3.897661985650604510e-01
9.561565855549137268e+03 3.893758670072502426e-01
9.562090569158677681e+03 3.888397179094335576e-01
9.562555866530949061e+03 3.882747181211861909e-01
9.563062199645952205e+03 3.880632091216978385e-01
9.563592629276385196e+03 3.876158789495213752e-01
9.564134833062134931e+03 3.870557238099096020e-01
9.564641028854837714e+03 3.869569073043738205e-01
9.565157454335612783e+03 3.861493188088727102e-01
9.565706006882037400e+03 3.855239190825125450e-01
9.566239820434793728e+03 3.854411561831831423e-01
9.566800837462391428e+03 3.853568785648189832e-01
9.567294057528011763e+03 3.844635736254958802e-01
9.567780542505075573e+03 3.844116989103318893e-01
9.568306262268321007e+03 3.835608648567181422e-01
9.568716019095594675e+03 3.831497945959354556e-01
9.569290294421747603e+03 3.829455352908313071e-01
9.569700446051750987e+03 3.825508485852884277e-01
9.570221134246608926e+03 3.821594622831616106e-01
9.570708232310475069e+03 3.816377720276066809e-01
9.571149689424117241e+03 3.812485726512789830e-01
9.571706663949082213e+03 3.809969178470299922e-01
9.572152847113447933e+03 3.802925561081577088e-01
9.572677514106226226e+03 3.799437089519468458e-01
9.573186796868230886e+03 3.796527228007610111e-01
9.573652890101722733e+03 3.792352427515733870e-01
9.574235803594243407e+03 3.784457990599612298e-01
9.574657820170807099e+03 3.783845991749979487e-01
9.575192346707000979e+03 3.779061477425142979e-01
9.575716427329001817e+03 3.770095559882504221e-01
9.576240257542949621e+03 3.772451549998245834e-01
9.576772182859982422e+03 3.766406169288289418e-01
9.577323334807819265e+03 3.760155522035623643e-01
9.577866204044881670e+03 3.750365614708533468e-01
9.578388728729916693e+03 3.752091348847252927e-01
9.578821324326989270e+03 3.747149564365618302e-01
9.579389417956366742e+03 3.739388544613904686e-01
9.579891389245774917e+03 3.741721182974458992e-01
9.580415686548582016e+03 3.730057583642323871e-01
9.580930761376601367e+03 3.726210454754644852e-01
9.581460434897395317e+03 3.724129962720366116e-01
9.582006878147527459e+03 3.719319702961417784e-01
9.582542243911315381e+03 3.713369059087255342e-01
9.583038672359311022e+03 3.710807519177142244e-01
9.583522771679818106e+03 3.705962824573404979e-01
9.584038497695970364e+03 3.702099102873175895e-01
9.584562020728517382e+03 3.695552288347160319e-01
9.585099226660553541e+03 3.690383919580658700e-01
9.585623177850553475e+03 3.685374792485525686e-01
9.586162053981028293e+03 3.682482855293787716e-01
9.586713382162542985e+03 3.678828828924450844e-01
9.587172458794360864e+03 3.674623886882685264e-01
9.587695712271128286e+03 3.666554705104853040e-01
9.588235756211230182e+03 3.665677682420575012e-01
9.588673599957941406e+03 3.663895091418635785e-01
9.589224603677559571e+03 3.659779637095019744e-01
9.589668738717191445e+03 3.655366242886862738e-01
9.590208079953636116e+03 3.651695679301552033e-01
9.590674939163296585e+03 3.649260390389406084e-01
9.591217496616607605e+03 3.643507724520152480e-01
9.591663680877414663e+03 3.640513225574071865e-01
9.592169449025739596e+03 3.638332673202619993e-01
9.592667828177314732e+03 3.636014961460690142e-01
9.593174945308419410e+03 3.627152307600625680e-01
9.593654508317275031e+03 3.628463378432747466e-01
9.594158939891894988e+03 3.624327921915566630e-01
9.594719896730646724e+03 3.621871923677407734e-01
9.595210788973930903e+03 3.615057896087143785e-01
9.595666353120128406e+03 3.610030767518710437e-01
9.596280565787688829e+03 3.607591784668643942e-01
9.596830601076801031e+03 3.606238496221137457e-01
9.597253104226856522e+03 3.599554649997043221e-01
9.597820019773833337e+03 3.594813068656902977e-01
9.598252548483751525e+03 3.591498151017630258e-01
9.598811510359133536e+03 3.589557526017260747e-01
9.599234191828676558e+03 3.582230881580149018e-01
9.599787058235677250e+03 3.584797219812662084e-01
9.600295255787261340e+03 3.581439612969292141e-01
9.600771818617595272e+03 3.573839124193324279e-01
9.601289754967900080e+03 3.572144273964185102e-01
9.601776051942189952e+03 3.570759330505680063e-01
9.602282289310243868e+03 3.567428764138781405e-01
9.602895192337060507e+03 3.558949788280624249e-01
9.603409010908020718e+03 3.557013157541833448e-01
9.603958016506761851e+03 3.557567795228103180e-01
9.604578289714709172e+03 3.549675848079094087e-01
9.605091359513537100e+03 3.542839276284616701e-01
9.605701208069443965e+03 3.544248464367402152e-01
9.606238350861520303e+03 3.539510743621884781e-01
9.606821595106988752e+03 3.537982180357461814e-01
9.607364777246841186e+03 3.526857329696955201e-01
9.607956873738894501e+03 3.529769532611939375e-01
9.608493652047724026e+03 3.526560018445621392e-01
9.609037649943345968e+03 3.525135848226389479e-01
9.609562723640516197e+03 3.516112978368973740e-01
9.610062640832373290e+03 3.515615869648068825e-01
9.610692126509469745e+03 3.509769228240947614e-01
9.611228283151122014e+03 3.511227595898017140e-01
9.611780694302093252e+03 3.502331518712499814e-01
9.612364003804430467e+03 3.501720550690757827e-01
9.612922466659894781e+03 3.497835812594523031e-01
9.613485668709217862e+03 3.491023658569792354e-01
9.613986626325277030e+03 3.491203235958167950e-01
9.614555252954651223e+03 3.483066942682158107e-01
9.615127376302893026e+03 3.485661468247799877e-01
9.615675258985833352e+03 3.476508978992867704e-01
9.616294586614070795e+03 3.471472282786947083e-01
9.616846969727399483e+03 3.469230487350623005e-01
9.617337996754491542e+03 3.464315765239716627e-01
9.617893308748782147e+03 3.460713934017695115e-01
9.618431846258326914e+03 3.459004289309219327e-01
9.618913370319687601e+03 3.452773552168634796e-01
9.619400246234392398e+03 3.453313871045612382e-01
9.619975454761732180e+03 3.450080887391175355e-01
9.620483655715581335e+03 3.446009940142108485e-01
9.621030602398850533e+03 3.446159942041326918e-01
9.621518633588098965e+03 3.442202962681859546e-01
9.622031370476850498e+03 3.433794014574877984e-01
9.622449590428022930e+03 3.439125685567530621e-01
9.622969296096558537e+03 3.432043396804329571e-01
9.623374487826593395e+03 3.428684880190716600e-01
9.623858703344327296e+03 3.427267674747410675e-01
9.624391678964253515e+03 3.423449790222437006e-01
9.624855076454716254e+03 3.419884995598195254e-01
9.625380357058784284e+03 3.418109213065831931e-01
9.625798874630265345e+03 3.413796957875978588e-01
9.626335506058067040e+03 3.407918977657293236e-01
9.626825337134174333e+03 3.407630656121096169e-01
9.627333028334869596e+03 3.405661616648352763e-01
9.627744845151253685e+03 3.401456419875218407e-01
9.628228260298619716e+03 3.402547696796213716e-01
9.628600151868635294e+03 3.393253056036193427e-01
9.629083342251167778e+03 3.387048575519302496e-01
9.629531884797293969e+03 3.390046698259359115e-01
9.629975155555392121e+03 3.380937554808919332e-01
9.630384702279725389e+03 3.380991869274499462e-01
9.630864636302176223e+03 3.381210416113967776e-01
9.631306781655848681e+03 3.373802197664353408e-01
9.631788060568625951e+03 3.371850797071191952e-01
9.632176184177797040e+03 3.368574817381803088e-01
9.632603125795425512e+03 3.365198228117093904e-01
9.633163995068069198e+03 3.362364709711760380e-01
9.633617619153905252e+03 3.357553050574664244e-01
9.634081925156746365e+03 3.353851001730649983e-01
9.634563174663639074e+03 3.353294881871710098e-01
9.634995026843007508e+03 3.353313894185194766e-01
9.635498904397189108e+03 3.341983240397209953e-01
9.636035389762340856e+03 3.345263875461257363e-01
9.636461428926611916e+03 3.335506003127237107e-01
9.636994579926320512e+03 3.336838891542834307e-01
9.637495853206706670e+03 3.330233871487645603e-01
9.637978077672467407e+03 3.326995370273251318e-01
9.638397089361396866e+03 3.327683528104009580e-01
9.638858107870028107e+03 3.320618247107069432e-01
9.639378687022988743e+03 3.322420917644089977e-01
9.639890238642245095e+03 3.312890299815224315e-01
9.640362995503126513e+03 3.311353326930251972e-01
9.640890634331461115e+03 3.302520413563991841e-01
9.641355970521184645e+03 3.304702179362145609e-01
9.641848305450768748e+03 3.300964239963992686e-01
9.642375483583396999e+03 3.299401610436452081e-01
9.642825606187429003e+03 3.290973627473748886e-01
9.643295835832148441e+03 3.285572570467806819e-01
9.643777399562122810e+03 3.283178794274450585e-01
9.644296326957954079e+03 3.282645173242262904e-01
9.644762626417043066e+03 3.278100303203983490e-01
9.645299225721650146e+03 3.270744741624414531e-01
9.645791031331737031e+03 3.268519932442222609e-01
9.646303906186425593e+03 3.263174675787492429e-01
9.646781384741023430e+03 3.261684450681409664e-01
9.647319468727944695e+03 3.254959082264870518e-01
9.647801129457018760e+03 3.252749784758602325e-01
9.648192769978522847e+03 3.252925025898216194e-01
9.648651294282564777e+03 3.246445794053575695e-01
9.649113629792578649e+03 3.243055421686725781e-01
9.649524841983427905e+03 3.240855018397862941e-01
9.649985693321157669e+03 3.231801857192861394e-01
9.650610802683877409e+03 3.230839995026970057e-01
9.651076156306015037e+03 3.227848254730963928e-01
9.651459903444145311e+03 3.224660729387834879e-01
9.652082381241867552e+03 3.220159990364981906e-01
9.652521180033651035e+03 3.220452589824965850e-01
9.652992062454779443e+03 3.212521140962479316e-01
9.653461735117691205e+03 3.206538857154233590e-01
9.653966960262261637e+03 3.204138754900089925e-01
9.654411904768423483e+03 3.200410568085943486e-01
9.654920060034608468e+03 3.196460527096507964e-01
9.655365722940641717e+03 3.194773651082635224e-01
9.655912644610332791e+03 3.189065134737955609e-01
9.656358086797770738e+03 3.181544464067563305e-01
9.656909525068163930e+03 3.181826835179051849e-01
9.657365437687907615e+03 3.177357700969078991e-01
9.657924226460512727e+03 3.175544235247253488e-01
9.658343754537421773e+03 3.167312860299985044e-01
9.658768981418956173e+03 3.162208895710307277e-01
9.659342720925946196e+03 3.157772390313201560e-01
9.659779363232421019e+03 3.158598524209382807e-01
9.660229260251517189e+03 3.151973813798170654e-01
9.660689583831606797e+03 3.150178763010557104e-01
9.661125091835565399e+03 3.145141331144542529e-01
9.661589279293144500e+03 3.144460720399021580e-01
9.662083728406019873e+03 3.137207743757373657e-01
9.662584210151706429e+03 3.136575588550415961e-01
9.663124412167604532e+03 3.129709639571871538e-01
9.663544716916891048e+03 3.130635282133990560e-01
9.664095105022566713e+03 3.125432115192645077e-01
9.664564307939441278e+03 3.117092023221469388e-01
9.665085209197906806e+03 3.119089300690259803e-01
9.665567424684519210e+03 3.107710034844948788e-01
9.666149235398279416e+03 3.105485516114213640e-01
9.666582411131032131e+03 3.103521475136298835e-01
9.667118028707427584e+03 3.101109374539290364e-01
9.667618413333724675e+03 3.094378253688427893e-01
9.668105614462299854e+03 3.086581526947788090e-01
9.668639198232907802e+03 3.088636312465017908e-01
9.669095928187285608e+03 3.083544353936087945e-01
9.669641918605237151e+03 3.079273181315471120e-01
9.670082981120420300e+03 3.075324449794146764e-01
9.670604175171658426e+03 3.067798045598581491e-01
9.671108397551532107e+03 3.063969217399188927e-01
9.671627181464778914e+03 3.062704169577405433e-01
9.672134036234559971e+03 3.056393615851827339e-01
9.672586056439809909e+03 3.054330629923805995e-01
9.673084495826471539e+03 3.051592619629139858e-01
9.673606336084669238e+03 3.044036543632050451e-01
9.674107091800105991e+03 3.042431133816337896e-01
9.674613896635319179e+03 3.037906681961625721e-01
9.675093296846614976e+03 3.034659401530429013e-01
9.675623565605636031e+03 3.029163170236289782e-01
9.676078444645414493e+03 3.024947466429424581e-01
9.676627766970395896e+03 3.023510862374169106e-01
9.677055903730853970e+03 3.018029746117474321e-01
9.677624918244475339e+03 3.016615722247197873e-01
9.678074620702644097e+03 3.008291483945907951e-01
9.678547738625684360e+03 3.008464943857904750e-01
9.679030380239872102e+03 3.002852446051063606e-01
9.679481163915845173e+03 2.998640632850172461e-01
9.680003077794714045e+03 2.996553370532351046e-01
9.680514621835975049e+03 2.994823297875575108e-01
9.680975659131021530e+03 2.987016892903371912e-01
9.681445906514458329e+03 2.985556844807819576e-01
9.681937061480075499e+03 2.981080230160622624e-01
9.682484218762041564e+03 2.971585131902288457e-01
9.683013418842185274e+03 2.970384885062364311e-01
9.683496831859536542e+03 2.966225693608462444e-01
9.683966064715088578e+03 2.962825311440503429e-01
9.684405617421221905e+03 2.959435992884432154e-01
9.684934715866011175e+03 2.956830849488994994e-01
9.685448374211198825e+03 2.954942975822359430e-01
9.685937097161657221e+03 2.947515106344105185e-01
9.686464151976746507e+03 2.944617594371595759e-01
9.686967218137689997e+03 2.941191722459151059e-01
9.687471919915231410e+03 2.937908269401022232e-01
9.687995031191889211e+03 2.929407715167033910e-01
9.688474837958849093e+03 2.929612725299273190e-01
9.689004707392050477e+03 2.923235856094107410e-01
9.689472902960689680e+03 2.917878625451196251e-01
9.690019031255578739e+03 2.914762243292950417e-01
9.690581688329300960e+03 2.917218290970466921e-01
9.691050673008510785e+03 2.907419025224872722e-01
9.691514319928208351e+03 2.898747886427914811e-01
9.692083806245571395e+03 2.899633183490319399e-01
9.692535199653255404e+03 2.892276049512368385e-01
9.693016733310150812e+03 2.889068123476767336e-01
9.693527148995210155e+03 2.890521012754947994e-01
9.694063287179140389e+03 2.884879392050395119e-01
9.694498389476473676e+03 2.882451581763480486e-01
9.695059359556655181e+03 2.876017350345858037e-01
9.695521813584675328e+03 2.869515232898607882e-01
9.696075930271836114e+03 2.871983965052294918e-01
9.696532776505433503e+03 2.866300796377883597e-01
9.697053400227268867e+03 2.861381725798372022e-01
9.697584863133313775e+03 2.855858046519690330e-01
9.698056443601564752e+03 2.853368366512082921e-01
9.698615296995365497e+03 2.850189550322973497e-01
9.699146617624766805e+03 2.847736845558238583e-01
9.699602173295243119e+03 2.841042511038969209e-01
9.700184371095489041e+03 2.841146939320237097e-01
9.700635901167650445e+03 2.835432960021781468e-01
9.701203309753369467e+03 2.831083957432117826e-01
9.701646049794057035e+03 2.824382219457700072e-01
9.702211674554735509e+03 2.822324676842161706e-01
9.702645619809141863e+03 2.817833037820440256e-01
9.703235175912499471e+03 2.817833037820440256e-01
9.703747644396516989e+03 2.815222215593877197e-01
9.704217296980072206e+03 2.807066984085196948e-01
9.704779416913033856e+03 2.807111436801487669e-01
9.705262194481170809e+03 2.799937733417370844e-01
9.705811731299765597e+03 2.798999320097260157e-01
9.706266338419201929e+03 2.792129664564649283e-01
9.706829336398579471e+03 2.787134024690204881e-01
9.707340603996732170e+03 2.785822371524399599e-01
9.707813472232372078e+03 2.781481875201251008e-01
9.708377607130374599e+03 2.781758379700130512e-01
9.708859479048696812e+03 2.775051006812419008e-01
9.709348393775837394e+03 2.770385273676638782e-01
9.709892362582111673e+03 2.767283546831607044e-01
9.710368346627667052e+03 2.766858426336455401e-01
9.710868546901047011e+03 2.758675890380180018e-01
9.711405374738958926e+03 2.753881615460639365e-01
9.711867515040608851e+03 2.751561500627293655e-01
9.712348468560971014e+03 2.747452814210615823e-01
9.712914414688202669e+03 2.746807184014203318e-01
9.713370338228589389e+03 2.741552961535790311e-01
9.713831396798994319e+03 2.731415909777597517e-01
9.714377788415267787e+03 2.732518076227520298e-01
9.714843082266628699e+03 2.726623129657823053e-01
9.715377812693235683e+03 2.726950865974568372e-01
9.715883633901154099e+03 2.720252277234678218e-01
9.716362128532420684e+03 2.719641814607641206e-01
9.716874741070012533e+03 2.710851791578027803e-01
9.717408744691261745e+03 2.712645139377551917e-01
9.717902361294611183e+03 2.703401375647314642e-01
9.718436480319944167e+03 2.704071706944683462e-01
9.718903764220622179e+03 2.700900627165456203e-01
9.719451694750012393e+03 2.695258164151015934e-01
9.719914617806931346e+03 2.689929381516814599e-01
9.720440996620094666e+03 2.688792622295982371e-01
9.720945125845086295e+03 2.680188585140304003e-01
9.721430822979595177e+03 2.682263629068010746e-01
9.721883101309205813e+03 2.673657997488690929e-01
9.722377501223323634e+03 2.672674368304433501e-01
9.722915948733701953e+03 2.670381320578116835e-01
9.723414919849947182e+03 2.665947719568914631e-01
9.723851442919381952e+03 2.658947182668735532e-01
9.724465321406358271e+03 2.659673455881865767e-01
9.725019634008200228e+03 2.654562216645818817e-01
9.725487245928607081e+03 2.648267133847639343e-01
9.726064009303485363e+03 2.647812283276523848e-01
9.726508432736065515e+03 2.641969975848029728e-01
9.727080852546341703e+03 2.636812414644162939e-01
9.727618236785974659e+03 2.638513623414678322e-01
9.728094402246293612e+03 2.632491767714389419e-01
9.728653925600050570e+03 2.628556649687799340e-01
9.729115510042935057e+03 2.625345952746626077e-01
9.729643546009188867e+03 2.617738875931160947e-01
9.730227199226981611e+03 2.615409600647372046e-01
9.730671053438652962e+03 2.611425172171687459e-01
9.731239502695774718e+03 2.611168783131606053e-01
9.731716349818694653e+03 2.607314518903138256e-01
9.732274062813710771e+03 2.601499690615793892e-01
9.732728011456349122e+03 2.598546082887197572e-01
9.733297984306816943e+03 2.597740325865074418e-01
9.733746278801852895e+03 2.586428026427436411e-01
9.734285054869103988e+03 2.586060542212600399e-01
9.734836676406950573e+03 2.582894482347623533e-01
9.735408499861368909e+03 2.581775818343751139e-01
9.735908142428954307e+03 2.578291093020996794e-01
9.736416150098466460e+03 2.576838765663859721e-01
9.736984645795104370e+03 2.570070432741925481e-01
9.737431368564757577e+03 2.567435499896666973e-01
9.737995507819914565e+03 2.564560088428177176e-01
9.738482627345842047e+03 2.555466096210768367e-01
9.739034415107642417e+03 2.558206848061999605e-01
9.739570910014394030e+03 2.551457832550450555e-01
9.740044112163561294e+03 2.551373176363883055e-01
9.740604400723806975e+03 2.543375964708760040e-01
9.741089226659012638e+03 2.541820421625076154e-01
9.741653158841974800e+03 2.542341383842406932e-01
9.742078232401965579e+03 2.535341850192190938e-01
9.742676856563984984e+03 2.529740624830638662e-01
9.743113867642483456e+03 2.527882678992065535e-01
9.743678999951484002e+03 2.528353411216126001e-01
9.744172785090793695e+03 2.523335993262665333e-01
9.744616338673740756e+03 2.514543569175299864e-01
9.745171399202319662e+03 2.515613113830116876e-01
9.745649001532839975e+03 2.510325594889616374e-01
9.746215075070800594e+03 2.508909237748409571e-01
9.746775127896768026e+03 2.506768764582267273e-01
9.747219884870708484e+03 2.500818384539535977e-01
9.747816911319754581e+03 2.499782348263609455e-01
9.748307278772113932e+03 2.495224075620535442e-01
9.748807954268319008e+03 2.491190377174706261e-01
9.749376967470116142e+03 2.490672363240013787e-01
9.749896351421853979e+03 2.485117358633324725e-01
9.750385649986865246e+03 2.481796294755346799e-01
9.750948116733352435e+03 2.476590166678074301e-01
9.751565495480366735e+03 2.472350865709878054e-01
9.752062663682349012e+03 2.469192804733057189e-01
9.752546089128187305e+03 2.462253587734348492e-01
9.753090522643009535e+03 2.461735756336346781e-01
9.753582073998410124e+03 2.461561353283070741e-01
9.754130476586904479e+03 2.455756831494144143e-01
9.754602878524845437e+03 2.452321763313644043e-01
9.755063130252781775e+03 2.452315568766456899e-01
9.755631284569300988e+03 2.443852666984567268e-01
9.756073015084144572e+03 2.442230671052638413e-01
9.756647711139978128e+03 2.438935037182980992e-01
9.757182336878086062e+03 2.435454193841059822e-01
9.757700964972371366e+03 2.432732310990577129e-01
9.758211619787591189e+03 2.430264089331742872e-01
9.758747705496192793e+03 2.422617348791643588e-01
9.759341035252897200e+03 2.422855766977853875e-01
9.759856363552846233e+03 2.420559116250056431e-01
9.760332545470766490e+03 2.412292498288401421e-01
9.760905183340326403e+03 2.413856654133340884e-01
9.761401396455643408e+03 2.406927568473829215e-01
9.761904732608747508e+03 2.408022636940501116e-01
9.762473058351179134e+03 2.403373696497553835e-01
9.762926996012893142e+03 2.398629189927753702e-01
9.763499944897997921e+03 2.398121646032665977e-01
9.764014435646722632e+03 2.393899016148247627e-01
9.764505182803064599e+03 2.383070787434856674e-01
9.765074782816838706e+03 2.384680896703679776e-01
9.765631583382224562e+03 2.378337463785685224e-01
9.766159494069079301e+03 2.378772427399344358e-01
9.766726073681506023e+03 2.371996940299261891e-01
9.767274378187736147e+03 2.365866215706625419e-01
9.767814699829610618e+03 2.364708832410077899e-01
9.768388556731873905e+03 2.362558192314132000e-01
9.768907114823370648e+03 2.355312723636917571e-01
9.769473054303498429e+03 2.356007171457427385e-01
9.770047754219207491e+03 2.349720521303657883e-01
9.770559085923061502e+03 2.340071157297428650e-01
9.771118457831269552e+03 2.341487296912530269e-01
9.771753586874290704e+03 2.336543948476036414e-01
9.772277664039887895e+03 2.332192033029512335e-01
9.772792133670553085e+03 2.330502095497903603e-01
9.773266706059448552e+03 2.326162690849853110e-01
9.773841217496412355e+03 2.324436057770069564e-01
9.774276255225200657e+03 2.318887704704574171e-01
9.774865713887607853e+03 2.313532595654485824e-01
9.775314705151155067e+03 2.306799452418293039e-01
9.775849810778719984e+03 2.307750096248434857e-01
9.776374336831957407e+03 2.305329017384124268e-01
9.776925038210960338e+03 2.302743753000589810e-01
9.777431300880472918e+03 2.294131643278051191e-01
9.777981801378722594e+03 2.292766201661508296e-01
9.778424956737728280e+03 2.290196699911626055e-01
9.779012023366884023e+03 2.286628829371009086e-01
9.779574965302666897e+03 2.282522783931281163e-01
9.780112160731097902e+03 2.275920408405545103e-01
9.780606820994971713e+03 2.272885048087453508e-01
9.781105082341468005e+03 2.272729446562209987e-01
9.781688604545124690e+03 2.269195155237448414e-01
9.782222163569887925e+03 2.265783712407733463e-01
9.782769018350849365e+03 2.255834161424530027e-01
9.783340474065373201e+03 2.254194405251728206e-01
9.783799302267319945e+03 2.254715480871256061e-01
9.784394455977435427e+03 2.247764098067567551e-01
9.784832714637799654e+03 2.247825859117393021e-01
9.785426058671444480e+03 2.238349186777846278e-01
9.785865703909368676e+03 2.233938328822788200e-01
9.786435267611874224e+03 2.232063042871523517e-01
9.786917979821020708e+03 2.228283424857525896e-01
9.787499302241427358e+03 2.223894982434171941e-01
9.788041588734271500e+03 2.229559751108274868e-01
9.788580381084801047e+03 2.218338751159066313e-01
9.789143802245464030e+03 2.217188290488699420e-01
9.789719251951588376e+03 2.214029068364258279e-01
9.790174164746527822e+03 2.207819816379600897e-01
9.790816353955613522e+03 2.206528900017578343e-01
9.791365484265916166e+03 2.202769699283056437e-01
9.791849016802752885e+03 2.195278126951155651e-01
9.792480108213840140e+03 2.195802680765840120e-01
9.793020046817375260e+03 2.186446684449493694e-01
9.793593697103977320e+03 2.184815382083984403e-01
9.794224371008687740e+03 2.179604129737073570e-01
9.794756414937142836e+03 2.174665030967245782e-01
9.795390802368516233e+03 2.172622855349906901e-01
9.795965060089374674e+03 2.168130278066016381e-01
9.796479814006801462e+03 2.160420451098986616e-01
9.797039631133922740e+03 2.162144683770142739e-01
9.797610847936601203e+03 2.158522093801245878e-01
9.798225856352097253e+03 2.153633639952475809e-01
9.798759963963471819e+03 2.149212550848046133e-01
9.799317779599819914e+03 2.144481163374145904e-01
9.799873068171997147e+03 2.140395413118143797e-01
9.800392778007551897e+03 2.136813293214838705e-01
9.800939117240071937e+03 2.134431892162489131e-01
9.801502371913469688e+03 2.127319550316132124e-01
9.802068934100512706e+03 2.123971050663292781e-01
9.802631348875729600e+03 2.119876598534450318e-01
9.803239868369129908e+03 2.116778225155672710e-01
9.803863380988410427e+03 2.111763179915155664e-01
9.804382874568756961e+03 2.111763179915155664e-01
9.804865450809462345e+03 2.103697681512269879e-01
9.805466468756136237e+03 2.099287298543832392e-01
9.805910225919336881e+03 2.097708593748424388e-01
9.806512996882491279e+03 2.096106933304567876e-01
9.806953281625454110e+03 2.089341635406581354e-01
9.807536712991235618e+03 2.090446269347082386e-01
9.808040701596783038e+03 2.082412656381064930e-01
9.808648608841494934e+03 2.078323665351595184e-01
9.809118954005431078e+03 2.076973050032617507e-01
9.809659794268049154e+03 2.073120860975291024e-01
9.810254918785363770e+03 2.066142493629992138e-01
9.810768285092037331e+03 2.061745019435384796e-01
9.811307362532110346e+03 2.061382386519774179e-01
9.811977396706452055e+03 2.059958201534313749e-01
9.812504265744502845e+03 2.057442161767613076e-01
9.813066604643350729e+03 2.044151219151243704e-01
9.813701467217926620e+03 2.042056170622871536e-01
9.814317890518683271e+03 2.040905651095568929e-01
9.814888241859509435e+03 2.034587484772706067e-01
9.815417055400326717e+03 2.032990383240826648e-01
9.815999890278440944e+03 2.029281601603369900e-01
9.816506718269109115e+03 2.020492881094831661e-01
9.817082531912077684e+03 2.014572344504233781e-01
9.817635976265904901e+03 2.012303238834945440e-01
9.818190785264501756e+03 2.013190302511082552e-01
9.818789244243080248e+03 2.008947913761398307e-01
9.819309703918561354e+03 2.005029524440609390e-01
9.819954501475944198e+03 2.003881537147288450e-01
9.820488102680863449e+03 1.993514896010553095e-01
9.821094983335597135e+03 1.988761179679402469e-01
9.821659630095033208e+03 1.986314390837732036e-01
9.822236061251911451e+03 1.983398557262110729e-01
9.822823955489247965e+03 1.981562360030727776e-01
9.823268341844273891e+03 1.976592807776643979e-01
9.823833243840019350e+03 1.975804581451018893e-01
9.824338944379907844e+03 1.966214764113747848e-01
9.824801057230730294e+03 1.960599307360797183e-01
9.825280477024516586e+03 1.959578987160812136e-01
9.825871675226551815e+03 1.955790347675663565e-01
9.826339473605617968e+03 1.956622437995765296e-01
9.826811878847949629e+03 1.949584948779670701e-01
9.827307791351757260e+03 1.947032300393125581e-01
9.827883270317573988e+03 1.944292359980163976e-01
9.828366908353506005e+03 1.940827570510852973e-01
9.828835601286760721e+03 1.933578429368405238e-01
9.829315423253570771e+03 1.930872415259035357e-01
9.829867342862937221e+03 1.927317053955992232e-01
9.830455518234150077e+03 1.926111354066802617e-01
9.830935501724583446e+03 1.920179838752874291e-01
9.831415859204318622e+03 1.917286737409929220e-01
9.831925945007307746e+03 1.916959886000951796e-01
9.832380958448897218e+03 1.908283447156368107e-01
9.832923442854260429e+03 1.906940786450991854e-01
9.833456853021576535e+03 1.899545950580840969e-01
9.833948882496109945e+03 1.900852915155112344e-01
9.834510144604913876e+03 1.891578918122455988e-01
9.834992164337070790e+03 1.890397030390829625e-01
9.835495448336625486e+03 1.889005278919970721e-01
9.835893021129324552e+03 1.884959779482859865e-01
9.836368650088594222e+03 1.879562324803107087e-01
9.836867507036875395e+03 1.878160761115953425e-01
9.837351721927838298e+03 1.876390864523862778e-01
9.837772633348948148e+03 1.870792970820395196e-01
9.838260858295871003e+03 1.869503704707932423e-01
9.838730188715959230e+03 1.868186715709901080e-01
9.839231250215842010e+03 1.862468288285397122e-01
9.839629458151724975e+03 1.856089538624991209e-01
9.840116564453715910e+03 1.857223163590722981e-01
9.840601106026273555e+03 1.851424331355960851e-01
9.841070337693839974e+03 1.850175932210999519e-01
9.841524908596025853e+03 1.842553012263666301e-01
9.842009591806254321e+03 1.842435643655506161e-01
9.842486478760793034e+03 1.841581046012558398e-01
9.842966681980700741e+03 1.835776805616813057e-01
9.843441702009511573e+03 1.832269439087672869e-01
9.843948158266453902e+03 1.827779346827610452e-01
9.844513856632762327e+03 1.828762858734614138e-01
9.844921658421908433e+03 1.825259721667023827e-01
9.845402758453039496e+03 1.817073061603907691e-01
9.845938533410715536e+03 1.812509747539477467e-01
9.846509699753072709e+03 1.811968697984524257e-01
9.846967728519439333e+03 1.805865969261904735e-01
9.847406822653609197e+03 1.802271012251036308e-01
9.847889152454867144e+03 1.798855019960733936e-01
9.848420294605917661e+03 1.798086705258654383e-01
9.848894215727734263e+03 1.794970588319639571e-01
9.849291258704846769e+03 1.794641204176375682e-01
9.849809460411483087e+03 1.788135840056909454e-01
9.850214436317250147e+03 1.784215341232726071e-01
9.850700976181216902e+03 1.782482314063185691e-01
9.851185927797258046e+03 1.774900152908416573e-01
9.851741668287266293e+03 1.778234915530896854e-01
9.852263081154553220e+03 1.770051144588459524e-01
9.852749172543939494e+03 1.769223921161839075e-01
9.853253986394907770e+03 1.767885385672418319e-01
9.853732314307340857e+03 1.760299574726547911e-01
9.854205446913780179e+03 1.759907795915821860e-01
9.854785130354010107e+03 1.754014795233529156e-01
9.855243290102818719e+03 1.750441274155357663e-01
9.855812937054473878e+03 1.753845736579364989e-01
9.856297747112525030e+03 1.746997127093243563e-01
9.856878009779924469e+03 1.744706823182158861e-01
9.857333089420495526e+03 1.733248209687260899e-01
9.857879372793930088e+03 1.732427227384605584e-01
9.858395546056492094e+03 1.730400051252807825e-01
9.858919646276654021e+03 1.723494178303494329e-01
9.859378854682114252e+03 1.724390432410059515e-01
9.859941444505680920e+03 1.722712209404531347e-01
9.860444714503726573e+03 1.724541095244651878e-01
9.860923755532407085e+03 1.717342364295746104e-01
9.861508512480500940e+03 1.712411110173826523e-01
9.861976828501552518e+03 1.704362228018974357e-01
9.862554163513832464e+03 1.701226253933102450e-01
9.863023237481434990e+03 1.695812530539041185e-01
9.863614486569875226e+03 1.695072859439258339e-01
9.864079395088410820e+03 1.691160827819088441e-01
9.864684893884399571e+03 1.689368919791083834e-01
9.865154174814962971e+03 1.683353148192147375e-01
9.865724663756967857e+03 1.676764698013371302e-01
9.866185833586714580e+03 1.673296743119260521e-01
9.866780098076300419e+03 1.671926751976542669e-01
9.867294595018123800e+03 1.667511002645447604e-01
9.867802246263330744e+03 1.663309935338443957e-01
9.868321452858255725e+03 1.662163492919934149e-01
9.868821981386079642e+03 1.658811465536507157e-01
9.869297909506092765e+03 1.659707374857808393e-01
9.869767967390780541e+03 1.650797503594487736e-01
9.870266344415047570e+03 1.648165301215571144e-01
9.870747675488259119e+03 1.646327759741558483e-01
9.871266212105616432e+03 1.640782816791813425e-01
9.871808811550554310e+03 1.640782816791813425e-01
9.872294571926031495e+03 1.631154467724014734e-01
9.872840247232581532e+03 1.631093063721497649e-01
9.873324466401851168e+03 1.630290034695582313e-01
9.873803799028950380e+03 1.620368856224487786e-01
9.874276598480624671e+03 1.621595835036103994e-01
9.874825459159554157e+03 1.614795458038683351e-01
9.875354635625635638e+03 1.612488576587174927e-01
9.875852272290680048e+03 1.609669881299099214e-01
9.876415795726294164e+03 1.605681851581172992e-01
9.876925393303305100e+03 1.604213773919117847e-01
9.877469286633844604e+03 1.602408326337637634e-01
9.877966482341571464e+03 1.596050404641603249e-01
9.878522677694012600e+03 1.598208655603407247e-01
9.879003843196342132e+03 1.591181853446035910e-01
9.879470892850289601e+03 1.586050301766385728e-01
9.879968623731003390e+03 1.581217348118593158e-01
9.880518789568417560e+03 1.575338971076755967e-01
9.881051225167981102e+03 1.577049291585986279e-01
9.881538244171471888e+03 1.571527835530228678e-01
9.881997629067383969e+03 1.568816783384898716e-01
9.882503859766276946e+03 1.567589233507613589e-01
9.882991684230108149e+03 1.566677375249907467e-01
9.883454174036434779e+03 1.557923616233676811e-01
9.884035398154481300e+03 1.556479102312234852e-01
9.884509198539148201e+03 1.553135457765046357e-01
9.885068784532919381e+03 1.548389111001227669e-01
9.885575336525764214e+03 1.550568874107964290e-01
9.886099752818408888e+03 1.539780278931277557e-01
9.886639070320790779e+03 1.544094455163721458e-01
9.887136549139635463e+03 1.531920323182233701e-01
9.887694129244533542e+03 1.528416077722699606e-01
9.888187096722518618e+03 1.526078664587481037e-01
9.888751398199987307e+03 1.527275603684969396e-01
9.889255035041802330e+03 1.519240796095835122e-01
9.889812859113029845e+03 1.519280767580793445e-01
9.890325519772935877e+03 1.516778471752211754e-01
9.890877194003534896e+03 1.512998291210073676e-01
9.891340437587701672e+03 1.506245527594140265e-01
9.891901143743636567e+03 1.508350847821748053e-01
9.892417988692688596e+03 1.500163070131208809e-01
9.892893270502971063e+03 1.497833886014787452e-01
9.893494458124510857e+03 1.495656190666079244e-01
9.894008830037308144e+03 1.490214517738423505e-01
9.894519952420199843e+03 1.485988743495598730e-01
9.895086313868132493e+03 1.483570975295005201e-01
9.895567806191196723e+03 1.479277219093284301e-01
9.896150485780481176e+03 1.478000422961842919e-01
9.896636050525465180e+03 1.473946242651970329e-01
9.897218527954102683e+03 1.473040092369732323e-01
9.897691305132961133e+03 1.464666359754848435e-01
9.898243818567925700e+03 1.465622384955015955e-01
9.898765970221425960e+03 1.462848815375892564e-01
9.899327205409510498e+03 1.460066705433748779e-01
9.899811103805985113e+03 1.452150093330089042e-01
9.900326477278256789e+03 1.448413099105886059e-01
9.900836612022667396e+03 1.445104599069345630e-01
9.901343491648704003e+03 1.442909779790414737e-01
9.901870940923681701e+03 1.439641353018615011e-01
9.902394145210560964e+03 1.440128175053604354e-01
9.902871068116151946e+03 1.436049711956189634e-01
9.903341748630711663e+03 1.435276924359709938e-01
9.903850214342244726e+03 1.433677416205055843e-01
9.904342841329582370e+03 1.427237252917534505e-01
9.904924589626683883e+03 1.431259248410607365e-01
9.905435870537361552e+03 1.424796870271240468e-01
9.905917729259834232e+03 1.413315188398316935e-01
9.906426796262172502e+03 1.410300887156430982e-01
9.906989581148054640e+03 1.411422955703080795e-01
9.907470931601523262e+03 1.399844802238740527e-01
9.908053717757975392e+03 1.399760980671645449e-01
9.908523575858062031e+03 1.391791028199354519e-01
9.909103505764282090e+03 1.401899067995060477e-01
9.909574128389547695e+03 1.391951401203494476e-01
9.910147885720674822e+03 1.392229276243107383e-01
9.910634190698472594e+03 1.384904530541181955e-01
9.911241891771034716e+03 1.378810844091266918e-01
9.911795619100492331e+03 1.375915177706393822e-01
9.912262854936772783e+03 1.369801194587905169e-01
9.912801773963412415e+03 1.369658550731574220e-01
9.913325494741675357e+03 1.366007513938828632e-01
9.913844296027942619e+03 1.362179339404294975e-01
9.914357512701875748e+03 1.359182477005956291e-01
9.914828313119480299e+03 1.358435323829020325e-01
9.915388422673027890e+03 1.350052322428231255e-01
9.915908440014447478e+03 1.351544103175761902e-01
9.916402292323467918e+03 1.344856962388804311e-01
9.916968890386688145e+03 1.342672819799776984e-01
9.917452559178280353e+03 1.335681458450277137e-01
9.918035216622076405e+03 1.335313926245227656e-01
9.918521648007434123e+03 1.331642180288792332e-01
9.919103769505853052e+03 1.325710970751955708e-01
9.919619202827907429e+03 1.324677773328932218e-01
9.920156281406745620e+03 1.321971696113859451e-01
9.920695412554883660e+03 1.316451927569102232e-01
9.921212675920462061e+03 1.318312776420844101e-01
9.921774518867008737e+03 1.312675628179982290e-01
9.922279601671634737e+03 1.306923147077166114e-01
9.922853532482689843e+03 1.306864404922912504e-01
9.923329477871524432e+03 1.303978072692751067e-01
9.923898213955359097e+03 1.300316008815322055e-01
9.924395871061251455e+03 1.295944520941826328e-01
9.924964066941613055e+03 1.287135241264805441e-01
9.925440219016876654e+03 1.288136264546440035e-01
9.926034809562892406e+03 1.285158931005312144e-01
9.926551643633822096e+03 1.278333715098848022e-01
9.927091817226388230e+03 1.276455604472610528e-01
9.927640367702539152e+03 1.272432269073340838e-01
9.928148721986874079e+03 1.270805897104741733e-01
9.928678425125386639e+03 1.261687606266563288e-01
9.929194541898816169e+03 1.261534742746838189e-01
9.929718368237834511e+03 1.255426888836189969e-01
9.930283192112758115e+03 1.255626323077171369e-01
9.930768187512421719e+03 1.249028279714090306e-01
9.931338460150755054e+03 1.249384685149629998e-01
9.931921119448656100e+03 1.243438779805651762e-01
9.932431253333201312e+03 1.241409579881410791e-01
9.932985734956679153e+03 1.240822690843704362e-01
9.933446685494111080e+03 1.235523764526091223e-01
9.934033927783390027e+03 1.231597452193484016e-01
9.934556942856635942e+03 1.229323607326100742e-01
9.935019041793832002e+03 1.224330724882545379e-01
9.935577150553435786e+03 1.220687798702431159e-01
9.936094666185064852e+03 1.217643743357678943e-01
9.936608570665985098e+03 1.213943811458431665e-01
9.937175861568033724e+03 1.215463138186508030e-01
9.937649543452824219e+03 1.208818915604497890e-01
9.938196618378702624e+03 1.200054040460565852e-01
9.938754091288690688e+03 1.201219097810728165e-01
9.939253270421366324e+03 1.196533910768550757e-01
9.939817868013615225e+03 1.194616339275985650e-01
9.940334834029266858e+03 1.193319163232658131e-01
9.940882544351330580e+03 1.185359368163905469e-01
9.941445996409027430e+03 1.186116322270001772e-01
9.941975146919148756e+03 1.182445183424916668e-01
9.942479995413175857e+03 1.177503649930029400e-01
9.943055646604561844e+03 1.175863594830677539e-01
9.943654396019135675e+03 1.167043397930228321e-01
9.944220839322035317e+03 1.165043259951080989e-01
9.944714903755682826e+03 1.163030886643453554e-01
9.945205011763282528e+03 1.157166142568586686e-01
9.945807698528205947e+03 1.155345061725524120e-01
9.946263853420829037e+03 1.147364999601627050e-01
9.946849303639994105e+03 1.146334267534873524e-01
9.947363342169461248e+03 1.147147895713789695e-01
9.947838015889024973e+03 1.137243908655816149e-01
9.948424991660671367e+03 1.139487882219133441e-01
9.948986309516792971e+03 1.134853146439979837e-01
9.949570750189055616e+03 1.129006902485100300e-01
9.950155929380149246e+03 1.131495182226787827e-01
9.950631877907726448e+03 1.124154767853393355e-01
9.951227881792990956e+03 1.120187613910604146e-01
9.951736364465101360e+03 1.116797926167190924e-01
9.952270645997310567e+03 1.119109506937094739e-01
9.952878888789577104e+03 1.109760173361428598e-01
9.953347411190936327e+03 1.108370773539973375e-01
9.953941071321663912e+03 1.102467585647174120e-01
9.954475259981725685e+03 1.101597757181915632e-01
9.955076752186858357e+03 1.098527799804060734e-01
9.955630806191369629e+03 1.089454861453849066e-01
9.956132051778831737e+03 1.086381905592495034e-01
9.956717684297891537e+03 1.088424749726395330e-01
9.957188583837785700e+03 1.079153887233070680e-01
9.957775682178773422e+03 1.075403851397525451e-01
9.958351468671426119e+03 1.074447365176950248e-01
9.958837257683688222e+03 1.067274505922665845e-01
9.959424554468161659e+03 1.067754433788521834e-01
9.959983790995323943e+03 1.063562108231115161e-01
9.960481130012090944e+03 1.060337882269117571e-01
9.961024409406931227e+03 1.057430204805792917e-01
9.961557029298139241e+03 1.052733278989322757e-01
9.962166096107745034e+03 1.050945228380640722e-01
9.962675050153164193e+03 1.043600153242426609e-01
9.963226616561218179e+03 1.044547317276161014e-01
9.963818798841257376e+03 1.036717014259422170e-01
9.964310160231956615e+03 1.038918709526665679e-01
9.964899456915662086e+03 1.027908451994728606e-01
9.965358406730365459e+03 1.026969305387300663e-01
9.965967277446383378e+03 1.020754772135124694e-01
9.966424315649181153e+03 1.018300618584436629e-01
9.966954506733458402e+03 1.019154347362339480e-01
9.967528693819696855e+03 1.014617609574932355e-01
9.968016738841351980e+03 1.012428627810895571e-01
9.968596754043652254e+03 1.004855187743812772e-01
9.969060413188026359e+03 1.004726772054690270e-01
9.969644914562477425e+03 1.001394958778529659e-01
9.970174448636204033e+03 9.974854835165004874e-02
9.970731897281713827e+03 9.938045106208978630e-02
9.971247115596977892e+03 9.907424943890470737e-02
9.971808043696453751e+03 9.882512191176937022e-02
9.972298530913983996e+03 9.853252416079694154e-02
9.972851521137004966e+03 9.786323687960821194e-02
9.973434461405486218e+03 9.760430944175610413e-02
9.973927798713817538e+03 9.726186943689869857e-02
9.974507508507507737e+03 9.673788276740322156e-02
9.975077881081015221e+03 9.667328790136667238e-02
9.975664782651856513e+03 9.651799045910645913e-02
9.976221850018057012e+03 9.557673984855286076e-02
9.976727230223466904e+03 9.533676883103509025e-02
9.977344241253973451e+03 9.539093676629174789e-02
9.977803689484117058e+03 9.483131629787444616e-02
9.978412432463326695e+03 9.408164561140135163e-02
9.978883747722167755e+03 9.422323758360648394e-02
9.979459674618196004e+03 9.358340777401054356e-02
9.979981866627271302e+03 9.314269390738860732e-02
9.980494361684837713e+03 9.316885136298148906e-02
9.981055343042480672e+03 9.313629507655754591e-02
9.981559877642055653e+03 9.262489355057423879e-02
9.982146212234833001e+03 9.208010798993188084e-02
9.982718149608759632e+03 9.200280455004317126e-02
9.983274338733592231e+03 9.163710571213287692e-02
9.983806697539486777e+03 9.139158548219107614e-02
9.984342479937491589e+03 9.094622497835276598e-02
9.984950690993038734e+03 9.072734390909163726e-02
9.985492321649608130e+03 8.984714870369303608e-02
9.986036032362944752e+03 8.970461858527321863e-02
9.986586201168591288e+03 8.925588432151605744e-02
9.987155963808612796e+03 8.894748601649631048e-02
9.987729834372947153e+03 8.853859447857106990e-02
9.988317245768957946e+03 8.783420320192605879e-02
9.988899674493577550e+03 8.766982527036024098e-02
9.989466674292511016e+03 8.740162089702120662e-02
9.990142241080879103e+03 8.681568227276235949e-02
9.990710058847833352e+03 8.678985215948245568e-02
9.991210871491397484e+03 8.600478495491821473e-02
9.991783869386275910e+03 8.583904391280643142e-02
9.992434134699753486e+03 8.558037331595869102e-02
9.992939169625271461e+03 8.469319301231456598e-02
9.993523497323260017e+03 8.470818826169253246e-02
9.994096091465007703e+03 8.457334246219944118e-02
9.994650539698273860e+03 8.442156459831261228e-02
9.995266442042902781e+03 8.412098918433842665e-02
9.995818661309958770e+03 8.310053899763059082e-02
9.996407718841806854e+03 8.296817834520489598e-02
9.996967152916438863e+03 8.286775831813092408e-02
9.997575922167470708e+03 8.219161651590060902e-02
9.998202655573966695e+03 8.226922228185559738e-02
9.998714699238005778e+03 8.172967457045426931e-02
9.999277772769359217e+03 8.110642921461340416e-02
9.999852052894344524e+03 8.085781436178517134e-02
1.000036359363158954e+04 8.033310988263400731e-02
1.000097447361876038e+04 8.024565034292900634e-02
1.000146789331274158e+04 7.966216035236248216e-02
1.000206438618064931e+04 7.970437834053942239e-02
1.000253899776789149e+04 7.852097797917836908e-02
1.000315825764172951e+04 7.812286609186530617e-02
1.000370900181593424e+04 7.813630044839908750e-02
1.000430272603777303e+04 7.806487241668436106e-02
1.000480898595474719e+04 7.721955596985644044e-02
1.000540419548137834e+04 7.764587215638744933e-02
1.000595417788157283e+04 7.699361495655164533e-02
1.000653465031475389e+04 7.644169549994211943e-02
1.000713717021222510e+04 7.578526204711646952e-02
1.000771845906232193e+04 7.572716732606447898e-02
1.000832619769311168e+04 7.552884246673675916e-02
1.000894754202723743e+04 7.504930619806736425e-02
1.000955407978205949e+04 7.450705217456164708e-02
1.001006122050692102e+04 7.414946334722208321e-02
1.001066823437785024e+04 7.387973981220839759e-02
1.001113183513467266e+04 7.352539130415382262e-02
1.001175319653452243e+04 7.308674513375522375e-02
1.001222840835811076e+04 7.284569844523564042e-02
1.001283941426784440e+04 7.253849091120673220e-02
1.001330592872784109e+04 7.176600259713881991e-02
1.001391266700344931e+04 7.181407942375953035e-02
1.001438774939171890e+04 7.125840442029698907e-02
1.001496651131909130e+04 7.093984128782052090e-02
1.001557955186521212e+04 7.053751491307394539e-02
1.001620012171743838e+04 7.060431893457336239e-02
1.001678214662092068e+04 6.993518830972561551e-02
1.001741947190060819e+04 6.983195322956547990e-02
1.001804095219766896e+04 6.940178582509685945e-02
1.001859777590322847e+04 6.910921143240267295e-02
1.001915432380496168e+04 6.829454743622666302e-02
1.001984145260175501e+04 6.813076868658431151e-02
1.002040254915535115e+04 6.763693907581548592e-02
1.002103898822518386e+04 6.724984071888244486e-02
1.002163108285655471e+04 6.690615614593931060e-02
1.002226632445360701e+04 6.688044258265234132e-02
1.002287484967211458e+04 6.590819673863168582e-02
1.002346139822821897e+04 6.592685207555766536e-02
1.002408941188520112e+04 6.531187365912861920e-02
1.002469273346111549e+04 6.523742315421252047e-02
1.002524589990049208e+04 6.457493177676401630e-02
1.002593320263880923e+04 6.466726505689768256e-02
1.002651129019416294e+04 6.402863293771993147e-02
1.002715021886302384e+04 6.323290588788180178e-02
1.002774101323151081e+04 6.302410193796650906e-02
1.002836481977416770e+04 6.278567231015680372e-02
1.002902063211192035e+04 6.229797365382963581e-02
1.002963441044683714e+04 6.200450336559001907e-02
1.003021293357396280e+04 6.173388427072054596e-02
1.003073138619144447e+04 6.136545830636334908e-02
1.003138887361933121e+04 6.062462181643504811e-02
1.003188739944355984e+04 6.069374225883322066e-02
1.003234587033314165e+04 6.024548796041064719e-02
1.003284483312154771e+04 5.975290884535505026e-02
1.003335098539345563e+04 5.989814158106901432e-02
1.003386092955617460e+04 5.946852240117095345e-02
1.003427810320693425e+04 5.897400245955104064e-02
1.003483370970334181e+04 5.844616005482429488e-02
1.003523226171548595e+04 5.838398323801327616e-02
1.003573287792272458e+04 5.830740212853925686e-02
1.003626143701665569e+04 5.785913332825159267e-02
1.003667337154866436e+04 5.753109169666546785e-02
1.003719556771036696e+04 5.691557161334901555e-02
1.003772802673781371e+04 5.706005157163558661e-02
1.003821766772440606e+04 5.637309918292034150e-02
1.003873049896262819e+04 5.626037395561047511e-02
1.003922466430331042e+04 5.636095914274982105e-02
1.003975053523940005e+04 5.610011792307222078e-02
1.004028293044766906e+04 5.570481838576590849e-02
1.004073673731155395e+04 5.513319592686554554e-02
1.004128115650084146e+04 5.485522511201131740e-02
1.004187705642038964e+04 5.459557360032417372e-02
1.004237698698040003e+04 5.395914237257530555e-02
1.004282485618386636e+04 5.348565684562620048e-02
1.004332181731672063e+04 5.368117155772101495e-02
1.004384574157280986e+04 5.337627948917764154e-02
1.004424570568381387e+04 5.287701176112357543e-02
1.004477177269861750e+04 5.298506080679354913e-02
1.004531357145444417e+04 5.235000459507426623e-02
1.004575761828855866e+04 5.205213048618842486e-02
1.004621772440727727e+04 5.164075790737745336e-02
1.004675763708016530e+04 5.152828440155617085e-02
1.004719533701460023e+04 5.069753299415660081e-02
1.004776263220101100e+04 5.092837083498433226e-02
1.004827100330009307e+04 5.087509853601507315e-02
1.004880261579685975e+04 4.997511270771185649e-02
1.004939158259319083e+04 4.988921061390617223e-02
1.004988579610609122e+04 4.972236065620674189e-02
1.005038347044824150e+04 4.892818086967148927e-02
1.005096205022913637e+04 4.862556866251765281e-02
1.005152909705693310e+04 4.844251945882129679e-02
1.005206788613068238e+04 4.849780924847801183e-02
1.005260332135890894e+04 4.792348781877984326e-02
1.005318147928581857e+04 4.744534187839485884e-02
1.005372317993877550e+04 4.752757239519260490e-02
1.005426869546998569e+04 4.675734802001065005e-02
1.005472345169035361e+04 4.663837984169497825e-02
1.005530219990782462e+04 4.602082352752571992e-02
1.005585711083924798e+04 4.612260673565132807e-02
1.005633557959157952e+04 4.528969729847703851e-02
1.005694389279726602e+04 4.538498667538774095e-02
1.005740777779799646e+04 4.436382231989610681e-02
1.005800529047840064e+04 4.494499330531324249e-02
1.005849490173567028e+04 4.405257092859749674e-02
1.005905939878681784e+04 4.400994099644225249e-02
1.005961575815191827e+04 4.372435299464458303e-02
1.006011817589456950e+04 4.317626024786496569e-02
1.006064320586779650e+04 4.276592384726186219e-02
1.006124555519890600e+04 4.260797850363599870e-02
1.006172112812704836e+04 4.231782907464545773e-02
1.006234412625212281e+04 4.218351264850422194e-02
1.006280612573397229e+04 4.136192342358831903e-02
1.006335333136107511e+04 4.141674325645307991e-02
1.006393583005406981e+04 4.087994705714380339e-02
1.006443184617143015e+04 4.055381516495996236e-02
1.006494638731495434e+04 4.041528969519698339e-02
1.006544763757244255e+04 4.022065768413161241e-02
1.006595475620948127e+04 3.992037501193855531e-02
1.006650299571768483e+04 3.967649914186192894e-02
1.006699310906992469e+04 3.901961605622215196e-02
1.006753564465378986e+04 3.893993258145215380e-02
1.006803613099933318e+04 3.870341165619051171e-02
1.006850790810493709e+04 3.814866230687112558e-02
1.006903588632607352e+04 3.810526406941527888e-02
1.006956186631759192e+04 3.758984698078964015e-02
1.007005159860075582e+04 3.680007661004567471e-02
1.007056501349328755e+04 3.699909782918502782e-02
1.007110451629878662e+04 3.615888897733136181e-02
1.007160399431471706e+04 3.657550548655363193e-02
1.007209290136905656e+04 3.608638977442076706e-02
1.007270110491011837e+04 3.552364355810665869e-02
1.007319766014273955e+04 3.526097456425590637e-02
1.007377618084073947e+04 3.504091988786738054e-02
1.007430198060174007e+04 3.445695296738141705e-02
1.007490428549948592e+04 3.436168864797271849e-02
1.007541031953408674e+04 3.376572561045065868e-02
1.007599390012045660e+04 3.350010057143976844e-02
1.007653536822085334e+04 3.319687139518482516e-02
1.007707140809531847e+04 3.298735926205129121e-02
1.007758006529680824e+04 3.272393023729470302e-02
1.007806647700601206e+04 3.213698997163974558e-02
1.007858895985940035e+04 3.144913268250329463e-02
1.007907375535592291e+04 3.156646596783472397e-02
1.007959016806460204e+04 3.124366601785317707e-02
1.008012791228269816e+04 3.104335850146117126e-02
1.008061423169969203e+04 3.046498948591681161e-02
1.008117714526885356e+04 3.015595279408166129e-02
1.008175763123226898e+04 3.026125584039880689e-02
1.008223415440847566e+04 2.954467006328085829e-02
1.008285493939111620e+04 2.921393583110708583e-02
1.008333088156852682e+04 2.890457341860648913e-02
1.008393806625459911e+04 2.865193824605692663e-02
1.008443163048150564e+04 2.830782299003817976e-02
1.008501868230300170e+04 2.792753835982570224e-02
1.008552506620601707e+04 2.800182954849313524e-02
1.008614179779423102e+04 2.776349520361726803e-02
1.008664245488284359e+04 2.677459854345476398e-02
1.008726035692585901e+04 2.662194256823479169e-02
1.008778690614070911e+04 2.629829347628940758e-02
1.008837023140366182e+04 2.569796385277236389e-02
1.008887042659881445e+04 2.577238344064412823e-02
1.008947210296527373e+04 2.559449559845936722e-02
1.008996415673126285e+04 2.479819248805726489e-02
1.009056252705780753e+04 2.477085178184485620e-02
1.009106088035245921e+04 2.460782251641195281e-02
1.009161156926455988e+04 2.365949944385234080e-02
1.009217848859689184e+04 2.381406468843075969e-02
1.009274168820594605e+04 2.327356878760849374e-02
1.009329566117735521e+04 2.333391189655741049e-02
1.009383420988929720e+04 2.238256996819527542e-02
1.009440241651634278e+04 2.233130301722659888e-02
1.009490597576993605e+04 2.241546539607548391e-02
1.009551148499229930e+04 2.185879381249923592e-02
1.009600276265943467e+04 2.172755570576426556e-02
1.009661460408465246e+04 2.073209873338133918e-02
1.009710633563707233e+04 2.085491952315486619e-02
1.009766148626408358e+04 2.063110425119156141e-02
1.009822565471793860e+04 2.028351213353051311e-02
1.009869963347232078e+04 2.004075088344597216e-02
1.009926357574302347e+04 1.940146448367706042e-02
1.009983033871198313e+04 1.917357349133744920e-02
1.010033341673209907e+04 1.889549490604561580e-02
1.010084791856145057e+04 1.885231497920919486e-02
1.010141141626183889e+04 1.822703433254447766e-02
1.010190465862017845e+04 1.801335339971873659e-02
1.010246965555172574e+04 1.775625169193874309e-02
1.010298886148569545e+04 1.724180643450595393e-02
1.010353225878885678e+04 1.710434509529128524e-02
1.010401088396611522e+04 1.670064729817571578e-02
1.010453783894652952e+04 1.648701358684789842e-02
1.010505795157954708e+04 1.580719793685941843e-02
1.010556604536170198e+04 1.546422569758155313e-02
1.010616837474034037e+04 1.536484785509744690e-02
1.010665484539010504e+04 1.521050992519655184e-02
1.010727801161955904e+04 1.499019132938682504e-02
1.010774768093125385e+04 1.448041519655793308e-02
1.010835717860318982e+04 1.418874245130800037e-02
1.010885352937055177e+04 1.371842034234503627e-02
1.010944313994422555e+04 1.339955964638371057e-02
1.011003696387762466e+04 1.321099053152156172e-02
1.011059391109341050e+04 1.298157563915264615e-02
1.011109083127455233e+04 1.207605244606362038e-02
1.011161819438895327e+04 1.206217956214246205e-02
1.011221746026148503e+04 1.172002867346197408e-02
1.011272283412806974e+04 1.132909720596922930e-02
1.011325969916305075e+04 1.076060986497347563e-02
1.011377174430546074e+04 1.107237419129628378e-02
1.011425999853997746e+04 1.001868978314971945e-02
1.011477180140426935e+04 9.486918931756209081e-03
1.011538112649552022e+04 9.941602348928253383e-03
1.011588958834179539e+04 9.237940984936359942e-03
1.011647346777425446e+04 9.137867563638636670e-03
1.011701246782692760e+04 8.670574551133796923e-03
1.011758956360085722e+04 8.431508010298117278e-03
1.011814182656074991e+04 8.141946693666378410e-03
1.011870833172563653e+04 7.834074594077722678e-03
1.011925622243436919e+04 7.306769319517781441e-03
1.011980348176432562e+04 7.578001872085304153e-03
1.012037017672381626e+04 6.685099740398319813e-03
1.012093243807075123e+04 6.708498252152167440e-03
1.012146327125174139e+04 6.102009344868816049e-03
1.012205196036996131e+04 6.132301302063914404e-03
1.012259745130602641e+04 5.525679320663146564e-03
1.012315927273225680e+04 5.243239509852042762e-03
1.012368653577762598e+04 4.942588925133785047e-03
1.012426925602734082e+04 4.389180418763407969e-03
1.012478001482244690e+04 4.073325387635868752e-03
1.012536494148199745e+04 4.100767316638063813e-03
1.012589832723009022e+04 3.195354933749772024e-03
1.012648026796041086e+04 2.928259779088359695e-03
1.012698709691946533e+04 2.618945189627573319e-03
1.012760312138726113e+04 2.355020222965278822e-03
1.012808754076175319e+04 1.738626923040218972e-03
1.012870092923257653e+04 1.754386414893373920e-03
1.012920278587144276e+04 1.437401426156231657e-03
1.012982324505667566e+04 1.165840994771591291e-03
1.013031620140902851e+04 8.696913144198195177e-04
1.013093159885257774e+04 5.870267265725825218e-04
1.013143922911600566e+04 0.000000000000000000e+00
1.013204852328073139e+04 0.000000000000000000e+00
1.013256840704140450e+04 0.000000000000000000e+00
1.013309042646489252e+04 -8.770648128375169031e-04
1.013369506635505240e+04 -8.765522840281220456e-04
1.013416238580495883e+04 -1.448226176364652423e-03
1.013468144987090818e+04 -1.437814769627360472e-03
1.013531855716185964e+04 -2.296212260350267986e-03
1.013597483531563012e+04 -2.627355182380920751e-03
1.013647951004139395e+04 -2.883508341651879001e-03
1.013710053159914423e+04 -2.935135655762474011e-03
1.013757754550957361e+04 -3.475242420303314636e-03
1.013813516128846641e+04 -3.754517045803530857e-03
1.013871437018570396e+04 -4.118864310839871930e-03
1.013924085600890612e+04 -4.353511447197664329e-03
1.013982401455930267e+04 -4.375098126541382415e-03
1.014033741741870472e+04 -5.223459351936346994e-03
1.014093286440017073e+04 -5.220429489358254828e-03
1.014146271236566281e+04 -5.506462254289262552e-03
1.014201207665953552e+04 -6.338252276364344552e-03
1.014262510125699919e+04 -6.087857619503688270e-03
1.014320483349376991e+04 -6.692881087257847132e-03
1.014376308079790579e+04 -6.948493504066806555e-03
1.014433668781645974e+04 -7.257979313771471819e-03
1.014484707985914611e+04 -7.296107077880289483e-03
1.014538777705847315e+04 -8.149055573266726291e-03
1.014596504922622262e+04 -8.463497185910898168e-03
1.014646204380800918e+04 -8.663063130644663851e-03
1.014704918045660634e+04 -9.007761037559316314e-03
1.014758246353761569e+04 -9.591702659991756252e-03
1.014810606189803002e+04 -9.506048827100080714e-03
1.014869339260029301e+04 -9.898188527782451895e-03
1.014924146807506804e+04 -1.046825494401982387e-02
1.014979169217351591e+04 -1.076060986497363696e-02
1.015033292702817198e+04 -1.126040481837981520e-02
1.015094558540820799e+04 -1.140196536024862262e-02
1.015144481850996635e+04 -1.182080940319035767e-02
1.015204925697407998e+04 -1.203242689989864056e-02
1.015260989051254364e+04 -1.223435009505441720e-02
1.015314794915315906e+04 -1.300408442320668406e-02
1.015378220168275038e+04 -1.291476711654502250e-02
1.015433606322266132e+04 -1.374089738703744394e-02
1.015487396006793642e+04 -1.414369081932994807e-02
1.015549554019138850e+04 -1.435922107788865053e-02
1.015598547247949500e+04 -1.445947690830926349e-02
1.015662217771012911e+04 -1.505563493814617709e-02
1.015709200475497346e+04 -1.536484785509743996e-02
1.015773233745683683e+04 -1.561841089557643690e-02
1.015821237954246135e+04 -1.564795765259562391e-02
1.015885320498654619e+04 -1.610340756657873545e-02
1.015934904707631358e+04 -1.693965739719577313e-02
1.015993386942937650e+04 -1.718405470915730301e-02
1.016061886495597537e+04 -1.726451074492038607e-02
1.016111732466991452e+04 -1.777177144661486879e-02
1.016175329074110232e+04 -1.793901951204245407e-02
1.016223930307666524e+04 -1.829584938732294053e-02
1.016288867278787984e+04 -1.825727979578076893e-02
1.016336223215996870e+04 -1.883840669046498925e-02
1.016401209726383786e+04 -1.934976817987621445e-02
1.016453358629233298e+04 -1.904819497069447365e-02
1.016509143750196927e+04 -1.998618300011499940e-02
1.016569893098375542e+04 -1.991864330651934092e-02
1.016626808687841913e+04 -2.061928720273570326e-02
1.016688969332119268e+04 -2.063144208018411960e-02
1.016740868930556098e+04 -2.122095548288542230e-02
1.016792389689814627e+04 -2.186994877322972000e-02
1.016855723856682562e+04 -2.151888487582363438e-02
1.016904251725752511e+04 -2.250569927106140997e-02
1.016960856071351554e+04 -2.261808858777240167e-02
1.017019388926501051e+04 -2.309845068668017753e-02
1.017070169559634996e+04 -2.339972222287898390e-02
1.017129728934550621e+04 -2.357209907426671344e-02
1.017190938496055787e+04 -2.394085084153404694e-02
1.017238205387426206e+04 -2.414662772070414257e-02
1.017302505339264462e+04 -2.479465861321639153e-02
1.017352475516614868e+04 -2.489512079987835080e-02
1.017410809529324069e+04 -2.544368868657437971e-02
1.017475026797201645e+04 -2.499027593532852226e-02
1.017533305175666464e+04 -2.606782676991745845e-02
1.017594039468445408e+04 -2.637580666481165528e-02
1.017643269057444923e+04 -2.623292369220191558e-02
1.017705696501066632e+04 -2.677811908139294053e-02
1.017767746760425143e+04 -2.714030889955383954e-02
1.017826619395029775e+04 -2.771068367739664903e-02
1.017887074326666698e+04 -2.774676229969307018e-02
1.017937523218036586e+04 -2.837692233861607849e-02
1.017999042055046630e+04 -2.855234429367034185e-02
1.018051043114344975e+04 -2.905560228413834115e-02
1.018109073586847990e+04 -2.931042176759366194e-02
1.018165079213713216e+04 -2.941388520629334077e-02
1.018217342788468704e+04 -2.994939051584221551e-02
1.018278475693835389e+04 -2.987945988396019381e-02
1.018333904659516884e+04 -3.057071422721494361e-02
1.018388428658580233e+04 -3.045623394475375709e-02
1.018448180622314794e+04 -3.120653582081341429e-02
1.018509271692002949e+04 -3.118292743668805295e-02
1.018567565778041535e+04 -3.178607799872643080e-02
1.018629127231816528e+04 -3.221794836776965126e-02
1.018677933046930593e+04 -3.217592570821148357e-02
1.018738561278295492e+04 -3.327802695944839101e-02
1.018800108738111339e+04 -3.294415571935391945e-02
1.018858752460152937e+04 -3.368117483038560178e-02
1.018918876435776292e+04 -3.403085794771316952e-02
1.018980270690577345e+04 -3.443498432736243758e-02
1.019038549587388115e+04 -3.423172832318579356e-02
1.019091887225429673e+04 -3.491626510622798663e-02
1.019152004163522179e+04 -3.516452893315930722e-02
1.019218060415749096e+04 -3.547519498392952275e-02
1.019275489416536766e+04 -3.558263983425540705e-02
1.019337067937121901e+04 -3.651760293249660394e-02
1.019397354829319374e+04 -3.645318371157967030e-02
1.019457754347237096e+04 -3.722734161034337019e-02
1.019518828488626241e+04 -3.749323414208830668e-02
1.019576924330888687e+04 -3.757412944168758706e-02
1.019639383134474883e+04 -3.788556071856093166e-02
1.019699671358962587e+04 -3.832804472030480053e-02
1.019752903892900576e+04 -3.917449816112954925e-02
1.019812362372345160e+04 -3.933672916362077748e-02
1.019869719093348431e+04 -3.937166794260892749e-02
1.019933339327133035e+04 -3.956819679608977042e-02
1.019993170819792249e+04 -3.977202311487099823e-02
1.020051708553685239e+04 -4.057835948433197171e-02
1.020106525771554334e+04 -4.127944556291422012e-02
1.020165252611429787e+04 -4.072419022656858373e-02
1.020219238153016522e+04 -4.139343352861319519e-02
1.020279033499542493e+04 -4.200170605345082686e-02
1.020329513369282176e+04 -4.254703762172865056e-02
1.020390060752339014e+04 -4.279049909292727272e-02
1.020444035368501682e+04 -4.272265551178332926e-02
1.020501077453312246e+04 -4.343264053664153829e-02
1.020556295879952268e+04 -4.341349292681353361e-02
1.020613737954822864e+04 -4.409650642083729616e-02
1.020674671772502916e+04 -4.443832252352473977e-02
1.020726670271629882e+04 -4.446494170825960462e-02
1.020791702401143630e+04 -4.524293898409136733e-02
1.020851988780125612e+04 -4.535239105527539422e-02
1.020909394357727979e+04 -4.562035575807978777e-02
1.020968356385434527e+04 -4.603008372562685663e-02
1.021023203644267596e+04 -4.639467355530341869e-02
1.021086266041884846e+04 -4.652001563489269881e-02
1.021145812689975537e+04 -4.681513146999920910e-02
1.021205542624298323e+04 -4.726236977189185451e-02
1.021273104179606526e+04 -4.757752297737030678e-02
1.021324777121873740e+04 -4.813363717353395105e-02
1.021387489714884214e+04 -4.854004830563308365e-02
1.021438010964950081e+04 -4.883375709866590031e-02
1.021500490904195431e+04 -4.905451628799134545e-02
1.021553421599447756e+04 -4.989015328045542236e-02
1.021612953273182211e+04 -4.997254680792145853e-02
1.021665225657561132e+04 -5.004789719862148129e-02
1.021724241454740877e+04 -5.081508012302462379e-02
1.021783652301843540e+04 -5.084566335152812533e-02
1.021845399066552454e+04 -5.166098651082548510e-02
1.021904294926825969e+04 -5.109516442889065757e-02
1.021966797744073483e+04 -5.174086324731640152e-02
1.022018295192863843e+04 -5.240210192560587621e-02
1.022078835285903733e+04 -5.251095055017725860e-02
1.022149621751235463e+04 -5.309389045564864157e-02
1.022207811827419209e+04 -5.334200548680466392e-02
1.022273813480356694e+04 -5.344668138067655561e-02
1.022335550017241621e+04 -5.419676753466643598e-02
1.022404853744157117e+04 -5.423015406086008350e-02
1.022461942907557204e+04 -5.478794202219403747e-02
1.022531723453065024e+04 -5.487810663930527827e-02
1.022595753437091298e+04 -5.554481809030327455e-02
1.022655621092494766e+04 -5.571060701400559756e-02
1.022719348768434247e+04 -5.614561645874536350e-02
1.022784286514636187e+04 -5.633171130242397434e-02
1.022844919162906081e+04 -5.722693515010288806e-02
1.022902801011486736e+04 -5.703951686403808258e-02
1.022971369764958763e+04 -5.734824083909483006e-02
1.023033687404929515e+04 -5.779186161453035014e-02
1.023096331153152460e+04 -5.853133322498469543e-02
1.023158169016029206e+04 -5.843276004901735293e-02
1.023219625288347379e+04 -5.914976243455252053e-02
1.023278505828712332e+04 -5.941158972150031858e-02
1.023341781801821344e+04 -5.995533223327229044e-02
1.023400924445251076e+04 -5.993405170521412528e-02
1.023470906519756500e+04 -6.053330512093973992e-02
1.023528789810445778e+04 -6.100546020954740467e-02
1.023592911754472880e+04 -6.130560134894884328e-02
1.023642876604778030e+04 -6.162236337531797059e-02
1.023705242263887521e+04 -6.207959079128019114e-02
1.023764144374375792e+04 -6.229341306387535526e-02
1.023820042243399257e+04 -6.247316958602225356e-02
1.023874104022863867e+04 -6.264219904605151934e-02
1.023937348811786433e+04 -6.308260178227799442e-02
1.023992557216413479e+04 -6.340789468913113347e-02
1.024048480516468589e+04 -6.376542484858274684e-02
1.024113484115704341e+04 -6.430242150242890253e-02
1.024171193377992859e+04 -6.440187844823044849e-02
1.024223910273345427e+04 -6.525354537257027632e-02
1.024296170123707634e+04 -6.511084627333245389e-02
1.024360035492992210e+04 -6.572588076475213703e-02
1.024420113938751820e+04 -6.588584113736094261e-02
1.024491125000866123e+04 -6.649892168700093087e-02
1.024550154820076932e+04 -6.706254927107496711e-02
1.024620368182695711e+04 -6.717588530365667387e-02
1.024680229361368220e+04 -6.748229718158460511e-02
1.024740771983857667e+04 -6.821172865644042904e-02
1.024802706185958050e+04 -6.832220876323445713e-02
1.024864754517003712e+04 -6.848415978832965434e-02
1.024916124119027518e+04 -6.926666233351708168e-02
1.024969025739863537e+04 -6.941312784951422787e-02
1.025017458681767857e+04 -6.928912389616902201e-02
1.025067707463917213e+04 -6.988302090451031789e-02
1.025121441929918547e+04 -7.015070541452003705e-02
1.025170528926128100e+04 -7.014055798154383847e-02
1.025215890707183280e+04 -7.078854148274248137e-02
1.025273371417626731e+04 -7.083420030333860418e-02
1.025319310973408574e+04 -7.117627846789499613e-02
1.025375986199347062e+04 -7.196032639046723300e-02
1.025431708258711114e+04 -7.185073675894823597e-02
1.025485339463185483e+04 -7.259283748049821794e-02
1.025535919390298113e+04 -7.283603383860094704e-02
1.025590414911777589e+04 -7.295056461710995588e-02
1.025643103083411552e+04 -7.339432359533382133e-02
1.025696330138842859e+04 -7.350736485497209871e-02
1.025750416301808218e+04 -7.413031427868234380e-02
1.025806357680726069e+04 -7.383651578866547160e-02
1.025856969893977657e+04 -7.498222545142819995e-02
1.025919859904907025e+04 -7.444869926867433985e-02
1.025970625844285496e+04 -7.534183396071757188e-02
1.026022748972686531e+04 -7.527347345115706356e-02
1.026085802046226672e+04 -7.599367206840490496e-02
1.026136015307067464e+04 -7.619277737435688203e-02
1.026200114777347699e+04 -7.659391872036587501e-02
1.026252083692906672e+04 -7.671588730086960350e-02
1.026305802409528042e+04 -7.699619113876803034e-02
1.026370386373950350e+04 -7.762516203053619612e-02
1.026429708383878278e+04 -7.768212823568158842e-02
1.026481024355713998e+04 -7.803988374716204490e-02
1.026544669123787207e+04 -7.818388015597098339e-02
1.026602088094185820e+04 -7.872425271153626891e-02
1.026664109361838564e+04 -7.916152095180839510e-02
1.026710247309604165e+04 -7.934730569119348431e-02
1.026766010393348188e+04 -7.999399016201730328e-02
1.026826483794838896e+04 -7.950600448190672798e-02
1.026882936939818501e+04 -8.006690463681881420e-02
1.026935332829942672e+04 -8.051029064726974993e-02
1.026995363119520152e+04 -8.114205184230023626e-02
1.027046415882467591e+04 -8.135552239056828561e-02
1.027095548356388827e+04 -8.131093866153152327e-02
1.027145612786420861e+04 -8.187877376310938315e-02
1.027200746468271973e+04 -8.180949258542223601e-02
1.027245328565250929e+04 -8.284126197289513882e-02
1.027300080776725372e+04 -8.243213620996846236e-02
1.027355374063113959e+04 -8.287322051935705480e-02
1.027406463317184898e+04 -8.350874643842781664e-02
1.027454952951118139e+04 -8.357176518467199222e-02
1.027502662169600444e+04 -8.415897995969215395e-02
1.027560368881657996e+04 -8.412444635586045771e-02
1.027610443818880231e+04 -8.433652683842228492e-02
1.027663665045916059e+04 -8.452308918221586309e-02
1.027713714545244511e+04 -8.478880106279203244e-02
1.027763376270421577e+04 -8.592750932685004617e-02
1.027819898765055768e+04 -8.527714720314924501e-02
1.027876320461039541e+04 -8.535402142834948302e-02
1.027937891591227162e+04 -8.596883308831289316e-02
1.027989790035814440e+04 -8.573252099980381569e-02
1.028051625093472649e+04 -8.690518041967909557e-02
1.028104035437236234e+04 -8.693280696405396302e-02
1.028164312279857768e+04 -8.767169581554007385e-02
1.028221773143233986e+04 -8.810726751026665138e-02
1.028267875210279453e+04 -8.822564211256127276e-02
1.028315375467703234e+04 -8.798540731422549444e-02
1.028369672060311677e+04 -8.816811511745335783e-02
1.028424975518956489e+04 -8.877660251419888793e-02
1.028470023540034344e+04 -8.926180316508432189e-02
1.028521297372561094e+04 -8.915738584088345187e-02
1.028575616132618961e+04 -8.974902936992022739e-02
1.028627365643805024e+04 -8.999645383308314817e-02
1.028681373902960149e+04 -9.077765998712253315e-02
1.028735423715771685e+04 -9.072400813508355033e-02
1.028790087521200803e+04 -9.104061412158138966e-02
1.028850661074110030e+04 -9.139055621762590120e-02
1.028904013325165579e+04 -9.174100901288791132e-02
1.028963276359660267e+04 -9.222276873624819793e-02
1.029019861872874571e+04 -9.201889872025213746e-02
1.029079675468374080e+04 -9.254271754716839049e-02
1.029135414802408923e+04 -9.312597798948360484e-02
1.029188582329210840e+04 -9.320466961017837004e-02
1.029250707710898496e+04 -9.368284014494943079e-02
1.029300270269009525e+04 -9.392745215416239968e-02
1.029359830558481372e+04 -9.413267010100524745e-02
1.029416496356412063e+04 -9.458030604007909570e-02
1.029471520560665158e+04 -9.499175916797740482e-02
1.029532104271327808e+04 -9.525137529988288165e-02
1.029581371960167962e+04 -9.559782542690366258e-02
1.029646771042936416e+04 -9.554612624557762279e-02
1.029696910101129470e+04 -9.606408710943950546e-02
1.029761607232928327e+04 -9.639358766691161207e-02
1.029810897312138695e+04 -9.667739308436547330e-02
1.029874031485063460e+04 -9.672045151532110419e-02
1.029928495976948216e+04 -9.754196775443238487e-02
1.029991429675690415e+04 -9.788899053496991076e-02
1.030044472195818344e+04 -9.865201740567403066e-02
1.030108532316286619e+04 -9.808775632874659756e-02
1.030159434696472454e+04 -9.850053535168987184e-02
1.030223365878528239e+04 -9.881178828441215811e-02
1.030275679224939086e+04 -9.966875978361632027e-02
1.030336467101659582e+04 -9.975862503130669690e-02
1.030393134876011391e+04 -1.000068730453923388e-01
1.030452860039346706e+04 -1.002224600630561430e-01
1.030505699720141092e+04 -1.006228619898788673e-01
1.030568346306298008e+04 -1.009466437637938085e-01
1.030620695366815562e+04 -1.009207068499949900e-01
1.030671649348746359e+04 -1.013909861481267494e-01
1.030725122438207109e+04 -1.022743441187401042e-01
1.030779930142399462e+04 -1.020759064510256553e-01
1.030835138926851141e+04 -1.025589371240924613e-01
1.030889455596797234e+04 -1.029515518317920125e-01
1.030952185676358386e+04 -1.028132428001179433e-01
1.031002526263714753e+04 -1.031714373001019758e-01
1.031056142163023287e+04 -1.038741031309433765e-01
1.031111596755658502e+04 -1.041720087000709838e-01
1.031173743311802718e+04 -1.046746781744202492e-01
1.031232302489350877e+04 -1.047396107507035518e-01
1.031285762978968160e+04 -1.046485184757366960e-01
1.031345593654639015e+04 -1.049675111332157157e-01
1.031400216897247083e+04 -1.056816976101616345e-01
1.031463226143584143e+04 -1.058200292379736368e-01
1.031516890888773924e+04 -1.060392377471966047e-01
1.031577216568184122e+04 -1.066280047369863038e-01
1.031633843634963341e+04 -1.065032796382001656e-01
1.031687166651957705e+04 -1.074142998339432109e-01
1.031743734049018167e+04 -1.072674636653642016e-01
1.031798868154990123e+04 -1.082219340113163841e-01
1.031854116249052277e+04 -1.084471885658412349e-01
1.031910486316575589e+04 -1.083645014601988116e-01
1.031965890602032232e+04 -1.085905874722192799e-01
1.032020472811434047e+04 -1.092105644606662790e-01
1.032070199589698314e+04 -1.091880852858111151e-01
1.032127746156912872e+04 -1.093784071365259819e-01
1.032178347884831055e+04 -1.098382803672347113e-01
1.032232953001089663e+04 -1.102227879603549232e-01
1.032295453549070407e+04 -1.107276912645663719e-01
1.032348882322122518e+04 -1.107276912645663719e-01
1.032409955826698206e+04 -1.111056991901292895e-01
1.032461558768539362e+04 -1.114301410586516772e-01
1.032522970236584661e+04 -1.112427899757736371e-01
1.032578477616307282e+04 -1.121123867585150924e-01
1.032639002008297030e+04 -1.121172981207062408e-01
1.032691926222489928e+04 -1.129592385493143614e-01
1.032754880068012244e+04 -1.129308709406583316e-01
1.032804823246673550e+04 -1.135840864623402779e-01
1.032868620646616546e+04 -1.133754153707981771e-01
1.032921027798025716e+04 -1.144016158367382879e-01
1.032984154411493000e+04 -1.142773353087547517e-01
1.033034986067813406e+04 -1.147677415346238239e-01
1.033097657802229151e+04 -1.149767579614478646e-01
1.033151496014594159e+04 -1.153108465109943664e-01
1.033212955065059214e+04 -1.158472094953037351e-01
1.033267238661441297e+04 -1.162518092826078236e-01
1.033330300110053759e+04 -1.162477792960534551e-01
1.033383693696017872e+04 -1.167631477556379666e-01
1.033445433654676162e+04 -1.171633327294153981e-01
1.033504183858348733e+04 -1.177464973002400189e-01
1.033559871035299693e+04 -1.177103638784365996e-01
1.033619718093598931e+04 -1.176366334893699100e-01
1.033674912226057131e+04 -1.181430198209678512e-01
1.033738168909442902e+04 -1.182244393272006977e-01
1.033790196309008024e+04 -1.191958490196804998e-01
1.033855165790494357e+04 -1.194048568743874134e-01
1.033905289758364597e+04 -1.198117278461419133e-01
1.033969153494719103e+04 -1.199881082146974087e-01
1.034022578233853528e+04 -1.205759789470999543e-01
1.034076080903949151e+04 -1.207541599841412822e-01
1.034137615949996325e+04 -1.210575653396197271e-01
1.034190877628453381e+04 -1.216728060740220607e-01
1.034246929559344790e+04 -1.217038840305377650e-01
1.034302625996920324e+04 -1.218898176090370128e-01
1.034356447582610599e+04 -1.220417982426542924e-01
1.034408212838750842e+04 -1.226023220923323914e-01
1.034466206324632549e+04 -1.233671794837229441e-01
1.034528693309829396e+04 -1.233549140284084245e-01
1.034581996047341090e+04 -1.236061702609544261e-01
1.034635485343398250e+04 -1.238079295951304420e-01
1.034688256355504745e+04 -1.241299339686974118e-01
1.034739838262867670e+04 -1.244087106285207550e-01
1.034801779673981764e+04 -1.243896326664281488e-01
1.034858043939303934e+04 -1.243235697202662304e-01
1.034923729675396498e+04 -1.252221417445479323e-01
1.034974683614380410e+04 -1.259445456114642869e-01
1.035039949787123987e+04 -1.258333842659600521e-01
1.035090154670334050e+04 -1.265396590352182160e-01
1.035152283744551096e+04 -1.265004690829037159e-01
1.035215942229046232e+04 -1.273937144353156081e-01
1.035271056557717930e+04 -1.274420639303915637e-01
1.035321139325148761e+04 -1.275672016919706109e-01
1.035379708360915902e+04 -1.280486915300956818e-01
1.035440785369986406e+04 -1.278605820240292512e-01
1.035490558593713467e+04 -1.286801340171489227e-01
1.035551540157530872e+04 -1.292729272452783906e-01
1.035610280806836090e+04 -1.294266960884468409e-01
1.035666380839671365e+04 -1.292829583630971391e-01
1.035715559588594442e+04 -1.299392246918429084e-01
1.035779143594091511e+04 -1.298556168906528085e-01
1.035832505164756367e+04 -1.306403816488208025e-01
1.035899006383453707e+04 -1.304820932941250511e-01
1.035947699645077410e+04 -1.310863529696084384e-01
1.036013744159350063e+04 -1.309693886611337788e-01
1.036063392058685349e+04 -1.318267168276468781e-01
1.036130213881013697e+04 -1.316951513941079233e-01
1.036179655341390753e+04 -1.322095153666066891e-01
1.036245330618276785e+04 -1.324350399952033963e-01
1.036295836282895652e+04 -1.329551897851865561e-01
1.036359965008724612e+04 -1.328529665469410370e-01
1.036412298007537538e+04 -1.336563848126736953e-01
1.036479746879053346e+04 -1.338675835841524608e-01
1.036528931717038540e+04 -1.342427939057546926e-01
1.036595124434440004e+04 -1.344556459357068579e-01
1.036646682249089099e+04 -1.348192228089514777e-01
1.036709401617809817e+04 -1.351435434976404060e-01
1.036764496388162843e+04 -1.354800240170567216e-01
1.036825703643226370e+04 -1.355216115702914947e-01
1.036877321184541506e+04 -1.359556362360291037e-01
1.036942359471777854e+04 -1.364118554898767766e-01
1.036998715744010951e+04 -1.370362417668528066e-01
1.037053478204018938e+04 -1.371840614706638928e-01
1.037116575063934033e+04 -1.378036504315818533e-01
1.037169640669306136e+04 -1.377604369260189698e-01
1.037234061529222345e+04 -1.377505437754731332e-01
1.037295798258939249e+04 -1.385189341355615444e-01
1.037347536276367282e+04 -1.390039911392689509e-01
1.037412634684086697e+04 -1.389296858169028759e-01
1.037465185250542709e+04 -1.395419607060772171e-01
1.037528296769679582e+04 -1.397619423751587375e-01
1.037582533794516894e+04 -1.401284709868199363e-01
1.037642201195441885e+04 -1.403332830635641015e-01
1.037696486765872032e+04 -1.405764641795580472e-01
1.037759299224787901e+04 -1.407589221955920511e-01
1.037810137472707356e+04 -1.410433217804947792e-01
1.037870013665138868e+04 -1.417831585553749052e-01
1.037929168348786334e+04 -1.420399313824351195e-01
1.037980934333255573e+04 -1.423401831717624466e-01
1.038041705058697153e+04 -1.429654248578811904e-01
1.038102264396018654e+04 -1.431687991977649843e-01
1.038152808897131945e+04 -1.431458420657360231e-01
1.038218374809063425e+04 -1.433281163689244242e-01
1.038268529862510150e+04 -1.436616646973779554e-01
1.038331303535196639e+04 -1.438941796600692880e-01
1.038385042776126647e+04 -1.447364601060485145e-01
1.038456071851950583e+04 -1.448270653708995936e-01
1.038507781995352889e+04 -1.447627570197929370e-01
1.038573466547515454e+04 -1.453017135319746023e-01
1.038631608632848111e+04 -1.454789660456408951e-01
1.038686401034019400e+04 -1.462821349696584727e-01
1.038751232939801230e+04 -1.461744211665992332e-01
1.038814394514708329e+04 -1.472968433000155508e-01
1.038877490925490747e+04 -1.470213952727891793e-01
1.038927017407325729e+04 -1.476228655362085418e-01
1.038989178672687558e+04 -1.478173498719990708e-01
1.039046930103098930e+04 -1.486088692193105743e-01
1.039101730649516867e+04 -1.484783498774717714e-01
1.039164680050090283e+04 -1.487146861282148125e-01
1.039216096926510363e+04 -1.487342820220896311e-01
1.039277270772396332e+04 -1.492191496061618106e-01
1.039334178166645324e+04 -1.496353418810495439e-01
1.039397740785478163e+04 -1.499659625141532560e-01
1.039461603622456278e+04 -1.501081055859730395e-01
1.039513452389106897e+04 -1.507819472383137849e-01
1.039575940991671632e+04 -1.507888408062704189e-01
1.039642421188027402e+04 -1.515016716556814858e-01
1.039700063861372837e+04 -1.514755158981438699e-01
1.039763525850508086e+04 -1.519942390778529495e-01
1.039814893435625527e+04 -1.527007738171297646e-01
1.039881807012492573e+04 -1.528146742845160888e-01
1.039945255036821618e+04 -1.529179684460897637e-01
1.039998359965563759e+04 -1.535085300855152934e-01
1.040061822481577838e+04 -1.542984012249713766e-01
1.040122695385968655e+04 -1.539035771054000912e-01
1.040176074897549734e+04 -1.545919536448180920e-01
1.040235424539756787e+04 -1.544929697501622179e-01
1.040301917506250902e+04 -1.546859466218682977e-01
1.040354400733902730e+04 -1.553726062238287575e-01
1.040421934162186335e+04 -1.558172651843290901e-01
1.040479811377763508e+04 -1.562343672528366811e-01
1.040545933416366825e+04 -1.563687953392797758e-01
1.040605033114863545e+04 -1.566828198634959146e-01
1.040662967709907571e+04 -1.567536329458657784e-01
1.040719663549301731e+04 -1.570678347547650178e-01
1.040786549290710354e+04 -1.572919408769673510e-01
1.040837433740604683e+04 -1.578069910303688539e-01
1.040906460058751873e+04 -1.583579165992355930e-01
1.040965344974408072e+04 -1.585321677772473514e-01
1.041028671237752133e+04 -1.587896853336583924e-01
1.041081009282052946e+04 -1.594892501163678589e-01
1.041143213495645432e+04 -1.598874839316814789e-01
1.041208248271607408e+04 -1.597615587693865524e-01
1.041257928098567209e+04 -1.603426500751792549e-01
1.041325837785170370e+04 -1.605092964455582527e-01
1.041375675742045314e+04 -1.612391204412169654e-01
1.041441070219496760e+04 -1.610701038278021247e-01
1.041492313354153521e+04 -1.614635922877065421e-01
1.041556402012719809e+04 -1.617034739686493139e-01
1.041608060311420741e+04 -1.617685628061326930e-01
1.041672567135048484e+04 -1.622081077170266505e-01
1.041741449446837032e+04 -1.628273123746897810e-01
1.041805422525796348e+04 -1.625711565461752106e-01
1.041858060424032374e+04 -1.633203823871109406e-01
1.041919808574654962e+04 -1.636229108422192768e-01
1.041978259591011374e+04 -1.641882209529746672e-01
1.042041748194334832e+04 -1.646897347538807121e-01
1.042099845886651383e+04 -1.645327515334715218e-01
1.042156701344781322e+04 -1.649600095980535142e-01
1.042216612092352625e+04 -1.655317746578935101e-01
1.042280056811652685e+04 -1.658966771265543705e-01
1.042343876838458527e+04 -1.658066225556198703e-01
1.042407227098647854e+04 -1.663072387187666534e-01
1.042458420133120853e+04 -1.665786488380458230e-01
1.042520387829611536e+04 -1.669481973271926822e-01
1.042585671527469458e+04 -1.672960364084153662e-01
1.042638242720654125e+04 -1.672941903108041417e-01
1.042700599892733771e+04 -1.680205276914089885e-01
1.042757338284563593e+04 -1.683840489501731985e-01
1.042818827298733959e+04 -1.687799898432174039e-01
1.042875027069102180e+04 -1.692692796653865184e-01
1.042937670603236984e+04 -1.694897524986613557e-01
1.043001057624404348e+04 -1.696829747415351530e-01
1.043072216422780366e+04 -1.698990367953974734e-01
1.043130468033669968e+04 -1.705639413079987343e-01
1.043195351129095252e+04 -1.706186730830375198e-01
1.043250230317808746e+04 -1.711097101525759778e-01
1.043317116530104067e+04 -1.713169971337623054e-01
1.043377200091972190e+04 -1.714270543811275416e-01
1.043439905100067153e+04 -1.718502569266592839e-01
1.043505784925433909e+04 -1.720349120836791035e-01
1.043566700922982636e+04 -1.725871223346964467e-01
1.043628545068555650e+04 -1.729765183198633538e-01
1.043694559684853084e+04 -1.732158983443551348e-01
1.043755903434786160e+04 -1.736737507240881384e-01
1.043819244419086317e+04 -1.741553477342879519e-01
1.043880234558275333e+04 -1.743256859300777450e-01
1.043953616607152617e+04 -1.746678480613066964e-01
1.044015175702525812e+04 -1.750772997107241380e-01
1.044075378065615587e+04 -1.751422763052493670e-01
1.044139790996542433e+04 -1.757346028339764055e-01
1.044202183762866662e+04 -1.762403779552505767e-01
1.044268530502932481e+04 -1.764307812511838880e-01
1.044340935327477018e+04 -1.768255762901667916e-01
1.044402577855280106e+04 -1.772457033651649305e-01
1.044472640212079932e+04 -1.774525124753291161e-01
1.044541974107241913e+04 -1.776399280469618258e-01
1.044600725224532471e+04 -1.784006820507178792e-01
1.044660848757749227e+04 -1.784929554451990252e-01
1.044721422318403347e+04 -1.790943279404742794e-01
1.044787910130028285e+04 -1.789131760613915378e-01
1.044839046265546494e+04 -1.793304399338150612e-01
1.044904182993877112e+04 -1.801183225088298645e-01
1.044958654579793074e+04 -1.799630651346617871e-01
1.045025136217555155e+04 -1.805374350004531891e-01
1.045075889667170850e+04 -1.806787495716336289e-01
1.045143975142271483e+04 -1.811217966020505776e-01
1.045194777299866655e+04 -1.812731555097378544e-01
1.045261880805085457e+04 -1.820222899953720941e-01
1.045313951190569605e+04 -1.822629933550928560e-01
1.045381365982651732e+04 -1.821441102492603326e-01
1.045435075003653947e+04 -1.828494005644578368e-01
1.045499252271731893e+04 -1.826787634417963435e-01
1.045562993861636824e+04 -1.835092053896106579e-01

