#This file has been produced by quickread.moulinex (v 2.0.11 - November 18th, 2019)
#E. Fonda, C. La Fontaine - Synchrotron SOLEIL. Covered by GPL licence.
#Interpolate over grid = 24100, 2, 24300, 0.8, 24450, 2, 25850
#Average 700 = 695 scans - Elapsed time 347.57 s (exposure 173.79 s)
#No smoothing
#Dark = 	0	0	0
#offset = 0 
#d=3.1356 
#Data from HDF File: /nfs/ruche-rock/rock-soleil/com-rock/2020/Projets/20200714_kit/foils/Pd_foil/Pdfoil_00002.nxs to Pdfoil_00070.nxs
#Direction is increasing angle
#Time at start=2020-07-14 13:28:30.515
#Time from start (seconds)=177.590330422
#Z0=Z+DeltaZ0+offset=4.607470
#Sample temperature (C)=nan
#Resistor temperature (C)=nan
#Energy	Angle	mux	mus	I0	I1	I2	Direction	iFluo1	Time
24100.00000000	4.70554090	-0.14598306	-1.44986647	13286.31855263	15374.61666045	65535.00000000	11903.74938213	  177.66891364
24102.00000000	4.70514955	-0.17548008	-1.42609009	13210.52926190	15744.54979034	65535.00000000	12578.40340630	  177.67343820
24104.00000000	4.70475827	-0.20102391	-1.40573886	13142.11009674	16068.25350598	65535.00000000	13155.64965982	  177.67732072
24106.00000000	4.70436705	-0.22302907	-1.38844927	13080.28338623	16348.48248320	65535.00000000	13697.02676409	  177.68045517
24108.00000000	4.70397589	-0.24182445	-1.37413084	13021.85450363	16584.25103967	65535.00000000	14410.36005060	  177.68222814
24110.00000000	4.70358480	-0.25765646	-1.36228862	12970.00350913	16781.81279969	65535.00000000	15095.21683441	  177.68336194
24112.00000000	4.70319378	-0.27096576	-1.35262888	12922.75507635	16944.70631324	65535.00000000	15804.22351305	  177.68371224
24114.00000000	4.70280282	-0.28195874	-1.34474091	12882.69197015	17078.89413140	65535.00000000	16288.28245225	  177.68425097
24116.00000000	4.70241193	-0.29080521	-1.33871700	12846.38099778	17182.08629067	65535.00000000	16885.79377234	  177.68384900
24118.00000000	4.70202110	-0.29784047	-1.33424771	12813.45990580	17259.05000785	65535.00000000	17475.20307765	  177.68306539
24120.00000000	4.70163034	-0.30323174	-1.33108091	12784.98837453	17313.79252242	65535.00000000	17973.62388812	  177.68220910
24122.00000000	4.70123964	-0.30732679	-1.32923385	12756.28014492	17345.80178083	65535.00000000	18594.98793792	  177.68048771
24124.00000000	4.70084901	-0.31015231	-1.32798146	12736.22870203	17367.53907008	65535.00000000	18905.63132169	  177.67962770
24126.00000000	4.70045844	-0.31209796	-1.32766152	12715.53999445	17373.09643639	65535.00000000	19406.92963575	  177.67781394
24128.00000000	4.70006794	-0.31330882	-1.32791357	12696.95192339	17368.71815771	65535.00000000	19947.64120484	  177.67570655
24130.00000000	4.69967750	-0.31402443	-1.32843398	12681.26797774	17359.68158651	65535.00000000	20381.89016947	  177.67387023
24132.00000000	4.69928712	-0.31435203	-1.32917726	12667.69516619	17346.78340300	65535.00000000	20755.45041993	  177.67211144
24134.00000000	4.69889682	-0.31451496	-1.32996201	12655.69592866	17333.17588067	65535.00000000	21034.32969286	  177.67067007
24136.00000000	4.69850657	-0.31453531	-1.33059830	12647.38829077	17322.15028952	65535.00000000	21102.81507829	  177.67006207
24138.00000000	4.69811639	-0.31466818	-1.33125764	12637.37298774	17310.73292123	65535.00000000	21180.82893489	  177.66945462
24140.00000000	4.69772628	-0.31468594	-1.33199379	12627.84900987	17297.99427918	65535.00000000	21282.48100311	  177.66874601
24142.00000000	4.69733623	-0.31478765	-1.33270909	12617.53626567	17285.62551437	65535.00000000	21305.30401707	  177.66827108
24144.00000000	4.69694625	-0.31484796	-1.33345995	12607.30542354	17272.65124866	65535.00000000	21329.54600201	  177.66778913
24146.00000000	4.69655633	-0.31496838	-1.33403917	12598.48796762	17262.64952310	65535.00000000	21326.60892311	  177.66746325
24148.00000000	4.69616647	-0.31501594	-1.33467334	12589.90215300	17251.70561298	65535.00000000	21336.57161562	  177.66712490
24150.00000000	4.69577668	-0.31505131	-1.33537746	12580.59553628	17239.56263311	65535.00000000	21346.46357285	  177.66678948
24152.00000000	4.69538696	-0.31513484	-1.33610707	12570.36981472	17226.98903491	65535.00000000	21335.65670672	  177.66645835
24154.00000000	4.69499730	-0.31518004	-1.33684751	12560.49788236	17214.23810923	65535.00000000	21325.36336605	  177.66613002
24156.00000000	4.69460770	-0.31532005	-1.33765492	12548.60341634	17200.34484172	65535.00000000	21330.38407236	  177.66580938
24158.00000000	4.69421817	-0.31532392	-1.33873014	12535.06964982	17181.86057941	65535.00000000	21339.55216529	  177.66549345
24160.00000000	4.69382871	-0.31541021	-1.33984411	12520.03337650	17162.73120919	65535.00000000	21345.94202836	  177.66518306
24162.00000000	4.69343931	-0.31547911	-1.34118784	12502.35975882	17139.68461213	65535.00000000	21334.21491353	  177.66487094
24164.00000000	4.69304997	-0.31553461	-1.34261590	12483.82537762	17115.22554608	65535.00000000	21322.96772215	  177.66455922
24166.00000000	4.69266070	-0.31569469	-1.34408614	12463.48932985	17090.08056868	65535.00000000	21331.91861006	  177.66425098
24168.00000000	4.69227149	-0.31565127	-1.34564604	12444.60309641	17063.44257448	65535.00000000	21342.15662789	  177.66394802
24170.00000000	4.69188235	-0.31575987	-1.34720378	12423.88332023	17036.88275098	65535.00000000	21344.48963460	  177.66365466
24172.00000000	4.69149327	-0.31575442	-1.34871885	12405.14212931	17011.09025316	65535.00000000	21333.11585777	  177.66335489
24174.00000000	4.69110426	-0.31585273	-1.35007727	12387.08434683	16987.99772296	65535.00000000	21320.76438168	  177.66305661
24176.00000000	4.69071531	-0.31583107	-1.35136564	12371.40345242	16966.12501128	65535.00000000	21331.72615555	  177.66276183
24178.00000000	4.69032642	-0.31592242	-1.35247946	12356.50280798	16947.23829016	65535.00000000	21343.49897728	  177.66247717
24180.00000000	4.68993760	-0.31596732	-1.35352854	12342.99258581	16929.46873066	65535.00000000	21343.19672517	  177.66220399
24182.00000000	4.68954885	-0.31601784	-1.35450686	12330.30002021	16912.91428659	65535.00000000	21332.21955711	  177.66192063
24184.00000000	4.68916016	-0.31606296	-1.35541132	12318.59696096	16897.62410874	65535.00000000	21320.26573518	  177.66163284
24186.00000000	4.68877153	-0.31607121	-1.35629228	12307.64801843	16882.74465933	65535.00000000	21331.37995109	  177.66134822
24188.00000000	4.68838297	-0.31614671	-1.35703458	12297.58703834	16870.21722760	65535.00000000	21343.88377658	  177.66106882
24190.00000000	4.68799447	-0.31622155	-1.35775223	12287.84501394	16858.11456299	65535.00000000	21341.93532021	  177.66079348
24192.00000000	4.68760604	-0.31622660	-1.35849969	12278.60193826	16845.51863269	65535.00000000	21331.76171681	  177.66050831
24194.00000000	4.68721767	-0.31629975	-1.35928357	12268.08331104	16832.31891724	65535.00000000	21320.76349580	  177.66022297
24196.00000000	4.68682937	-0.31638218	-1.36010890	12256.95179239	16818.43234169	65535.00000000	21331.54476776	  177.65994298
24198.00000000	4.68644113	-0.31641989	-1.36103415	12245.15448229	16802.87830935	65535.00000000	21344.58894634	  177.65966570
24200.00000000	4.68605295	-0.31641412	-1.36206028	12232.66643895	16785.64520661	65535.00000000	21340.46137447	  177.65938916
24202.00000000	4.68566484	-0.31647107	-1.36288555	12221.87936894	16771.79834514	65535.00000000	21330.86515948	  177.65911051
24204.00000000	4.68527680	-0.31654984	-1.36367074	12211.32475164	16758.63446432	65535.00000000	21321.69697594	  177.65883534
24206.00000000	4.68488881	-0.31656930	-1.36455933	12200.24114022	16743.74937348	65535.00000000	21332.04575042	  177.65855820
24208.00000000	4.68450090	-0.31661754	-1.36555662	12187.49211271	16727.05938725	65535.00000000	21345.01117712	  177.65828315
24210.00000000	4.68411304	-0.31661123	-1.36660550	12174.79244578	16709.52397254	65535.00000000	21339.73030066	  177.65801421
24212.00000000	4.68372525	-0.31667935	-1.36769104	12160.75495600	16691.39482512	65535.00000000	21330.64153535	  177.65775364
24214.00000000	4.68333753	-0.31669364	-1.36899281	12144.76128626	16669.68075637	65535.00000000	21323.51984194	  177.65749727
24216.00000000	4.68294987	-0.31679797	-1.37062603	12123.67744717	16642.47769378	65535.00000000	21332.97817247	  177.65723633
24218.00000000	4.68256227	-0.31683573	-1.37293829	12095.21991253	16604.04032098	65535.00000000	21345.63364514	  177.65697745
24220.00000000	4.68217474	-0.31694362	-1.37629455	12053.39270953	16548.40624516	65535.00000000	21337.95623101	  177.65672096
24222.00000000	4.68178727	-0.31699345	-1.38110659	11994.93300436	16468.96596845	65535.00000000	21328.45508819	  177.65646565
24224.00000000	4.68139987	-0.31693206	-1.38697259	11925.50874616	16372.64186438	65535.00000000	21324.47722791	  177.65621610
24226.00000000	4.68101253	-0.31696351	-1.39284873	11855.26545710	16276.71605093	65535.00000000	21334.01646581	  177.65595640
24228.00000000	4.68062525	-0.31697477	-1.39727151	11802.81513658	16204.88671502	65535.00000000	21345.81732274	  177.65569630
24230.00000000	4.68023804	-0.31693824	-1.39963239	11775.41316410	16166.67401146	65535.00000000	21336.31387652	  177.65544048
24232.00000000	4.67985089	-0.31686597	-1.39958103	11776.86892735	16167.50428180	65535.00000000	21326.61218664	  177.65519004
24234.00000000	4.67946381	-0.31682539	-1.39732111	11803.99289615	16204.08289316	65535.00000000	21325.72542069	  177.65495033
24236.00000000	4.67907679	-0.31676079	-1.39387427	11845.51476057	16260.03219742	65535.00000000	21335.20456040	  177.65470399
24238.00000000	4.67868984	-0.31682828	-1.39006671	11889.90073358	16322.06115605	65535.00000000	21345.85163205	  177.65445830
24240.00000000	4.67830295	-0.31684262	-1.38650232	11932.18547820	16380.34317953	65535.00000000	21335.40698317	  177.65421679
24242.00000000	4.67791612	-0.31682110	-1.38332744	11970.38648492	16432.43147868	65535.00000000	21324.95184236	  177.65397681
24244.00000000	4.67752936	-0.31680977	-1.38059938	12003.22302433	16477.32133083	65535.00000000	21327.92125457	  177.65374083
24246.00000000	4.67714266	-0.31685043	-1.37843108	12028.78884867	16513.08790561	65535.00000000	21337.27610457	  177.65349898
24248.00000000	4.67675602	-0.31687088	-1.37667772	12049.65166757	16542.06665047	65535.00000000	21345.64329857	  177.65325671
24250.00000000	4.67636945	-0.31684235	-1.37522499	12067.51357428	16566.11529466	65535.00000000	21334.35070725	  177.65301455
24252.00000000	4.67598295	-0.31681086	-1.37402205	12082.41928038	16586.05533659	65535.00000000	21323.55836691	  177.65277188
24254.00000000	4.67559650	-0.31678659	-1.37305526	12094.39953297	16602.09823862	65535.00000000	21330.68544500	  177.65253175
24256.00000000	4.67521013	-0.31677453	-1.37242178	12102.20953530	16612.61877071	65535.00000000	21339.85565929	  177.65229487
24258.00000000	4.67482381	-0.31679885	-1.37226244	12103.84362924	16615.26598443	65535.00000000	21345.06089345	  177.65206191
24260.00000000	4.67443756	-0.31670580	-1.37248746	12102.24644722	16611.52766153	65535.00000000	21333.57911197	  177.65182800
24262.00000000	4.67405137	-0.31664774	-1.37290176	12097.93586282	16604.64692924	65535.00000000	21321.99499110	  177.65159632
24264.00000000	4.67366525	-0.31659676	-1.37340979	12092.40780630	16596.21346119	65535.00000000	21331.74295797	  177.65136846
24266.00000000	4.67327919	-0.31660176	-1.37403008	12084.84895282	16585.92218517	65535.00000000	21341.46407879	  177.65114502
24268.00000000	4.67289319	-0.31648732	-1.37466258	12078.58990788	16575.43490606	65535.00000000	21344.47635585	  177.65092686
24270.00000000	4.67250726	-0.31637625	-1.37536952	12071.39468281	16563.72112179	65535.00000000	21333.27592205	  177.65070594
24272.00000000	4.67212140	-0.31630106	-1.37609044	12063.60241328	16551.78434160	65535.00000000	21320.59112248	  177.65048762
24274.00000000	4.67173559	-0.31629308	-1.37681092	12055.01017883	16539.86343884	65535.00000000	21331.67743289	  177.65027072
24276.00000000	4.67134985	-0.31605730	-1.37762468	12048.04457622	16526.40943128	65535.00000000	21342.93136255	  177.65006099
24278.00000000	4.67096417	-0.31600698	-1.37830647	12040.43906869	16515.14573810	65535.00000000	21343.84170922	  177.64985982
24280.00000000	4.67057856	-0.31586122	-1.37906768	12033.03092937	16502.57892873	65535.00000000	21332.98072633	  177.64965330
24282.00000000	4.67019301	-0.31569687	-1.37981080	12026.06864025	16490.32019985	65535.00000000	21320.11518203	  177.64944918
24284.00000000	4.66980753	-0.31560302	-1.38050481	12018.85333659	16478.87973090	65535.00000000	21331.34385017	  177.64924840
24286.00000000	4.66942211	-0.31542087	-1.38128962	12011.61213947	16465.95189105	65535.00000000	21343.42816898	  177.64905282
24288.00000000	4.66903675	-0.31527589	-1.38203063	12004.45497201	16453.75504744	65535.00000000	21343.09823333	  177.64886031
24290.00000000	4.66865145	-0.31507514	-1.38281275	11997.47804613	16440.89125485	65535.00000000	21332.65576658	  177.64866104
24292.00000000	4.66826622	-0.31482923	-1.38359877	11990.99979122	16427.97346205	65535.00000000	21319.80638213	  177.64846016
24294.00000000	4.66788106	-0.31467286	-1.38438658	11983.43057401	16415.03641217	65535.00000000	21331.17355345	  177.64825810
24296.00000000	4.66749595	-0.31438678	-1.38535928	11975.20540279	16399.07737328	65535.00000000	21344.14614625	  177.64805319
24298.00000000	4.66711091	-0.31409329	-1.38628964	11967.58108574	16383.82733588	65535.00000000	21342.53793081	  177.64784587
24300.00000000	4.66672594	-0.31384636	-1.38722575	11959.33619354	16368.49751098	65535.00000000	21332.12905947	  177.64763661
24300.80000000	4.66657196	-0.31367856	-1.38763510	11956.44769736	16361.79835560	65535.00000000	21327.72126913	  177.64755314
24301.60000000	4.66641800	-0.31356068	-1.38804648	11952.93904321	16355.06892602	65535.00000000	21320.65635138	  177.64747025
24302.40000000	4.66626405	-0.31344943	-1.38844123	11949.55093784	16348.61402918	65535.00000000	21322.66398385	  177.64738711
24303.20000000	4.66611011	-0.31332216	-1.38883420	11946.37624149	16342.19068454	65535.00000000	21329.55901268	  177.64730324
24304.00000000	4.66595618	-0.31318010	-1.38925346	11943.06519449	16335.34057929	65535.00000000	21331.16536853	  177.64721876
24304.80000000	4.66580225	-0.31302061	-1.38969647	11939.67958383	16328.10546110	65535.00000000	21335.01631942	  177.64713471
24305.60000000	4.66564834	-0.31286756	-1.39013424	11936.28070047	16320.95909384	65535.00000000	21341.98984749	  177.64705147
24306.40000000	4.66549444	-0.31274686	-1.39053969	11932.88223474	16314.34302445	65535.00000000	21345.86326695	  177.64696883
24307.20000000	4.66534055	-0.31260552	-1.39095893	11929.56650828	16307.50482457	65535.00000000	21345.86545331	  177.64688678
24308.00000000	4.66518667	-0.31243785	-1.39140088	11926.29491152	16300.29929898	65535.00000000	21342.50150024	  177.64680587
24308.80000000	4.66503280	-0.31229127	-1.39182578	11922.97615740	16293.37484456	65535.00000000	21336.86571708	  177.64672671
24309.60000000	4.66487894	-0.31212605	-1.39224306	11919.97112986	16286.57729220	65535.00000000	21333.26833069	  177.64664808
24310.40000000	4.66472509	-0.31192917	-1.39267760	11917.13848904	16279.50161897	65535.00000000	21330.84956901	  177.64656925
24311.20000000	4.66457125	-0.31175120	-1.39314579	11913.68041577	16271.88152704	65535.00000000	21323.16676934	  177.64649091
24312.00000000	4.66441742	-0.31158105	-1.39361523	11910.11531471	16264.24464797	65535.00000000	21320.80078268	  177.64641340
24312.80000000	4.66426360	-0.31139648	-1.39406873	11906.91282380	16256.87046146	65535.00000000	21328.47606079	  177.64633614
24313.60000000	4.66410979	-0.31120218	-1.39454089	11903.60480330	16249.19652388	65535.00000000	21331.42664959	  177.64625764
24314.40000000	4.66395599	-0.31101274	-1.39501127	11900.26109254	16241.55495629	65535.00000000	21332.98504344	  177.64617927
24315.20000000	4.66380220	-0.31083360	-1.39545786	11897.07878920	16234.30324171	65535.00000000	21340.02264766	  177.64610252
24316.00000000	4.66364842	-0.31064477	-1.39591697	11893.86367570	16226.85169170	65535.00000000	21345.49385662	  177.64602615
24316.80000000	4.66349465	-0.31044968	-1.39637868	11890.69300753	16219.36134780	65535.00000000	21346.34834513	  177.64595014
24317.60000000	4.66334089	-0.31025917	-1.39682620	11887.63735752	16212.10449297	65535.00000000	21343.52384112	  177.64587515
24318.40000000	4.66318714	-0.31005673	-1.39731538	11884.22925321	16204.17580306	65535.00000000	21338.63074813	  177.64580067
24319.20000000	4.66303340	-0.30982313	-1.39783097	11880.87842445	16195.82315924	65535.00000000	21334.11687600	  177.64572626
24320.00000000	4.66287967	-0.30955611	-1.39831834	11878.26079878	16187.93181684	65535.00000000	21331.25906574	  177.64565183
24320.80000000	4.66272595	-0.30930599	-1.39882456	11875.21912524	16179.73923838	65535.00000000	21325.35333020	  177.64557784
24321.60000000	4.66257224	-0.30907947	-1.39935058	11871.66294773	16171.23052377	65535.00000000	21319.93960799	  177.64550505
24322.40000000	4.66241854	-0.30883787	-1.39984535	11868.65786989	16163.23151301	65535.00000000	21324.45985608	  177.64543353
24323.20000000	4.66226486	-0.30859635	-1.40034911	11865.54590579	16155.09119713	65535.00000000	21329.92369779	  177.64535948
24324.00000000	4.66211118	-0.30835464	-1.40088721	11862.02959540	16146.40047723	65535.00000000	21331.58850415	  177.64528315
24324.80000000	4.66195751	-0.30808123	-1.40143402	11858.78685084	16137.57379355	65535.00000000	21336.15799659	  177.64521010
24325.60000000	4.66180385	-0.30780839	-1.40199274	11855.39716860	16128.55993308	65535.00000000	21342.35398991	  177.64513704
24326.40000000	4.66165021	-0.30754437	-1.40256603	11851.73116667	16119.31620188	65535.00000000	21346.07993792	  177.64506143
24327.20000000	4.66149657	-0.30722619	-1.40313790	11848.72490386	16110.10069236	65535.00000000	21344.70886549	  177.64498743
24328.00000000	4.66134294	-0.30687696	-1.40371588	11846.01475970	16100.79205259	65535.00000000	21339.96478655	  177.64491515
24328.80000000	4.66118932	-0.30654284	-1.40431196	11842.91204608	16091.19766529	65535.00000000	21335.16838994	  177.64484291
24329.60000000	4.66103572	-0.30622000	-1.40491988	11839.53631804	16081.41836647	65535.00000000	21332.13687632	  177.64477031
24330.40000000	4.66088212	-0.30589747	-1.40552362	11836.20748622	16071.71240603	65535.00000000	21327.81417709	  177.64469792
24331.20000000	4.66072853	-0.30556007	-1.40611618	11833.18777126	16062.19178877	65535.00000000	21320.77897458	  177.64462671
24332.00000000	4.66057496	-0.30518589	-1.40672754	11830.38140231	16052.37492390	65535.00000000	21321.48865819	  177.64455724
24332.80000000	4.66042139	-0.30481226	-1.40737246	11827.17230699	16042.02572641	65535.00000000	21327.94668265	  177.64448667
24333.60000000	4.66026783	-0.30448557	-1.40804181	11823.12045126	16031.29172675	65535.00000000	21330.43827997	  177.64441193
24334.40000000	4.66011429	-0.30411084	-1.40870569	11819.70215362	16020.65226938	65535.00000000	21333.80418492	  177.64433847
24335.20000000	4.65996075	-0.30366649	-1.40938028	11816.98119015	16009.84865775	65535.00000000	21340.04123620	  177.64426704
24336.00000000	4.65980722	-0.30322518	-1.41011515	11813.51268260	15998.08777348	65535.00000000	21344.94043684	  177.64419296
24336.80000000	4.65965371	-0.30278668	-1.41086952	11809.78180246	15986.02383752	65535.00000000	21345.46323512	  177.64411856
24337.60000000	4.65950020	-0.30233068	-1.41161754	11806.33355711	15974.07043422	65535.00000000	21341.54989075	  177.64404561
24338.40000000	4.65934671	-0.30184729	-1.41238369	11802.99562398	15961.83658034	65535.00000000	21336.42871536	  177.64397240
24339.20000000	4.65919322	-0.30136528	-1.41315327	11799.60194080	15949.55743480	65535.00000000	21332.90559578	  177.64389862
24340.00000000	4.65903975	-0.30087171	-1.41393479	11796.20485295	15937.09742482	65535.00000000	21330.12431013	  177.64382466
24340.80000000	4.65888628	-0.30027247	-1.41479289	11793.15154485	15923.42761618	65535.00000000	21323.01011872	  177.64375100
24341.60000000	4.65873283	-0.29960389	-1.41568903	11790.46828232	15909.16439882	65535.00000000	21319.73091061	  177.64367799
24342.40000000	4.65857938	-0.29894551	-1.41657619	11787.77110794	15895.05667157	65535.00000000	21326.37794704	  177.64360503
24343.20000000	4.65842595	-0.29831158	-1.41750721	11784.26957554	15880.26493369	65535.00000000	21330.18999598	  177.64352979
24344.00000000	4.65827252	-0.29767818	-1.41847514	11780.32810548	15864.90142066	65535.00000000	21331.84320532	  177.64345354
24344.80000000	4.65811911	-0.29700214	-1.41945847	11776.70869070	15849.30857364	65535.00000000	21338.28552903	  177.64337855
24345.60000000	4.65796570	-0.29624491	-1.42052893	11773.02038548	15832.35163104	65535.00000000	21344.06210752	  177.64330263
24346.40000000	4.65781231	-0.29544082	-1.42165979	11769.17404118	15814.45767004	65535.00000000	21345.73135164	  177.64322559
24347.20000000	4.65765892	-0.29464466	-1.42276982	11765.48056204	15796.91279737	65535.00000000	21343.64350001	  177.64314900
24348.00000000	4.65750555	-0.29375663	-1.42394588	11762.09222373	15778.34564534	65535.00000000	21338.72000527	  177.64307198
24348.80000000	4.65735218	-0.29277495	-1.42521123	11758.75625236	15758.39319998	65535.00000000	21333.74353390	  177.64299417
24349.60000000	4.65719883	-0.29181179	-1.42649327	11755.00706858	15738.20313263	65535.00000000	21331.62861406	  177.64291637
24350.40000000	4.65704549	-0.29079879	-1.42781951	11751.32566654	15717.34440961	65535.00000000	21326.29735708	  177.64283894
24351.20000000	4.65689215	-0.28968988	-1.42920788	11748.04200208	15695.53808411	65535.00000000	21319.41151989	  177.64276180
24352.00000000	4.65673883	-0.28854372	-1.43062649	11744.84165383	15673.28791588	65535.00000000	21324.29016403	  177.64268459
24352.80000000	4.65658551	-0.28733176	-1.43212675	11741.45611090	15649.79155757	65535.00000000	21330.90094607	  177.64260792
24353.60000000	4.65643221	-0.28602876	-1.43373848	11737.83173011	15624.58864206	65535.00000000	21330.79191046	  177.64253203
24354.40000000	4.65627892	-0.28468262	-1.43539455	11734.19440721	15598.73471782	65535.00000000	21335.88295836	  177.64245588
24355.20000000	4.65612563	-0.28326270	-1.43713801	11730.39860210	15571.56257480	65535.00000000	21343.52058493	  177.64238013
24356.00000000	4.65597236	-0.28172726	-1.43902219	11726.30844821	15542.25059076	65535.00000000	21345.79308117	  177.64230554
24356.80000000	4.65581910	-0.28012035	-1.44097103	11722.29960609	15511.99076817	65535.00000000	21344.67163690	  177.64223074
24357.60000000	4.65566585	-0.27841073	-1.44304441	11718.03616281	15479.86181332	65535.00000000	21341.04514276	  177.64215574
24358.40000000	4.65551260	-0.27654866	-1.44534157	11712.93897843	15444.34292900	65535.00000000	21335.38723441	  177.64208143
24359.20000000	4.65535937	-0.27462642	-1.44773085	11707.46983457	15407.48614004	65535.00000000	21332.45144592	  177.64200750
24360.00000000	4.65520615	-0.27259326	-1.45024990	11701.78266922	15368.72271613	65535.00000000	21329.68296447	  177.64193406
24360.80000000	4.65505293	-0.27030106	-1.45307064	11695.59943302	15325.43265838	65535.00000000	21321.34911391	  177.64186166
24361.60000000	4.65489973	-0.26788534	-1.45605978	11688.89493008	15279.69122661	65535.00000000	21320.84478305	  177.64178980
24362.40000000	4.65474654	-0.26535776	-1.45919531	11681.79071396	15231.85619745	65535.00000000	21329.38423139	  177.64171838
24363.20000000	4.65459336	-0.26253211	-1.46264744	11674.47467245	15179.36461067	65535.00000000	21330.90339752	  177.64164794
24364.00000000	4.65444019	-0.25952529	-1.46629435	11667.00432404	15124.10764074	65535.00000000	21332.68497691	  177.64157814
24364.80000000	4.65428702	-0.25633051	-1.47012531	11659.58422942	15066.27853115	65535.00000000	21340.72354087	  177.64150844
24365.60000000	4.65413387	-0.25262635	-1.47442475	11652.64576040	15001.64116054	65534.99999997	21345.64518426	  177.64143876
24366.40000000	4.65398073	-0.24866522	-1.47896177	11645.93696116	14933.73253647	65535.00000003	21345.39059209	  177.64136998
24367.20000000	4.65382760	-0.24452959	-1.48366050	11639.38099399	14863.72753906	65535.00000009	21341.98201437	  177.64130204
24368.00000000	4.65367448	-0.23941503	-1.48924908	11633.86493126	14780.89203502	65534.99999967	21337.15295746	  177.64123236
24368.80000000	4.65352136	-0.23364976	-1.49543820	11628.93502476	14689.69393934	65535.00000020	21333.18266097	  177.64116247
24369.60000000	4.65336826	-0.22776039	-1.50175919	11623.91681721	14597.13328052	65535.00000136	21330.47423981	  177.64109479
24370.40000000	4.65321517	-0.22061500	-1.50923724	11620.05064953	14488.38233769	65534.99999605	21323.82188867	  177.64102634
24371.20000000	4.65306209	-0.21225362	-1.51784160	11617.22756839	14364.25385446	65535.00000036	21319.03192054	  177.64095680
24372.00000000	4.65290902	-0.20345827	-1.52687781	11614.42967233	14235.04008925	65535.00002000	21325.76538443	  177.64088824
24372.80000000	4.65275596	-0.19308417	-1.53741713	11612.51097034	14085.80026053	65534.99995469	21330.77170478	  177.64082058
24373.60000000	4.65260291	-0.18087979	-1.54968209	11611.80745877	13914.09362467	65534.99997786	21330.90830432	  177.64075320
24374.40000000	4.65244986	-0.16777174	-1.56280646	11611.61806219	13732.67313877	65535.00027929	21336.99577372	  177.64068564
24375.20000000	4.65229683	-0.15279046	-1.57780860	11611.37574814	13528.19123525	65534.99951598	21343.96724973	  177.64061821
24376.00000000	4.65214381	-0.13568400	-1.59495689	11610.89004389	13298.18355799	65534.99939925	21345.90847914	  177.64055159
24376.80000000	4.65199080	-0.11784540	-1.61284054	11610.36773948	13062.47835043	65535.00372906	21343.58326320	  177.64048623
24377.60000000	4.65183780	-0.09762285	-1.63312605	11609.63535783	12800.16721022	65534.99535644	21338.97320569	  177.64041917
24378.40000000	4.65168481	-0.07400341	-1.65684082	11608.52745877	12500.18396719	65534.98866617	21334.40821876	  177.64034943
24379.20000000	4.65153183	-0.04982552	-1.68113199	11607.22293171	12200.20904288	65535.04771242	21331.73824491	  177.64028197
24380.00000000	4.65137886	-0.02410769	-1.70697133	11605.79767661	11888.98646004	65534.96364394	21327.21289817	  177.64021500
24380.80000000	4.65122590	0.00520540	-1.73641433	11604.26366371	11544.01582211	65534.81489115	21319.78260733	  177.64014514
24381.60000000	4.65107295	0.03594025	-1.76730087	11602.63979926	11193.04259173	65535.58356851	21322.18982565	  177.64007575
24382.40000000	4.65092001	0.06740267	-1.79894942	11600.35095314	10844.22499707	65534.85271714	21330.01840939	  177.64000810
24383.20000000	4.65076708	0.10047560	-1.83230203	11596.64092753	10488.08536026	65532.21887936	21330.61269070	  177.63994118
24384.00000000	4.65061416	0.13507025	-1.86746901	11591.69536640	10127.13722206	65541.77225489	21333.67048404	  177.63987438
24384.80000000	4.65046125	0.17121988	-1.90407673	11585.56752356	9762.41945603	65537.13965766	21341.50211129	  177.63980712
24385.60000000	4.65030835	0.20916613	-1.94202611	11578.16214144	9392.90505632	65495.45350497	21345.59009720	  177.63973919
24386.40000000	4.65015546	0.24816129	-1.98340174	11570.27227574	9027.52087117	65606.81143981	21344.98750949	  177.63967210
24387.20000000	4.65000258	0.28826638	-2.02410481	11561.76575562	8666.25910753	65597.79163915	21341.26064761	  177.63960503
24388.00000000	4.64984971	0.33088587	-2.05269453	11551.27443735	8297.13188529	64625.20041162	21336.23940885	  177.63953450
24388.80000000	4.64969685	0.37467871	-2.06740327	11539.72937201	7933.68086189	62709.96511609	21332.53684324	  177.63946379
24389.60000000	4.64954400	0.41812109	-2.07171192	11528.37681258	7588.92887005	60243.96365539	21329.65828553	  177.63939514
24390.40000000	4.64939116	0.46194300	-2.07170520	11517.29363915	7256.56588747	57605.14559348	21322.50169274	  177.63932443
24391.20000000	4.64923833	0.50627510	-2.07077426	11506.46952265	6935.36955035	55004.14819254	21319.20686370	  177.63925265
24392.00000000	4.64908551	0.55038861	-2.07007913	11496.39709484	6630.26702899	52547.85132612	21326.38487061	  177.63918206
24392.80000000	4.64893270	0.59281726	-2.06955174	11488.60418846	6350.53045291	50304.27600958	21330.23317437	  177.63911064
24393.60000000	4.64877990	0.63401162	-2.06901175	11483.06088850	6091.29901281	48224.78544461	21331.12726655	  177.63903845
24394.40000000	4.64862711	0.67504882	-2.06838656	11478.89357692	5844.26705244	46240.11655423	21337.56562830	  177.63896670
24395.20000000	4.64847433	0.71323000	-2.06776832	11476.50783418	5624.16306446	44471.14118324	21343.81244080	  177.63889414
24396.00000000	4.64832156	0.74823804	-2.06720664	11475.68741327	5430.29041171	42914.04919699	21345.44232669	  177.63882080
24396.80000000	4.64816880	0.78218945	-2.06667343	11475.62735936	5248.99155234	41459.18305743	21342.64648916	  177.63874799
24397.60000000	4.64801605	0.81193337	-2.06622964	11476.72843480	5095.65392170	40230.18755343	21337.80770403	  177.63867520
24398.40000000	4.64786331	0.83652273	-2.06590646	11479.07613295	4972.90004867	39248.35942197	21333.53320204	  177.63860181
24399.20000000	4.64771059	0.85949146	-2.06564708	11481.90498512	4861.17831400	38356.65087628	21331.06848738	  177.63852796
24400.00000000	4.64755787	0.87816937	-2.06542932	11484.47322278	4772.29153858	37647.09960652	21325.95582643	  177.63845478
24400.80000000	4.64740516	0.89078649	-2.06526027	11486.64206543	4713.34720825	37175.82147350	21319.10562751	  177.63838257
24401.60000000	4.64725246	0.90154673	-2.06515988	11489.14354905	4663.91779938	36782.26160009	21322.33206196	  177.63830969
24402.40000000	4.64709977	0.90980591	-2.06513588	11491.74867974	4626.60509987	36487.11701856	21328.98853009	  177.63823603
24403.20000000	4.64694709	0.91381080	-2.06518373	11493.94299908	4608.99304995	36349.96113010	21330.03961311	  177.63816230
24404.00000000	4.64679442	0.91613546	-2.06527974	11495.84306013	4599.05127226	36275.03542712	21334.35740032	  177.63808895
24404.80000000	4.64664176	0.91749075	-2.06532687	11497.54746963	4593.50337172	36232.98392867	21341.61424723	  177.63801612
24405.60000000	4.64648911	0.91729831	-2.06527647	11499.05743818	4594.99081508	36242.89002469	21345.10488045	  177.63794377
24406.40000000	4.64633648	0.91660750	-2.06538081	11500.29973406	4598.66293324	36275.63860092	21344.69057833	  177.63787210
24407.20000000	4.64618385	0.91625049	-2.06557030	11500.95153117	4600.56573032	36297.52577535	21341.17388476	  177.63780132
24408.00000000	4.64603123	0.91644824	-2.06552130	11500.72730422	4599.56640853	36287.86315602	21335.64971460	  177.63773153
24408.80000000	4.64587862	0.91705965	-2.06539995	11500.48538883	4596.65835374	36260.51992567	21332.13573187	  177.63766219
24409.60000000	4.64572602	0.91845999	-2.06531424	11500.21790893	4590.11921538	36205.83304989	21329.50009409	  177.63759275
24410.40000000	4.64557343	0.92157009	-2.06514705	11498.70810804	4575.26492740	36082.63239614	21321.69750036	  177.63752297
24411.20000000	4.64542085	0.92580251	-2.06497263	11496.68563042	4555.14004516	35917.65326340	21319.65752235	  177.63745348
24412.00000000	4.64526829	0.93093316	-2.06483593	11494.94571973	4531.14323317	35723.55256415	21327.95121955	  177.63738427
24412.80000000	4.64511573	0.93822480	-2.06460789	11493.03375622	4497.47571340	35450.03280800	21330.69849013	  177.63731394
24413.60000000	4.64496318	0.94700240	-2.06434861	11490.53794125	4457.20333044	35123.48940701	21331.45583065	  177.63724343
24414.40000000	4.64481064	0.95625831	-2.06414283	11487.50594118	4414.97289309	34783.54839136	21338.48755441	  177.63717409
24415.20000000	4.64465811	0.96685568	-2.06386792	11484.78242801	4367.39712850	34399.26278739	21344.33013861	  177.63710524
24416.00000000	4.64450559	0.97857560	-2.06352425	11482.27982522	4315.56979509	33979.37145090	21345.40525741	  177.63703678
24416.80000000	4.64435309	0.99046856	-2.06320408	11479.45320180	4263.49907916	33558.63759513	21342.76628133	  177.63696896
24417.60000000	4.64420059	1.00254847	-2.06291593	11476.73707620	4211.30955739	33138.29574821	21337.97504962	  177.63690106
24418.40000000	4.64404810	1.01484410	-2.06264539	11474.35273056	4158.98163221	32717.68082750	21333.37643148	  177.63683290
24419.20000000	4.64389562	1.02699786	-2.06238010	11472.03509898	4107.91042096	32307.34426058	21330.60127320	  177.63676488
24420.00000000	4.64374315	1.03776875	-2.06213905	11469.17600756	4062.88916567	31945.56580093	21325.03111106	  177.63669690
24420.80000000	4.64359069	1.04681810	-2.06191915	11465.84781273	4025.12014049	31641.63789868	21318.88913185	  177.63662940
24421.60000000	4.64343825	1.05506744	-2.06169689	11462.92812358	3991.03559442	31366.72552928	21322.91339199	  177.63656317
24422.40000000	4.64328581	1.06131710	-2.06160632	11459.89749637	3965.12216022	31160.24197244	21329.06978776	  177.63649537
24423.20000000	4.64313338	1.06481020	-2.06173419	11456.34811649	3950.07197449	31045.93842243	21330.28505771	  177.63642514
24424.00000000	4.64298096	1.06700369	-2.06195953	11453.04898910	3940.28197830	30975.97248157	21334.41917787	  177.63635710
24424.80000000	4.64282855	1.06686668	-2.06216250	11450.01159407	3939.77678208	30978.28772226	21341.04501926	  177.63628986
24425.60000000	4.64267616	1.06321659	-2.06230561	11446.83230833	3953.08563234	31087.38331618	21345.13487148	  177.63622061
24426.40000000	4.64252377	1.05812669	-2.06251565	11443.33587969	3972.04409640	31243.03577155	21344.20020774	  177.63615207
24427.20000000	4.64237139	1.05170064	-2.06280538	11439.84856565	3996.43256347	31443.97785860	21339.62601292	  177.63608491
24428.00000000	4.64221902	1.04288713	-2.06311075	11436.84240552	4030.75136804	31723.68450878	21334.96998559	  177.63601786
24428.80000000	4.64206666	1.03299398	-2.06346595	11434.05987562	4069.83568193	32042.67392322	21331.96489840	  177.63595060
24429.60000000	4.64191432	1.02266633	-2.06384650	11431.12843689	4111.03109639	32379.33362746	21328.39372772	  177.63588333
24430.40000000	4.64176198	1.01157667	-2.06416698	11427.89300162	4155.69817657	32741.63241663	21321.04850329	  177.63581659
24431.20000000	4.64160965	1.00041271	-2.06444398	11425.02191242	4201.29641985	33110.05875647	21319.67710677	  177.63575106
24432.00000000	4.64145733	0.98963591	-2.06471399	11422.50146257	4245.88090224	33470.46154900	21326.49423982	  177.63568552
24432.80000000	4.64130502	0.97903918	-2.06498673	11419.22892377	4289.88316057	33826.55792525	21329.55523438	  177.63561687
24433.60000000	4.64115273	0.96896396	-2.06520424	11415.68786614	4331.97941316	34165.92532562	21331.76657028	  177.63554836
24434.40000000	4.64100044	0.95997059	-2.06534759	11412.63670286	4369.94593720	34470.30480308	21337.98213430	  177.63548224
24435.20000000	4.64084816	0.95247797	-2.06550848	11409.94169768	4401.77153156	34726.93313522	21343.52848019	  177.63541397
24436.00000000	4.64069589	0.94613652	-2.06562972	11407.31155725	4428.75271838	34944.03264885	21345.20702644	  177.63534452
24436.80000000	4.64054363	0.94068330	-2.06564299	11404.56709503	4451.89833186	35127.12375830	21342.41925198	  177.63527679
24437.60000000	4.64039139	0.93718116	-2.06569296	11401.90150404	4466.47262853	35243.88139984	21337.40222967	  177.63520891
24438.40000000	4.64023915	0.93533347	-2.06574613	11399.21571706	4473.67889299	35302.62116224	21333.05000820	  177.63514022
24439.20000000	4.64008692	0.93406448	-2.06566006	11396.22996623	4478.18626788	35335.14853420	21330.60906918	  177.63507151
24440.00000000	4.63993470	0.93423694	-2.06554409	11393.09793216	4476.18349948	35315.24994811	21324.74756045	  177.63500262
24440.80000000	4.63978249	0.93594568	-2.06548109	11390.03074225	4467.33838600	35243.24498078	21318.72665025	  177.63493387
24441.60000000	4.63963030	0.93812608	-2.06545029	11387.10694414	4456.46418691	35156.37457663	21323.51194073	  177.63486590
24442.40000000	4.63947811	0.94106515	-2.06540321	11383.98541544	4442.16748890	35041.94043131	21329.33245028	  177.63479654
24443.20000000	4.63932593	0.94494325	-2.06530202	11380.66856102	4423.68442597	34892.60600519	21330.11325815	  177.63472518
24444.00000000	4.63917376	0.94908340	-2.06514730	11377.77263220	4404.28655608	34734.22739843	21335.33733537	  177.63465471
24444.80000000	4.63902161	0.95346189	-2.06501628	11374.79626990	4383.89748777	34568.90025717	21342.38194760	  177.63458430
24445.60000000	4.63886946	0.95820230	-2.06494846	11371.23227308	4361.79810606	34392.30464728	21345.14875449	  177.63451254
24446.40000000	4.63871732	0.96299327	-2.06483443	11367.74855572	4339.62095144	34213.53887858	21344.19072573	  177.63444091
24447.20000000	4.63856519	0.96787814	-2.06470911	11364.54035978	4317.25540056	34032.94374340	21340.30641262	  177.63436923
24448.00000000	4.63841307	0.97304641	-2.06465724	11361.37518722	4293.80398976	33846.32054462	21334.84118615	  177.63429653
24448.80000000	4.63826097	0.97827513	-2.06457476	11358.02004369	4270.15009566	33657.09029107	21331.77512827	  177.63422374
24449.60000000	4.63810887	0.98357067	-2.06444304	11354.46813134	4246.26877817	33464.45077358	21328.69613088	  177.63415126
24450.00000000	4.63803282	0.98632996	-2.06438609	11352.68381605	4233.90281394	33365.09544333	21324.84758241	  177.63411499
24452.00000000	4.63765263	1.00113213	-2.06403297	11344.82990378	4168.80736011	32840.51494029	21328.62731524	  177.63393382
24454.00000000	4.63727251	1.01759682	-2.06355165	11336.77659779	4097.82025536	32265.76751912	21335.74828299	  177.63375516
24456.00000000	4.63689244	1.03529822	-2.06314670	11327.60104827	4022.66291777	31661.16332879	21345.04266506	  177.63357815
24458.00000000	4.63651244	1.05281540	-2.06272885	11319.13232931	3949.85558264	31075.13157990	21334.97297832	  177.63340122
24460.00000000	4.63613250	1.06777183	-2.06245830	11310.59328901	3888.28393166	30582.44680756	21325.13824529	  177.63322617
24462.00000000	4.63575262	1.07716984	-2.06235695	11303.04296303	3849.34165203	30273.08649842	21328.95047874	  177.63305431
24464.00000000	4.63537281	1.07911443	-2.06253390	11295.42348704	3839.27371309	30199.25074108	21335.53293578	  177.63288578
24466.00000000	4.63499306	1.07360236	-2.06296778	11287.96734780	3857.94616498	30359.29526617	21345.04312331	  177.63271724
24468.00000000	4.63461337	1.06176561	-2.06337218	11279.71832776	3901.03018487	30710.75291489	21334.72297445	  177.63254884
24470.00000000	4.63423374	1.04573759	-2.06380711	11271.59383938	3961.20450693	31198.03950548	21324.15908563	  177.63238182
24472.00000000	4.63385417	1.02751226	-2.06448204	11263.89290417	4031.30455799	31771.57674102	21328.71080202	  177.63221206
24474.00000000	4.63347467	1.01044190	-2.06485233	11256.61148883	4098.06022287	32309.65427193	21335.16552709	  177.63204695
24476.00000000	4.63309523	0.99601859	-2.06513374	11249.53970380	4154.98420790	32767.67025804	21345.14377202	  177.63188237
24478.00000000	4.63271585	0.98506649	-2.06544151	11242.75493468	4198.20656748	33118.72840985	21334.97107028	  177.63171678
24480.00000000	4.63233653	0.97776697	-2.06538364	11236.51170121	4226.61517285	33340.90817937	21324.50379828	  177.63155236
24482.00000000	4.63195728	0.97441953	-2.06548416	11229.53763505	4238.15513080	33435.29969375	21328.04701938	  177.63138399
24484.00000000	4.63157809	0.97456206	-2.06549770	11222.86290294	4235.03235045	33411.11609920	21335.16421150	  177.63122227
24486.00000000	4.63119896	0.97718222	-2.06545148	11216.10791227	4221.40804604	33302.09178440	21345.31038894	  177.63105974
24488.00000000	4.63081989	0.98154581	-2.06535085	11208.51738652	4200.18325263	33131.31824089	21335.09690025	  177.63089535
24490.00000000	4.63044088	0.98738988	-2.06525928	11200.97395856	4172.89838585	32913.07932282	21324.67051740	  177.63072956
24492.00000000	4.63006194	0.99396063	-2.06507207	11191.90596998	4142.21307737	32664.93803296	21327.74256866	  177.63056179
24494.00000000	4.62968306	1.00119922	-2.06485953	11184.61429039	4109.65830487	32401.32825827	21335.09990126	  177.63039292
24496.00000000	4.62930424	1.00863629	-2.06478062	11175.81505603	4075.99866247	32133.41356376	21345.45406818	  177.63022277
24498.00000000	4.62892548	1.01601124	-2.06463822	11167.67802476	4043.10301843	31869.54000809	21335.37045943	  177.63005177
24500.00000000	4.62854678	1.02303130	-2.06443170	11159.72525149	4011.96055647	31617.53069006	21325.14654845	  177.62988000
24502.00000000	4.62816815	1.02968453	-2.06441575	11152.07478412	3982.62452996	31385.83817935	21327.38498642	  177.62970860
24504.00000000	4.62778958	1.03502531	-2.06435350	11144.66298990	3958.77812113	31195.97014117	21334.72737233	  177.62953550
24506.00000000	4.62741107	1.03888386	-2.06442984	11137.34477704	3940.94284260	31057.79537255	21345.44696711	  177.62936517
24508.00000000	4.62703262	1.04045294	-2.06434182	11129.24109039	3931.90104388	30983.81140193	21335.72012061	  177.62919899
24510.00000000	4.62665424	1.03991876	-2.06460724	11121.25592109	3931.17933819	30986.34764531	21326.20339336	  177.62903482
24512.00000000	4.62627591	1.03667540	-2.06472842	11112.21309576	3940.74339298	31065.49772409	21327.62648672	  177.62887081
24514.00000000	4.62589765	1.03067632	-2.06486796	11102.19295168	3960.88041564	31228.59816923	21334.27136984	  177.62870513
24516.00000000	4.62551945	1.02296736	-2.06513670	11091.96682980	3987.85613476	31449.73251172	21345.51087120	  177.62854304
24518.00000000	4.62514131	1.01413693	-2.06560545	11080.29414101	4018.99268966	31710.14759275	21335.79932720	  177.62838354
24520.00000000	4.62476324	1.00454150	-2.06574863	11066.88849335	4052.83297147	31981.72890494	21325.89126983	  177.62822357
24522.00000000	4.62438522	0.99562002	-2.06604965	11049.26220247	4082.63917260	32226.63502893	21326.01280549	  177.62806547
24524.00000000	4.62400727	0.98735322	-2.06623483	11026.07584527	4107.89108118	32431.96800629	21333.49633881	  177.62790282
24526.00000000	4.62362938	0.98108784	-2.06631747	11000.14048057	4123.98613815	32561.73021924	21345.68073968	  177.62774212
24528.00000000	4.62325155	0.97687302	-2.06650620	10972.29678081	4130.92189304	32622.64908428	21335.91475507	  177.62758386
24530.00000000	4.62287378	0.97490827	-2.06646412	10946.19079204	4129.19822683	32607.66475821	21326.39865461	  177.62742559
24532.00000000	4.62249608	0.97534206	-2.06660843	10922.09121847	4118.32033291	32526.45724740	21325.42794894	  177.62727032
24534.00000000	4.62211844	0.97789017	-2.06644961	10900.36903037	4099.66997606	32374.01486262	21333.17309297	  177.62710968
24536.00000000	4.62174085	0.98213718	-2.06643955	10882.34892866	4075.54682550	32183.19688286	21345.64481265	  177.62695081
24538.00000000	4.62136333	0.98757274	-2.06630915	10868.10518258	4048.14853964	31962.67385588	21336.53527693	  177.62679224
24540.00000000	4.62098588	0.99357423	-2.06611954	10855.92284899	4019.41585406	31729.79419933	21327.69237552	  177.62663352
24542.00000000	4.62060848	1.00013962	-2.06621204	10846.57737420	3989.67575178	31497.93546645	21325.38410755	  177.62647528
24544.00000000	4.62023114	1.00605544	-2.06589866	10837.52795100	3962.83421396	31276.22247470	21332.92663504	  177.62631409
24546.00000000	4.61985387	1.01137498	-2.06577882	10828.20728874	3938.41962517	31079.80815061	21345.61301993	  177.62615249
24548.00000000	4.61947666	1.01570245	-2.06575992	10818.20584409	3917.79106843	30916.43477430	21337.21958948	  177.62598934
24550.00000000	4.61909951	1.01882017	-2.06586567	10807.90071579	3901.87514318	30794.09396314	21328.75198618	  177.62582489
24552.00000000	4.61872242	1.02079661	-2.06591359	10798.96286240	3890.95056059	30709.34730023	21325.24089708	  177.62566161
24554.00000000	4.61834540	1.02139678	-2.06590707	10790.57601065	3885.59598596	30666.88613066	21332.14560253	  177.62550008
24556.00000000	4.61796843	1.02096446	-2.06593115	10781.44902606	3883.98820713	30654.93510783	21345.58608908	  177.62533891
24558.00000000	4.61759153	1.01990741	-2.06603705	10773.56429065	3885.25247039	30668.16099843	21337.58890809	  177.62517752
24560.00000000	4.61721469	1.01788658	-2.06617465	10766.49569856	3890.55757354	30714.26265968	21328.86871259	  177.62501710
24562.00000000	4.61683791	1.01532724	-2.06625263	10762.64980992	3899.13429685	30784.37273480	21324.20699237	  177.62485877
24564.00000000	4.61646119	1.01228545	-2.06643646	10759.81262779	3909.98167335	30875.69026774	21331.28292743	  177.62470238
24566.00000000	4.61608453	1.00891162	-2.06652642	10759.93937919	3923.24178586	30983.18739943	21345.60008134	  177.62454556
24568.00000000	4.61570794	1.00539402	-2.06669057	10762.02142193	3937.82830811	31103.48752331	21337.29272537	  177.62438938
24570.00000000	4.61533140	1.00161924	-2.06687521	10765.28403329	3953.91913693	31236.35010895	21328.67289238	  177.62423260
24572.00000000	4.61495493	0.99763298	-2.06692340	10770.81335104	3971.75088506	31378.73464664	21322.96273332	  177.62407375
24574.00000000	4.61457852	0.99346072	-2.06705196	10776.64890507	3990.51755932	31531.05369586	21330.68689284	  177.62391755
24576.00000000	4.61420217	0.98887411	-2.06722585	10780.70675894	4010.37202466	31693.44445042	21345.10386042	  177.62376131
24578.00000000	4.61382588	0.98431726	-2.06735615	10783.87638238	4029.87287146	31851.70703633	21337.88973224	  177.62360723
24580.00000000	4.61344966	0.97936982	-2.06760981	10782.62583223	4049.39020316	32014.08981861	21329.48742071	  177.62345011
24582.00000000	4.61307349	0.97395092	-2.06756473	10775.24842261	4068.60738530	32164.56905842	21321.69871538	  177.62329097
24584.00000000	4.61269739	0.96896482	-2.06772564	10765.56304938	4085.26916666	32301.48678832	21330.18287316	  177.62313660
24586.00000000	4.61232135	0.96424389	-2.06796817	10753.18286638	4099.88080867	32424.88144711	21344.79200196	  177.62298199
24588.00000000	4.61194536	0.95990515	-2.06792299	10740.61479124	4112.89508153	32526.33813704	21338.49377915	  177.62282714
24590.00000000	4.61156945	0.95629839	-2.06823256	10729.70542917	4123.56349679	32620.80493943	21329.76185890	  177.62266717
24592.00000000	4.61119359	0.95317177	-2.06819729	10720.28154473	4132.84339766	32693.06351198	21320.31726453	  177.62250598
24594.00000000	4.61081779	0.95086267	-2.06833832	10712.19534390	4139.27302574	32748.54366139	21329.94226899	  177.62234349
24596.00000000	4.61044205	0.94920071	-2.06836731	10705.05159123	4143.39307305	32782.09044576	21344.10524774	  177.62217912
24598.00000000	4.61006638	0.94837053	-2.06852870	10698.83374334	4144.42560993	32795.55224973	21338.74560703	  177.62201268
24600.00000000	4.60969077	0.94874283	-2.06852314	10695.29402546	4141.51228444	32772.31648210	21330.39051502	  177.62184471
24602.00000000	4.60931522	0.95013682	-2.06858341	10692.59793566	4134.70053599	32720.38604266	21319.22877799	  177.62167822
24604.00000000	4.60893973	0.95248469	-2.06840860	10689.69218344	4123.88319049	32629.07754800	21329.54655618	  177.62150918
24606.00000000	4.60856430	0.95584629	-2.06828854	10687.32418294	4109.13316723	32508.46904755	21343.61201792	  177.62134151
24608.00000000	4.60818893	0.95996221	-2.06822824	10685.59508570	4091.59296054	32367.75171967	21340.42492209	  177.62117736
24610.00000000	4.60781362	0.96454353	-2.06820457	10682.08867557	4071.55443302	32208.46865049	21331.17875775	  177.62101778
24612.00000000	4.60743838	0.96911554	-2.06809949	10677.33402348	4051.17774591	32043.90924917	21318.52656779	  177.62085773
24614.00000000	4.60706319	0.97385105	-2.06809127	10672.00220857	4030.02527836	31876.33617672	21329.71653671	  177.62069720
24616.00000000	4.60668807	0.97832474	-2.06794935	10666.59609291	4010.00407155	31713.47286057	21343.47133225	  177.62053760
24618.00000000	4.60631301	0.98225138	-2.06781201	10661.19603977	3992.26698306	31568.86186164	21340.43434612	  177.62038209
24620.00000000	4.60593801	0.98598964	-2.06782339	10656.66170014	3975.67905047	31438.05022528	21330.82913435	  177.62022596
24622.00000000	4.60556307	0.98909205	-2.06779396	10652.33890221	3961.75630377	31327.03288178	21318.07897582	  177.62006954
24624.00000000	4.60518819	0.99183613	-2.06784633	10648.24764303	3949.38239214	31230.82348200	21329.36560507	  177.61991206
24626.00000000	4.60481337	0.99398772	-2.06775607	10644.39663850	3939.46881440	31149.61760152	21341.23069413	  177.61975438
24628.00000000	4.60443861	0.99582407	-2.06781757	10639.63577308	3930.48245610	31080.47332155	21340.94657709	  177.61959456
24630.00000000	4.60406392	0.99683508	-2.06769856	10634.28351267	3924.53547883	31029.75404110	21331.29676056	  177.61943681
24632.00000000	4.60368928	0.99736626	-2.06781792	10625.44559252	3919.19155540	30991.20063621	21318.06279382	  177.61927945
24634.00000000	4.60331471	0.99702658	-2.06779444	10609.69615983	3914.71187416	30955.05048235	21329.13231894	  177.61912193
24636.00000000	4.60294020	0.99614308	-2.06796487	10582.77498859	3908.23004515	30909.06372475	21339.82411225	  177.61896337
24638.00000000	4.60256575	0.99421048	-2.06806359	10548.45023438	3903.08971689	30871.45788369	21342.59189965	  177.61880114
24640.00000000	4.60219135	0.99120670	-2.06814461	10513.87278449	3901.99867082	30865.32881232	21331.61266909	  177.61864022
24642.00000000	4.60181703	0.98725406	-2.06837159	10495.57081560	3910.63311152	30940.65060766	21318.53246745	  177.61847860
24644.00000000	4.60144276	0.98227796	-2.06861744	10494.81547651	3929.85847944	31100.40533378	21329.31865371	  177.61831637
24646.00000000	4.60106855	0.97636493	-2.06882685	10507.21215628	3957.83421429	31328.36149378	21340.10579293	  177.61815124
24648.00000000	4.60069440	0.96983235	-2.06896907	10524.77181008	3990.43140513	31590.87818452	21343.04725570	  177.61798519
24650.00000000	4.60032032	0.96290516	-2.06920008	10540.10260572	4024.02287493	31864.17053553	21332.03390349	  177.61781703
24652.00000000	4.59994629	0.95609652	-2.06935668	10550.39388733	4055.47033738	32118.21605670	21319.54318986	  177.61764888
24654.00000000	4.59957233	0.94959115	-2.06939983	10554.15764860	4083.39486843	32340.76637733	21329.96579339	  177.61748174
24656.00000000	4.59919842	0.94390610	-2.06975616	10554.57756523	4106.83869805	32538.03534236	21339.50005819	  177.61731665
24658.00000000	4.59882458	0.93899773	-2.06987111	10552.24220177	4126.13296568	32694.65972477	21343.81968912	  177.61715264
24660.00000000	4.59845080	0.93486075	-2.06999993	10548.19034283	4141.64710068	32821.81830989	21332.59183517	  177.61698854
24662.00000000	4.59807708	0.93148242	-2.07001660	10543.63553390	4153.86817212	32919.21687430	21321.15898990	  177.61682622
24664.00000000	4.59770342	0.92881259	-2.07010873	10538.79701200	4163.06178731	32995.11580032	21330.05532962	  177.61666623
24666.00000000	4.59732982	0.92688487	-2.07014214	10533.26416240	4168.90491252	33042.53045169	21337.60093643	  177.61650846
24668.00000000	4.59695628	0.92542127	-2.07016811	10527.23282986	4172.62039715	33072.83795953	21343.93851923	  177.61634905
24670.00000000	4.59658281	0.92445392	-2.07037994	10520.91578512	4174.15245567	33091.99053738	21333.39864597	  177.61618864
24672.00000000	4.59620939	0.92350792	-2.07035527	10513.70061491	4175.23774789	33099.77792791	21321.91325459	  177.61602882
24674.00000000	4.59583603	0.92286942	-2.07037892	10507.37629851	4175.39136680	33101.77872026	21328.97434610	  177.61586610
24676.00000000	4.59546274	0.92240749	-2.07045301	10499.57387632	4174.21860529	33094.93304154	21335.70065399	  177.61570501
24678.00000000	4.59508950	0.92212885	-2.07060740	10492.76450385	4172.67397657	33087.79461011	21344.39940383	  177.61554430
24680.00000000	4.59471633	0.92208206	-2.07065214	10485.53737812	4169.99506621	33068.03115785	21334.20092645	  177.61538124
24682.00000000	4.59434322	0.92221460	-2.07048428	10478.38869540	4166.59984773	33035.56147327	21324.04965452	  177.61521769
24684.00000000	4.59397016	0.92305977	-2.07069200	10471.02256453	4160.15326748	32991.30103204	21327.30082927	  177.61504971
24686.00000000	4.59359717	0.92418938	-2.07054909	10463.03967389	4152.28855461	32924.22574279	21333.64659158	  177.61488678
24688.00000000	4.59322424	0.92602951	-2.07053064	10456.16418802	4141.93125221	32841.49505764	21344.69673123	  177.61472259
24690.00000000	4.59285137	0.92845036	-2.07043712	10449.43206010	4129.25610321	32737.93139860	21335.08602981	  177.61455685
24692.00000000	4.59247856	0.93145009	-2.07047389	10441.99556805	4113.95815058	32617.84433096	21325.99119884	  177.61438784
24694.00000000	4.59210581	0.93479956	-2.07041658	10434.53842629	4097.27349193	32483.69680063	21325.04412861	  177.61421518
24696.00000000	4.59173312	0.93847363	-2.07032736	10426.44383671	4079.08062017	32336.57649315	21331.88070071	  177.61404148
24698.00000000	4.59136049	0.94232838	-2.07029089	10418.77580860	4060.39868075	32187.30283690	21344.62650408	  177.61386529
24700.00000000	4.59098793	0.94610159	-2.07022579	10411.14796543	4042.14529173	32040.52007859	21336.18206977	  177.61368777
24702.00000000	4.59061542	0.94989442	-2.07017447	10402.79816937	4023.61359178	31891.98976302	21327.40156506	  177.61350850
24704.00000000	4.59024297	0.95332186	-2.07009143	10395.21552190	4006.92372164	31757.06500514	21322.66875625	  177.61333083
24706.00000000	4.58987059	0.95672946	-2.07013522	10387.42746119	3990.30120097	31626.70747681	21330.65222946	  177.61315029
24708.00000000	4.58949826	0.95962867	-2.07012116	10379.67753565	3975.78075504	31511.17686944	21344.24726393	  177.61297222
24710.00000000	4.58912599	0.96207072	-2.07016751	10372.17072856	3963.21515948	31413.04078512	21338.25529511	  177.61279831
24712.00000000	4.58875379	0.96393067	-2.07008848	10365.21318174	3953.19708057	31331.15974936	21329.08632822	  177.61262828
24714.00000000	4.58838164	0.96500017	-2.07007984	10357.62855812	3946.08180937	31274.49729623	21320.75825882	  177.61245838
24716.00000000	4.58800956	0.96556299	-2.07010721	10350.40853039	3941.11231952	31235.96674097	21329.77284573	  177.61228776
24718.00000000	4.58763754	0.96543786	-2.07030799	10342.77426622	3938.69826586	31223.10187930	21344.17081014	  177.61211874
24720.00000000	4.58726557	0.96432042	-2.07016547	10335.64763811	3940.38498961	31232.02150691	21339.12955044	  177.61195228
24722.00000000	4.58689367	0.96281249	-2.07050488	10328.58221449	3943.63359764	31268.38153593	21329.66599941	  177.61178515
24724.00000000	4.58652183	0.96032969	-2.07053567	10320.64598392	3950.39928430	31322.98994803	21318.94012843	  177.61161825
24726.00000000	4.58615005	0.95731245	-2.07058163	10314.08937849	3959.81938738	31399.12568542	21329.54436150	  177.61144777
24728.00000000	4.58577832	0.95353253	-2.07055177	10306.79757481	3972.00540285	31494.81331098	21342.15385610	  177.61127743
24730.00000000	4.58540666	0.94925194	-2.07092303	10298.75358721	3985.93109280	31616.96895162	21339.93207756	  177.61110445
24732.00000000	4.58503506	0.94478061	-2.07098302	10290.96145121	4000.76411146	31736.53038994	21330.51121601	  177.61093368
24734.00000000	4.58466352	0.93983091	-2.07107978	10282.80036898	4017.42730522	31871.79683891	21318.21183109	  177.61076447
24736.00000000	4.58429204	0.93488180	-2.07130211	10275.06027421	4034.32024729	32012.93150258	21329.07435298	  177.61059423
24738.00000000	4.58392062	0.92998653	-2.07162572	10266.95686982	4050.92047755	32155.06105860	21340.92631365	  177.61042268
24740.00000000	4.58354926	0.92511364	-2.07158771	10259.03042410	4067.56561371	32285.95801607	21341.93452120	  177.61024810
24742.00000000	4.58317796	0.92078397	-2.07166658	10250.49468002	4081.81602560	32401.62485608	21331.49026572	  177.61007587
24744.00000000	4.58280672	0.91708108	-2.07182868	10241.02459564	4093.17350895	32497.04830300	21318.48216824	  177.60990349
24746.00000000	4.58243554	0.91392468	-2.07185498	10230.13247964	4101.74648391	32565.96849324	21329.29976528	  177.60973102
24748.00000000	4.58206442	0.91133544	-2.07189988	10214.73401509	4106.19063479	32602.71694102	21340.29440665	  177.60955632
24750.00000000	4.58169336	0.90960630	-2.07209811	10194.85069583	4105.29030815	32602.03040655	21343.31243429	  177.60938107
24752.00000000	4.58132236	0.90829064	-2.07213804	10167.47914260	4099.65847330	32558.60541723	21331.90147953	  177.60920489
24754.00000000	4.58095142	0.90762753	-2.07232715	10137.40808821	4090.24481183	32489.98766252	21319.75032193	  177.60902958
24756.00000000	4.58058055	0.90740761	-2.07238896	10112.14040394	4080.94715868	32418.13758269	21329.85066032	  177.60885643
24758.00000000	4.58020973	0.90739300	-2.07230325	10099.73253191	4075.99927400	32376.05770769	21339.17233372	  177.60868585
24760.00000000	4.57983897	0.90777285	-2.07241051	10100.27896420	4074.67176666	32368.98483529	21343.95133483	  177.60851650
24762.00000000	4.57946827	0.90812800	-2.07239912	10107.97187452	4076.32730057	32381.76744424	21332.92771570	  177.60834710
24764.00000000	4.57909763	0.90844148	-2.07247381	10117.21423044	4078.77569982	32403.63744940	21322.06846467	  177.60817964
24766.00000000	4.57872705	0.90872085	-2.07238074	10124.95333074	4080.75554012	32416.34901556	21329.66360901	  177.60801450
24768.00000000	4.57835654	0.90880928	-2.07262819	10128.75525551	4081.92687707	32433.67841513	21336.33248622	  177.60785139
24770.00000000	4.57798608	0.90854821	-2.07251361	10130.44529177	4083.67396666	32443.84274529	21344.48843456	  177.60768721
24772.00000000	4.57761568	0.90808382	-2.07248005	10129.22915482	4085.08036387	32453.92687834	21334.28312504	  177.60752249
24774.00000000	4.57724534	0.90754522	-2.07265481	10125.16381171	4085.64074577	32464.05192414	21324.02857171	  177.60735848
24776.00000000	4.57687506	0.90687703	-2.07269756	10118.53151968	4085.69363521	32465.85981991	21327.51254789	  177.60719066
24778.00000000	4.57650484	0.90622950	-2.07264063	10107.81370858	4084.00964366	32450.63116387	21333.73162412	  177.60702629
24780.00000000	4.57613469	0.90588498	-2.07264699	10090.51890099	4078.42661633	32406.47575670	21345.00897100	  177.60686175
24782.00000000	4.57576459	0.90592291	-2.07273538	10065.16085028	4068.02298172	32326.66734980	21335.72312188	  177.60669691
24784.00000000	4.57539455	0.90614232	-2.07262506	10030.64812364	4053.18462123	32205.20090453	21326.83808995	  177.60653138
24786.00000000	4.57502457	0.90709347	-2.07279153	9986.80392037	4031.63153868	32039.28071444	21324.78414107	  177.60636160
24788.00000000	4.57465465	0.90848371	-2.07284578	9960.98245490	4015.62095992	31913.77616113	21331.40796264	  177.60619792
24790.00000000	4.57428479	0.90998360	-2.07290988	9958.00858736	4008.40540640	31858.47338128	21344.86097318	  177.60603394
24792.00000000	4.57391500	0.91168443	-2.07291228	9969.22833306	4006.10220159	31840.24426852	21337.49475931	  177.60587070
24794.00000000	4.57354526	0.91342797	-2.07275418	9987.44095715	4006.42945102	31837.81124701	21328.45901516	  177.60570352
24796.00000000	4.57317558	0.91533564	-2.07295216	10005.62758057	4006.07538733	31841.30076351	21321.15514540	  177.60553524
24798.00000000	4.57280596	0.91708837	-2.07270017	10018.33485093	4004.13881751	31817.88966870	21329.93138676	  177.60536770
24800.00000000	4.57243640	0.91889601	-2.07274777	10023.51284575	3998.97311269	31778.35445932	21343.96404128	  177.60519875
24802.00000000	4.57206690	0.92054786	-2.07270769	10022.59115370	3992.00575551	31721.71601733	21338.84428789	  177.60502903
24804.00000000	4.57169746	0.92214992	-2.07281274	10018.15820973	3983.85264044	31660.25434619	21329.57043217	  177.60485885
24806.00000000	4.57132808	0.92355370	-2.07270330	10013.60823171	3976.45728049	31598.02412412	21318.62447114	  177.60469084
24808.00000000	4.57095876	0.92489225	-2.07275363	10008.13532967	3968.96773615	31540.09765285	21329.14303528	  177.60452087
24810.00000000	4.57058950	0.92610826	-2.07283686	10001.26329297	3961.42242596	31482.75757255	21342.64241480	  177.60435179
24812.00000000	4.57022030	0.92718455	-2.07275067	9994.24957219	3954.38598350	31424.12803826	21340.93528456	  177.60418626
24814.00000000	4.56985115	0.92791380	-2.07275716	9985.97091659	3948.23009215	31375.41287967	21330.79326822	  177.60402447
24816.00000000	4.56948207	0.92868435	-2.07280664	9978.51398023	3942.24293415	31329.38481311	21317.63801410	  177.60386249
24818.00000000	4.56911305	0.92924302	-2.07286924	9970.74435656	3936.97327400	31289.46516833	21329.20338428	  177.60370054
24820.00000000	4.56874409	0.92947054	-2.07287050	9962.92475718	3932.99072241	31257.85275223	21341.33573522	  177.60353868
24822.00000000	4.56837519	0.92950640	-2.07295387	9955.34619593	3929.85809195	31235.55976208	21341.77929918	  177.60338048
24824.00000000	4.56800634	0.92907475	-2.07305252	9947.73300755	3928.54816225	31228.22879137	21331.31874485	  177.60322291
24826.00000000	4.56763756	0.92823577	-2.07309932	9940.55344778	3929.00782610	31233.34427874	21318.56237603	  177.60306514
24828.00000000	4.56726884	0.92712336	-2.07323921	9933.81968988	3930.71642241	31251.29801440	21328.34812676	  177.60290865
24830.00000000	4.56690017	0.92527776	-2.07317209	9926.63401182	3935.12911078	31284.28146699	21337.28335863	  177.60274975
24832.00000000	4.56653157	0.92307761	-2.07344226	9918.72695147	3940.65508255	31336.67812932	21342.91942673	  177.60259123
24834.00000000	4.56616302	0.92035556	-2.07357268	9911.08952461	3948.35375444	31401.99412292	21332.27438285	  177.60243604
24836.00000000	4.56579454	0.91726679	-2.07352888	9903.36784553	3957.48253040	31473.21840482	21320.94423547	  177.60228082
24838.00000000	4.56542611	0.91392991	-2.07359608	9896.68535232	3968.03092480	31559.22892183	21327.02916273	  177.60212880
24840.00000000	4.56505774	0.91034035	-2.07373918	9889.08222058	3979.24057057	31652.91263622	21334.49552708	  177.60197128
24842.00000000	4.56468944	0.90650940	-2.07390428	9880.50915869	3991.05115667	31752.10203515	21343.92117132	  177.60181313
24844.00000000	4.56432119	0.90275011	-2.07405311	9872.30691594	4002.75728177	31849.97362896	21333.41614703	  177.60165623
24846.00000000	4.56395300	0.89907514	-2.07408825	9863.47003829	4013.89823507	31939.74466137	21324.46293583	  177.60149786
24848.00000000	4.56358487	0.89552665	-2.07410668	9855.74916835	4025.01367454	32028.78370080	21325.37369946	  177.60133947
24850.00000000	4.56321680	0.89272219	-2.07440500	9848.28321663	4033.25988056	32103.97815840	21332.20489876	  177.60117752
24852.00000000	4.56284879	0.89021416	-2.07448506	9840.96681129	4040.38423383	32163.26153094	21344.06943105	  177.60101408
24854.00000000	4.56248084	0.88838354	-2.07452763	9833.52256883	4044.72544982	32199.19007628	21335.49433043	  177.60084890
24856.00000000	4.56211295	0.88705196	-2.07448159	9826.07711531	4047.04837127	32216.19933457	21327.74233205	  177.60068193
24858.00000000	4.56174512	0.88638382	-2.07467220	9818.01965589	4046.43247500	32217.43670255	21322.74978909	  177.60051511
24860.00000000	4.56137735	0.88618770	-2.07465136	9810.93897386	4044.30729622	32199.84517279	21329.94452433	  177.60035060
24862.00000000	4.56100964	0.88627740	-2.07464556	9803.51829164	4040.88582906	32172.41767698	21343.92440627	  177.60018668
24864.00000000	4.56064198	0.88649196	-2.07466007	9795.67901389	4036.78835953	32140.26124658	21338.25055487	  177.60002329
24866.00000000	4.56027439	0.88684283	-2.07463101	9787.95331156	4032.18956423	32102.71324003	21329.65357307	  177.59986051
24868.00000000	4.55990685	0.88711749	-2.07468455	9780.45577594	4027.99444898	32071.03037933	21319.25619097	  177.59969885
24870.00000000	4.55953938	0.88729057	-2.07466274	9772.77697389	4024.13544894	32039.60628889	21328.93040265	  177.59953924
24872.00000000	4.55917196	0.88753758	-2.07472492	9765.13090344	4019.99392451	32008.62214986	21343.39604196	  177.59937985
24874.00000000	4.55880461	0.88761213	-2.07472142	9757.11297499	4016.39374494	31979.84438958	21339.09113054	  177.59922058
24876.00000000	4.55843731	0.88781378	-2.07489867	9750.29781067	4012.77911571	31956.72741816	21329.78649799	  177.59905799
24878.00000000	4.55807007	0.88787230	-2.07496700	9742.88384544	4009.49324790	31932.74137957	21317.38673860	  177.59889421
24880.00000000	4.55770289	0.88787240	-2.07490147	9734.61412175	4006.08959489	31903.54314626	21329.06078573	  177.59873148
24882.00000000	4.55733577	0.88808129	-2.07483509	9726.53893560	4001.93036100	31868.30460916	21341.24315920	  177.59856952
24884.00000000	4.55696871	0.88826015	-2.07493795	9718.58151983	3997.94117853	31839.81250064	21341.04329096	  177.59840908
24886.00000000	4.55660171	0.88845055	-2.07501385	9709.28472193	3993.35634636	31805.71268285	21330.92180589	  177.59824341
24888.00000000	4.55623477	0.88874122	-2.07503019	9700.16647618	3988.44656962	31767.12712543	21318.09835668	  177.59808037
24890.00000000	4.55586788	0.88903854	-2.07508773	9689.54440897	3982.89471336	31724.73308162	21329.14590155	  177.59791788
24892.00000000	4.55550106	0.88946414	-2.07506412	9677.82787402	3976.38588630	31672.14089172	21337.97676289	  177.59775952
24894.00000000	4.55513429	0.88990199	-2.07505091	9660.22131988	3967.41429338	31600.26418356	21342.79433971	  177.59760240
24896.00000000	4.55476759	0.89050661	-2.07512656	9638.97424117	3956.29540993	31514.08684037	21332.11901929	  177.59744292
24898.00000000	4.55440094	0.89118375	-2.07513045	9615.44214585	3943.96520642	31415.99193909	21320.93687158	  177.59728459
24900.00000000	4.55403435	0.89186144	-2.07513908	9590.30685941	3930.99054820	31312.91139974	21327.79563364	  177.59712529
24902.00000000	4.55366782	0.89266176	-2.07508193	9571.29860479	3920.06068349	31224.06358774	21334.66066605	  177.59696502
24904.00000000	4.55330135	0.89346245	-2.07522435	9555.67140064	3910.52797495	31152.56992427	21343.78305364	  177.59680326
24906.00000000	4.55293494	0.89420734	-2.07524829	9544.57746434	3903.07946820	31093.97715238	21333.64874106	  177.59664127
24908.00000000	4.55256859	0.89486394	-2.07525805	9536.38543896	3897.16978350	31047.20059114	21324.42152101	  177.59647800
24910.00000000	4.55220230	0.89538975	-2.07517359	9530.28252318	3892.62841806	31008.40211213	21324.81254677	  177.59631481
24912.00000000	4.55183607	0.89591664	-2.07540942	9525.58781521	3888.66143165	30984.10766591	21331.45433315	  177.59614920
24914.00000000	4.55146989	0.89625992	-2.07542281	9523.07260305	3886.30030654	30965.70908630	21344.09065352	  177.59598506
24916.00000000	4.55110378	0.89649286	-2.07531025	9522.69160769	3885.23969102	30953.77401729	21336.28041330	  177.59582370
24918.00000000	4.55073772	0.89666742	-2.07550681	9523.71412488	3884.97868236	30957.77903658	21328.20375342	  177.59566433
24920.00000000	4.55037172	0.89677941	-2.07554564	9527.57247830	3886.11734766	30968.05492224	21320.95742561	  177.59550433
24922.00000000	4.55000578	0.89679447	-2.07561694	9532.11828951	3887.91294186	30984.57290040	21329.19431516	  177.59534171
24924.00000000	4.54963990	0.89667311	-2.07553920	9536.59390927	3890.21054658	31000.47349255	21343.75086643	  177.59518095
24926.00000000	4.54927408	0.89649917	-2.07564975	9540.13573802	3892.33231689	31020.81094482	21338.14178410	  177.59502287
24928.00000000	4.54890832	0.89608253	-2.07571281	9540.74510695	3894.20305529	31037.67716826	21329.24536323	  177.59486424
24930.00000000	4.54854262	0.89563667	-2.07574498	9539.83534402	3895.56823036	31049.55686382	21317.72456854	  177.59470574
24932.00000000	4.54817697	0.89497488	-2.07575775	9536.35440459	3896.72475781	31059.17162948	21328.63559063	  177.59454616
24934.00000000	4.54781139	0.89434018	-2.07582561	9532.22993748	3897.51240339	31067.55774505	21340.49939911	  177.59438825
24936.00000000	4.54744586	0.89343184	-2.07581402	9527.00733032	3898.91692921	31078.39314856	21340.15709954	  177.59422796
24938.00000000	4.54708039	0.89248635	-2.07592544	9521.02625150	3900.15497765	31091.72573894	21330.52827440	  177.59407163
24940.00000000	4.54671499	0.89152638	-2.07601324	9515.21203413	3901.51681271	31105.31324401	21317.56002732	  177.59391583
24942.00000000	4.54634964	0.89052741	-2.07608054	9509.12962998	3902.91980182	31118.59274625	21328.01605723	  177.59376158
24944.00000000	4.54598434	0.88929355	-2.07620028	9502.22267425	3904.90006443	31138.11010023	21337.88006000	  177.59360508
24946.00000000	4.54561911	0.88804507	-2.07610377	9495.32153172	3906.93872914	31151.36004470	21342.59788244	  177.59344648
24948.00000000	4.54525394	0.88684441	-2.07615336	9488.76903898	3908.93314152	31168.80772710	21331.65184259	  177.59328966
24950.00000000	4.54488882	0.88557428	-2.07616899	9482.11008614	3911.15446910	31187.00742573	21320.33139714	  177.59313188
24952.00000000	4.54452377	0.88426596	-2.07629144	9475.40481199	3913.50547171	31209.57551489	21327.40849798	  177.59297409
24954.00000000	4.54415877	0.88291078	-2.07640420	9467.97988987	3915.74180386	31230.93110806	21334.93617721	  177.59281283
24956.00000000	4.54379383	0.88149162	-2.07648630	9460.53662645	3918.22008055	31253.26322854	21343.50625675	  177.59264973
24958.00000000	4.54342895	0.87999469	-2.07650740	9453.44567467	3921.14856243	31277.28162610	21333.41920043	  177.59248487
24960.00000000	4.54306413	0.87831404	-2.07641398	9446.20071645	3924.73401344	31302.95700516	21324.99494483	  177.59231852
24962.00000000	4.54269936	0.87711901	-2.07667928	9439.77358113	3926.75342207	31327.37332506	21325.06439849	  177.59215255
24964.00000000	4.54233466	0.87573291	-2.07680880	9432.08287950	3928.99645563	31349.32817300	21331.48160786	  177.59198808
24966.00000000	4.54197001	0.87437032	-2.07688841	9424.35686419	3931.13100709	31368.85686878	21343.97127783	  177.59182372
24968.00000000	4.54160543	0.87306125	-2.07677680	9416.95617533	3933.18945847	31381.77968218	21336.45819765	  177.59165888
24970.00000000	4.54124090	0.87215127	-2.07704381	9408.07793370	3933.05863049	31389.11595489	21328.64771841	  177.59149423
24972.00000000	4.54087643	0.87122785	-2.07697454	9400.26617215	3933.42347352	31389.85324475	21320.95516968	  177.59133053
24974.00000000	4.54051202	0.87044450	-2.07709161	9392.41980873	3933.22013447	31391.90549978	21329.17766640	  177.59116841
24976.00000000	4.54014766	0.86968632	-2.07704781	9384.60337967	3932.92761262	31388.19601178	21343.89166101	  177.59100604
24978.00000000	4.53978337	0.86906891	-2.07728105	9376.60842596	3932.00395839	31388.14442965	21338.19473810	  177.59084376
24980.00000000	4.53941913	0.86854293	-2.07712426	9369.45149644	3931.06990705	31375.76830885	21329.58635563	  177.59067953
24982.00000000	4.53905496	0.86813999	-2.07730018	9361.03921288	3929.12331169	31365.74920222	21317.79302222	  177.59051357
24984.00000000	4.53869084	0.86777674	-2.07735863	9352.41251114	3926.92859965	31350.06124941	21329.19014891	  177.59035056
24986.00000000	4.53832678	0.86730520	-2.07728678	9344.30589929	3925.37529054	31335.40921044	21341.63374226	  177.59018855
24988.00000000	4.53796277	0.86700026	-2.07741739	9336.19639437	3923.16479094	31321.85402244	21341.27216245	  177.59002972
24990.00000000	4.53759883	0.86675578	-2.07746309	9328.80426512	3921.01701499	31306.13723019	21330.82995015	  177.58986569
24992.00000000	4.53723495	0.86651180	-2.07747509	9321.69541276	3918.98514208	31290.28969253	21318.07787728	  177.58970372
24994.00000000	4.53687112	0.86621828	-2.07751622	9314.93816248	3917.29388844	31278.07285790	21328.90118920	  177.58954165
24996.00000000	4.53650735	0.86604714	-2.07755577	9309.65280970	3915.74130024	31266.91235808	21337.79892999	  177.58938303
24998.00000000	4.53614364	0.86592152	-2.07750615	9303.46111961	3913.62860394	31248.49223289	21342.94377144	  177.58922430
25000.00000000	4.53577999	0.86595532	-2.07763653	9296.42020163	3910.53457321	31227.85904339	21332.29663806	  177.58906115
25002.00000000	4.53541640	0.86578013	-2.07750024	9289.60598344	3908.35281004	31206.18291943	21321.48682202	  177.58889771
25004.00000000	4.53505286	0.86576669	-2.07756113	9282.78167125	3905.53414558	31185.57620311	21326.97876552	  177.58873118
25006.00000000	4.53468938	0.86584741	-2.07771408	9276.02602283	3902.37684550	31165.13175230	21333.56722415	  177.58856310
25008.00000000	4.53432597	0.86588074	-2.07767215	9269.41582930	3899.46599298	31140.57932539	21343.96642783	  177.58839306
25010.00000000	4.53396261	0.86599549	-2.07773737	9262.80719264	3896.23874309	31116.83645308	21334.47176065	  177.58822211
25012.00000000	4.53359931	0.86608916	-2.07767282	9257.21581290	3893.52211796	31093.13315424	21325.85196814	  177.58805029
25014.00000000	4.53323606	0.86635894	-2.07771223	9251.55390550	3890.09114639	31066.95832286	21322.90979887	  177.58787935
25016.00000000	4.53287288	0.86668978	-2.07793414	9245.00866913	3886.05313301	31041.59767454	21330.27510988	  177.58770592
25018.00000000	4.53250975	0.86699479	-2.07806283	9238.81714430	3882.26627111	31015.33936549	21343.73891830	  177.58753432
25020.00000000	4.53214668	0.86723931	-2.07785767	9233.08206932	3878.90773615	30982.15136763	21338.44041235	  177.58736593
25022.00000000	4.53178367	0.86771291	-2.07784540	9227.13518857	3874.57394471	30947.15596197	21329.55455330	  177.58720023
25024.00000000	4.53142072	0.86800039	-2.07783164	9220.94183483	3870.86035209	30917.06936193	21318.90617710	  177.58703367
25026.00000000	4.53105783	0.86846578	-2.07787766	9214.95013075	3866.54521718	30884.02513370	21329.15235355	  177.58686593
25028.00000000	4.53069499	0.86871683	-2.07785334	9208.64666560	3862.93042374	30854.40147424	21342.47567199	  177.58669854
25030.00000000	4.53033221	0.86920133	-2.07805703	9202.63409752	3858.53828456	30825.59845050	21339.93791285	  177.58653371
25032.00000000	4.52996949	0.86939255	-2.07815034	9195.94599990	3854.99684105	30800.17989307	21330.46701267	  177.58636929
25034.00000000	4.52960683	0.86958436	-2.07807644	9189.49958934	3851.55560030	30770.41141077	21317.70347244	  177.58620515
25036.00000000	4.52924423	0.86966503	-2.07825629	9182.27117789	3848.21557440	30749.25738011	21328.17341853	  177.58604133
25038.00000000	4.52888168	0.86954455	-2.07806532	9174.85379924	3845.57029452	30722.25246735	21337.77542923	  177.58587559
25040.00000000	4.52851920	0.86959082	-2.07830050	9168.22114746	3842.61245685	30705.84293612	21342.25446325	  177.58570900
25042.00000000	4.52815677	0.86927661	-2.07821749	9161.10209357	3840.83531898	30689.09463139	21331.72132350	  177.58554694
25044.00000000	4.52779440	0.86897496	-2.07832191	9153.50591933	3838.80840009	30676.10200804	21320.38466874	  177.58538508
25046.00000000	4.52743208	0.86862512	-2.07837371	9146.95417898	3837.40298038	30666.45978233	21325.95081400	  177.58522726
25048.00000000	4.52706983	0.86804527	-2.07839078	9139.19343965	3836.37100271	30658.73598778	21333.74344137	  177.58506363
25050.00000000	4.52670763	0.86738515	-2.07850542	9130.13820082	3835.10067087	30652.09796185	21343.57742249	  177.58490029
25052.00000000	4.52634549	0.86665053	-2.07851202	9121.57584627	3834.31979026	30646.05874997	21333.56422353	  177.58473831
25054.00000000	4.52598341	0.86600294	-2.07854401	9112.89613592	3833.15271487	30637.71097971	21325.23656124	  177.58457469
25056.00000000	4.52562139	0.86531456	-2.07862030	9106.44935736	3833.07872122	30639.45693322	21322.92136276	  177.58441223
25058.00000000	4.52525943	0.86457049	-2.07875097	9099.46734839	3832.99079889	30642.75810176	21330.29174985	  177.58424528
25060.00000000	4.52489752	0.86389529	-2.07873916	9093.86942956	3833.22010888	30644.22949221	21343.28306473	  177.58407794
25062.00000000	4.52453567	0.86330473	-2.07891163	9088.63984405	3833.27886254	30649.98495686	21337.06713607	  177.58390903
25064.00000000	4.52417388	0.86251088	-2.07879898	9082.59108557	3833.76992607	30650.45832723	21329.01657536	  177.58373738
25066.00000000	4.52381215	0.86186696	-2.07890713	9075.50002365	3833.24429686	30649.57045947	21318.53826122	  177.58356611
25068.00000000	4.52345047	0.86128791	-2.07895040	9068.71131186	3832.59554148	30645.70923098	21328.33454324	  177.58339658
25070.00000000	4.52308885	0.86071645	-2.07901776	9061.48242428	3831.72953626	30640.84843841	21342.35437269	  177.58322743
25072.00000000	4.52272730	0.86010742	-2.07899829	9054.45616358	3831.09095328	30635.14544685	21340.38127248	  177.58305898
25074.00000000	4.52236579	0.85948547	-2.07900339	9047.14293017	3830.37817796	30629.60201653	21330.01317332	  177.58289060
25076.00000000	4.52200435	0.85901208	-2.07908602	9039.87631403	3829.11387964	30622.02239365	21316.81758340	  177.58272477
25078.00000000	4.52164296	0.85846260	-2.07919048	9032.71089757	3828.18166546	30617.76553229	21328.72693295	  177.58256178
25080.00000000	4.52128164	0.85793544	-2.07921914	9025.22966657	3827.02795822	30609.41523604	21339.36791838	  177.58240049
25082.00000000	4.52092037	0.85732493	-2.07929117	9015.75844783	3825.34652540	30598.17075633	21341.41942676	  177.58223930
25084.00000000	4.52055915	0.85662212	-2.07938236	9005.47340089	3823.66898067	30587.54153142	21331.21406099	  177.58207753
25086.00000000	4.52019800	0.85585103	-2.07934107	8994.36914265	3821.90009072	30572.12886765	21319.57318181	  177.58191776
25088.00000000	4.51983690	0.85510913	-2.07924513	8985.18489166	3820.83109704	30560.64577073	21327.67837424	  177.58175667
25090.00000000	4.51947586	0.85445335	-2.07953353	8977.69663580	3820.15119110	30564.02086966	21333.80919881	  177.58159938
25092.00000000	4.51911488	0.85366342	-2.07959846	8971.49481549	3820.52898448	30569.02821164	21343.16486650	  177.58144297
25094.00000000	4.51875396	0.85277800	-2.07965104	8965.82153779	3821.49512661	30578.36642514	21333.61316573	  177.58128639
25096.00000000	4.51839309	0.85186649	-2.07969334	8961.34794417	3823.07152792	30592.27443516	21324.53891079	  177.58113065
25098.00000000	4.51803228	0.85110784	-2.07982688	8957.07315454	3824.14792064	30604.97432955	21322.73605054	  177.58097190
25100.00000000	4.51767153	0.85016667	-2.07985377	8951.95402840	3825.56114336	30617.10777799	21329.49949032	  177.58081877
25102.00000000	4.51731084	0.84926593	-2.07986445	8946.75701910	3826.78564508	30627.23505588	21343.24301549	  177.58066530
25104.00000000	4.51695021	0.84857297	-2.08001472	8942.33101783	3827.54392918	30637.90726825	21336.80056552	  177.58051295
25106.00000000	4.51658963	0.84771843	-2.07996687	8936.01189007	3828.10904252	30640.96474187	21328.21908806	  177.58035536
25108.00000000	4.51622911	0.84694092	-2.07996014	8929.33459823	3828.22390257	30641.67781977	21317.66712487	  177.58019747
25110.00000000	4.51586865	0.84626082	-2.08004279	8922.55133998	3827.91823303	30641.76371327	21328.01816421	  177.58003905
25112.00000000	4.51550824	0.84570830	-2.08002568	8915.91350513	3827.18450017	30635.36606736	21341.14852061	  177.57987900
25114.00000000	4.51514789	0.84507422	-2.07993044	8909.81461648	3826.99238715	30630.91083872	21339.75802903	  177.57971603
25116.00000000	4.51478761	0.84465963	-2.08017302	8902.58122353	3825.47110725	30626.16292304	21329.77601989	  177.57955235
25118.00000000	4.51442737	0.84416023	-2.08012055	8895.13733002	3824.18177432	30614.23440449	21316.93248487	  177.57938906
25120.00000000	4.51406720	0.84368402	-2.08005318	8887.63667918	3822.77711431	30600.92775215	21327.74403392	  177.57922423
25122.00000000	4.51370708	0.84346040	-2.08034037	8880.81649020	3820.69787697	30593.06856045	21337.30556108	  177.57905874
25124.00000000	4.51334702	0.84323844	-2.08026244	8873.88155451	3818.56180397	30573.58189057	21342.25732185	  177.57889616
25126.00000000	4.51298702	0.84301845	-2.08027597	8866.97044809	3816.42733636	30556.90564683	21331.71353854	  177.57873804
25128.00000000	4.51262708	0.84294596	-2.08043505	8860.37999449	3813.86720899	30541.26562914	21321.57321251	  177.57858125
25130.00000000	4.51226719	0.84278366	-2.08045279	8852.82746381	3811.23483449	30520.72720641	21326.46155203	  177.57842470
25132.00000000	4.51190736	0.84270643	-2.08052295	8845.79262578	3808.50038054	30500.96924474	21332.04113221	  177.57826702
25134.00000000	4.51154759	0.84267833	-2.08056939	8838.82783829	3805.60866791	30479.22591018	21343.38967191	  177.57811232
25136.00000000	4.51118787	0.84257170	-2.08044412	8831.68891935	3802.94044327	30454.04091255	21334.52800304	  177.57795991
25138.00000000	4.51082822	0.84257846	-2.08061775	8824.24976531	3799.71142932	30433.46659688	21325.76910846	  177.57780643
25140.00000000	4.51046862	0.84256290	-2.08060018	8815.96186711	3796.20175793	30404.82179859	21319.98079016	  177.57765369
25142.00000000	4.51010907	0.84254253	-2.08061440	8806.78064624	3792.32551874	30374.20777176	21328.48712959	  177.57749656
25144.00000000	4.50974959	0.84257219	-2.08068705	8796.74554006	3787.89190726	30340.90155923	21342.05032790	  177.57734165
25146.00000000	4.50939016	0.84261893	-2.08079269	8786.57898233	3783.33732724	30307.62097896	21337.55331141	  177.57718558
25148.00000000	4.50903079	0.84265441	-2.08079313	8777.44763524	3779.27145441	30275.06337890	21328.88957358	  177.57703060
25150.00000000	4.50867148	0.84278150	-2.08080150	8769.75769054	3775.48057148	30244.94842581	21316.50819593	  177.57687648
25152.00000000	4.50831222	0.84279011	-2.08082571	8763.12907867	3772.59438257	30222.55927475	21327.33178435	  177.57672148
25154.00000000	4.50795302	0.84285891	-2.08077677	8757.59170512	3769.95114178	30199.90606476	21338.10197116	  177.57656496
25156.00000000	4.50759388	0.84289839	-2.08087556	8753.50810659	3768.04444643	30187.61400871	21341.21100161	  177.57640505
25158.00000000	4.50723480	0.84293618	-2.08094099	8749.22134445	3766.05686631	30173.66480191	21330.50928381	  177.57624771
25160.00000000	4.50687577	0.84296212	-2.08098499	8744.24683802	3763.81798126	30157.05368606	21318.74076381	  177.57608935
25162.00000000	4.50651680	0.84283228	-2.08085599	8738.93981604	3762.02206205	30138.77618561	21327.02537749	  177.57593082
25164.00000000	4.50615789	0.84285793	-2.08102311	8733.65308970	3759.64975840	30124.80493440	21334.54590545	  177.57576837
25166.00000000	4.50579903	0.84278102	-2.08112415	8727.91529779	3757.46875133	30110.37143817	21342.82253398	  177.57560457
25168.00000000	4.50544024	0.84256541	-2.08116134	8721.48610415	3755.51052919	30095.79858346	21333.07186217	  177.57543891
25170.00000000	4.50508150	0.84241411	-2.08126162	8714.73408102	3753.17088635	30080.06528687	21324.60970233	  177.57527092
25172.00000000	4.50472281	0.84192040	-2.08126028	8707.11424923	3751.74108696	30068.56578341	21323.59990496	  177.57510294
25174.00000000	4.50436419	0.84155634	-2.08123776	8700.35858674	3750.19523467	30055.49954270	21329.60785387	  177.57493628
25176.00000000	4.50400562	0.84110478	-2.08120904	8693.03610588	3748.73136563	30042.90478478	21342.93559651	  177.57477018
25178.00000000	4.50364711	0.84067058	-2.08127871	8685.94645352	3747.30079860	30033.53247707	21337.35568029	  177.57460459
25180.00000000	4.50328865	0.84020797	-2.08136315	8678.82358949	3745.96036480	30025.32440467	21328.67667312	  177.57443928
25182.00000000	4.50293025	0.83973093	-2.08143255	8671.67843384	3744.66226617	30017.00281405	21317.48334578	  177.57427623
25184.00000000	4.50257191	0.83918645	-2.08142769	8664.82246790	3743.73951447	30009.46032721	21327.94678537	  177.57411621
25186.00000000	4.50221363	0.83864007	-2.08154594	8657.87782355	3742.78341509	30005.34407486	21341.23994752	  177.57395732
25188.00000000	4.50185540	0.83831520	-2.08173714	8651.03093350	3741.03870204	29997.09204925	21339.32770900	  177.57379872
25190.00000000	4.50149724	0.83763864	-2.08158020	8644.17467352	3740.60365170	29988.89674983	21329.72086511	  177.57363817
25192.00000000	4.50113912	0.83712755	-2.08165207	8637.07392718	3739.44164414	29981.73537142	21316.87005276	  177.57347893
25194.00000000	4.50078107	0.83661448	-2.08186276	8630.14620944	3738.35984294	29979.37754489	21328.18056224	  177.57331911
25196.00000000	4.50042307	0.83590849	-2.08161768	8622.44478865	3737.66158889	29966.43283830	21336.41957863	  177.57316160
25198.00000000	4.50006513	0.83550348	-2.08186689	8615.78142684	3736.28608802	29962.87102265	21342.06853232	  177.57300529
25200.00000000	4.49970724	0.83488121	-2.08176537	8608.47773045	3735.44250870	29953.06488963	21331.79807933	  177.57284626
25202.00000000	4.49934942	0.83447344	-2.08198532	8601.16903911	3733.79329670	29946.42662600	21322.19013161	  177.57268796
25204.00000000	4.49899165	0.83383775	-2.08189082	8593.16007101	3732.68866683	29934.73805888	21324.82520819	  177.57252562
25206.00000000	4.49863393	0.83335740	-2.08204538	8586.71461194	3731.68099252	29931.28289606	21330.75625994	  177.57236745
25208.00000000	4.49827628	0.83283376	-2.08206580	8580.14976387	3730.78103316	29924.67538702	21343.05439337	  177.57220829
25210.00000000	4.49791868	0.83226002	-2.08183797	8574.02090802	3730.25572343	29913.64595894	21335.36634564	  177.57204863
25212.00000000	4.49756114	0.83172413	-2.08189190	8566.42700523	3728.94964182	29904.78497206	21327.44574265	  177.57188383
25214.00000000	4.49720365	0.83132396	-2.08208921	8559.33242585	3727.35266010	29897.87610268	21318.73838754	  177.57171632
25216.00000000	4.49684622	0.83087910	-2.08221703	8551.94484931	3725.79266317	29889.18337568	21328.03447170	  177.57154900
25218.00000000	4.49648885	0.83036943	-2.08233449	8543.73299783	3724.11263605	29879.21533854	21341.77500061	  177.57137977
25220.00000000	4.49613153	0.82996476	-2.08242410	8535.92349444	3722.21452611	29866.66268834	21338.93385337	  177.57120883
25222.00000000	4.49577428	0.82946700	-2.08231860	8528.52600587	3720.84034569	29852.48676301	21329.59852859	  177.57103790
25224.00000000	4.49541708	0.82892215	-2.08231895	8521.67796164	3719.87892113	29844.78347326	21316.74574863	  177.57086872
25226.00000000	4.49505993	0.82848319	-2.08236387	8515.04584629	3718.61580555	29835.98982717	21327.64809894	  177.57069838
25228.00000000	4.49470284	0.82789456	-2.08247746	8507.57044532	3717.53885632	29830.73725290	21337.44093707	  177.57052829
25230.00000000	4.49434581	0.82745777	-2.08263188	8501.25643037	3716.40276236	29826.22615773	21342.27022092	  177.57036122
25232.00000000	4.49398884	0.82686965	-2.08260887	8494.25982317	3715.52866053	29818.52490851	21331.58455617	  177.57019845
25234.00000000	4.49363192	0.82649925	-2.08277168	8488.02004186	3714.17473524	29812.51240232	21322.03862420	  177.57003700
25236.00000000	4.49327506	0.82589964	-2.08266108	8480.69885830	3713.19695073	29801.36798297	21325.49633109	  177.56987475
25238.00000000	4.49291826	0.82539454	-2.08278657	8474.31787181	3712.27770508	29797.72928915	21331.74708162	  177.56970948
25240.00000000	4.49256151	0.82482858	-2.08278170	8467.45988416	3711.37335727	29790.32539197	21343.27469628	  177.56954691
25242.00000000	4.49220482	0.82422548	-2.08269984	8460.67485778	3710.63663860	29781.97378038	21334.94086329	  177.56938628
25244.00000000	4.49184819	0.82382221	-2.08274433	8454.04624098	3709.22499766	29771.96826946	21326.71323027	  177.56922451
25246.00000000	4.49149161	0.82337059	-2.08307278	8447.60577019	3708.07352034	29772.50311769	21318.93849564	  177.56906375
25248.00000000	4.49113509	0.82276314	-2.08297967	8439.84292443	3706.91709554	29760.44691078	21328.16076925	  177.56889972
25250.00000000	4.49077862	0.82237553	-2.08297592	8433.38066253	3705.51478611	29749.07708417	21341.05532652	  177.56873785
25252.00000000	4.49042222	0.82180522	-2.08295154	8425.84418383	3704.31533897	29738.72260549	21338.32678661	  177.56857434
25254.00000000	4.49006587	0.82129658	-2.08294538	8419.64919144	3703.47506315	29731.79375565	21329.35259192	  177.56841340
25256.00000000	4.48970957	0.82093715	-2.08313897	8412.58240357	3701.69692429	29723.27221041	21316.74737211	  177.56825310
25258.00000000	4.48935334	0.82050719	-2.08316105	8405.59041505	3700.21091396	29711.99609567	21327.17374712	  177.56809391
25260.00000000	4.48899715	0.82010851	-2.08322622	8398.51464400	3698.57034077	29700.75813206	21336.51359924	  177.56793128
25262.00000000	4.48864103	0.81964969	-2.08320330	8391.02866062	3696.96947793	29687.22219017	21342.18125419	  177.56776402
25264.00000000	4.48828496	0.81915172	-2.08319730	8383.51816594	3695.50026464	29675.24607812	21331.49742980	  177.56759856
25266.00000000	4.48792895	0.81880113	-2.08333233	8375.21444511	3693.13450009	29660.25365594	21321.44358368	  177.56743103
25268.00000000	4.48757300	0.81860207	-2.08345105	8365.54169791	3689.60359045	29635.41435859	21325.10735546	  177.56726287
25270.00000000	4.48721710	0.81819784	-2.08341365	8351.04552498	3684.69924447	29594.91514455	21331.85831456	  177.56708840
25272.00000000	4.48686126	0.81784489	-2.08346223	8334.94705572	3678.89440366	29549.72692303	21343.02260258	  177.56691215
25274.00000000	4.48650547	0.81750703	-2.08357638	8317.41587362	3672.39699090	29500.90541890	21335.14647699	  177.56673381
25276.00000000	4.48614974	0.81733363	-2.08357574	8306.02046528	3668.00155534	29465.57761113	21327.60875798	  177.56655291
25278.00000000	4.48579407	0.81702637	-2.08358572	8302.86630493	3667.73542926	29463.73378407	21319.40159720	  177.56637267
25280.00000000	4.48543846	0.81692339	-2.08368832	8303.24708313	3668.28137446	29471.14309232	21328.13953100	  177.56619515
25282.00000000	4.48508290	0.81651777	-2.08354590	8304.79086744	3670.45192863	29484.38193956	21341.95315167	  177.56601900
25284.00000000	4.48472739	0.81651458	-2.08390501	8305.06231024	3670.58357771	29496.02985317	21340.05437195	  177.56584433
25286.00000000	4.48437195	0.81609392	-2.08370373	8301.96319345	3670.75769329	29491.49220046	21329.54582748	  177.56566955
25288.00000000	4.48401656	0.81596135	-2.08379367	8296.88534481	3668.99884475	29480.01289563	21316.59874514	  177.56549711
25290.00000000	4.48366123	0.81589673	-2.08394872	8291.90469132	3667.03329781	29468.78866668	21328.20491163	  177.56532706
25292.00000000	4.48330595	0.81539560	-2.08363761	8285.53510757	3666.05310543	29451.74745063	21337.51629142	  177.56515864
25294.00000000	4.48295073	0.81545821	-2.08394644	8280.63142538	3663.65400537	29441.56514603	21341.53040344	  177.56499003
25296.00000000	4.48259556	0.81519351	-2.08397555	8273.65155051	3661.53495056	29425.39259743	21331.19989298	  177.56481943
25298.00000000	4.48224045	0.81500601	-2.08396719	8267.65422087	3659.56692132	29409.33103384	21321.27334612	  177.56465043
25300.00000000	4.48188540	0.81486664	-2.08395497	8261.79669071	3657.48386711	29392.23186485	21324.86348618	  177.56447697
25302.00000000	4.48153041	0.81456746	-2.08404816	8253.76825123	3655.02301151	29375.19317578	21330.83397777	  177.56430701
25304.00000000	4.48117547	0.81441410	-2.08414888	8247.41989429	3652.77193123	29360.05826336	21342.65888123	  177.56413734
25306.00000000	4.48082059	0.81422120	-2.08418450	8240.88685411	3650.58256904	29343.50604617	21334.83561678	  177.56396859
25308.00000000	4.48046576	0.81395730	-2.08412006	8234.13762278	3648.55549968	29325.32248957	21326.68751579	  177.56379589
25310.00000000	4.48011099	0.81378654	-2.08421447	8227.78991657	3646.36544025	29310.48706640	21317.96410780	  177.56361887
25312.00000000	4.47975627	0.81356014	-2.08430590	8221.21308573	3644.27571611	29296.36761009	21327.48660233	  177.56344699
25314.00000000	4.47940162	0.81327014	-2.08434148	8213.99117019	3642.13047171	29280.16387599	21340.36970309	  177.56327550
25316.00000000	4.47904701	0.81302309	-2.08424885	8207.91491818	3640.33543898	29263.02243132	21338.92223459	  177.56310567
25318.00000000	4.47869247	0.81270339	-2.08422099	8200.79196381	3638.33930956	29246.16136772	21328.95391082	  177.56292707
25320.00000000	4.47833798	0.81246125	-2.08435829	8193.50043553	3635.98466477	29231.24721297	21316.56970044	  177.56274847
25322.00000000	4.47798355	0.81216727	-2.08458759	8186.21038706	3633.81772529	29220.52565486	21326.99264657	  177.56256800
25324.00000000	4.47762917	0.81185233	-2.08443344	8178.79372803	3631.66906144	29198.74633082	21335.40289491	  177.56238562
25326.00000000	4.47727485	0.81143801	-2.08456050	8170.08712066	3629.30643196	29183.45862063	21341.61017445	  177.56219981
25328.00000000	4.47692058	0.81118054	-2.08458963	8162.84295077	3627.02214050	29165.94026072	21331.39170749	  177.56201409
25330.00000000	4.47656637	0.81068040	-2.08453064	8155.30343498	3625.48491117	29151.85901483	21322.42662698	  177.56182760
25332.00000000	4.47621222	0.81038773	-2.08475574	8148.14023342	3623.36073619	29141.33800606	21322.58330176	  177.56164145
25334.00000000	4.47585813	0.80989735	-2.08470454	8141.25541728	3622.07492044	29129.50518150	21329.33937959	  177.56145370
25336.00000000	4.47550408	0.80941438	-2.08471956	8134.54159159	3620.83624275	29119.98073124	21341.89409139	  177.56126810
25338.00000000	4.47515010	0.80909285	-2.08485360	8128.41662884	3619.27342802	29111.31385225	21336.28876694	  177.56108612
25340.00000000	4.47479617	0.80857972	-2.08478412	8120.80105389	3617.73841690	29096.94547095	21327.75537386	  177.56090940
25342.00000000	4.47444230	0.80817163	-2.08493948	8114.06286641	3616.21205538	29089.18803912	21316.50533176	  177.56073186
25344.00000000	4.47408848	0.80774279	-2.08496328	8107.27988305	3614.73887266	29078.02984369	21327.26003714	  177.56055386
25346.00000000	4.47373472	0.80727167	-2.08501059	8100.87743808	3613.58630748	29070.13358186	21339.46493626	  177.56037663
25348.00000000	4.47338102	0.80688104	-2.08511424	8094.50891469	3612.15619453	29061.64090735	21339.57897816	  177.56019984
25350.00000000	4.47302737	0.80634447	-2.08510129	8087.25297527	3610.85520204	29050.79731341	21329.30241337	  177.56002325
25352.00000000	4.47267378	0.80591692	-2.08513911	8079.83057214	3609.08392165	29037.64482619	21317.90212957	  177.55984573
25354.00000000	4.47232024	0.80547369	-2.08510637	8072.55231504	3607.43147020	29023.39957393	21324.64789903	  177.55967016
25356.00000000	4.47196676	0.80500300	-2.08522638	8064.10628122	3605.35375723	29010.16462866	21332.62186614	  177.55948533
25358.00000000	4.47161334	0.80451742	-2.08524792	8056.28161372	3603.60486678	28996.71712049	21342.00729718	  177.55930022
25360.00000000	4.47125997	0.80401714	-2.08528909	8048.28126637	3601.82774406	28983.61048982	21332.40486859	  177.55911843
25362.00000000	4.47090666	0.80365203	-2.08534151	8041.28066860	3600.00893950	28970.49337869	21323.93485050	  177.55893683
25364.00000000	4.47055340	0.80317993	-2.08540832	8034.77053328	3598.79297869	28962.64302615	21319.41975482	  177.55876002
25366.00000000	4.47020020	0.80270857	-2.08546791	8027.46448402	3597.21579441	28951.67511705	21327.97592754	  177.55857772
25368.00000000	4.46984705	0.80227220	-2.08550275	8019.46224513	3595.19835501	28936.44618756	21340.39218596	  177.55839759
25370.00000000	4.46949396	0.80173272	-2.08554288	8010.38081130	3593.06495039	28920.43579549	21337.26269561	  177.55821538
25372.00000000	4.46914093	0.80133058	-2.08556044	8000.65958809	3590.14792922	28897.46426578	21327.89991948	  177.55803575
25374.00000000	4.46878795	0.80093586	-2.08559568	7990.59159097	3587.04570984	28873.51174061	21315.67179079	  177.55785717
25376.00000000	4.46843503	0.80060202	-2.08576091	7980.77349880	3583.83448994	28852.43030361	21326.60686181	  177.55767833
25378.00000000	4.46808217	0.80003096	-2.08573992	7970.95479031	3581.46998934	28832.78901788	21337.46927179	  177.55749741
25380.00000000	4.46772936	0.79967719	-2.08573931	7962.75916149	3579.05350662	28813.31736755	21340.85808280	  177.55731449
25382.00000000	4.46737660	0.79924628	-2.08586362	7955.43912720	3577.30450289	28802.81723004	21330.04200552	  177.55713216
25384.00000000	4.46702390	0.79879777	-2.08590809	7949.56697034	3576.26760678	28795.74928142	21320.38823430	  177.55694975
25386.00000000	4.46667126	0.79843620	-2.08585361	7944.42197841	3575.24551301	28785.95096713	21325.10594984	  177.55676980
25388.00000000	4.46631867	0.79805835	-2.08601591	7939.29262390	3574.28740211	28782.90808006	21331.03384913	  177.55659298
25390.00000000	4.46596614	0.79754528	-2.08605561	7933.41074008	3573.47235207	28777.48708337	21341.96040456	  177.55641732
25392.00000000	4.46561367	0.79714833	-2.08605000	7927.61746868	3572.28059207	28767.72836543	21334.90019879	  177.55624196
25394.00000000	4.46526125	0.79675565	-2.08603711	7920.83854968	3570.62777871	28754.04757360	21326.91102906	  177.55606700
25396.00000000	4.46490888	0.79641461	-2.08620389	7912.28991982	3567.99075871	28737.60408839	21317.79171933	  177.55589349
25398.00000000	4.46455657	0.79591945	-2.08617438	7903.12771954	3565.62425788	28717.69619582	21327.11200629	  177.55572091
25400.00000000	4.46420432	0.79552131	-2.08621804	7894.55313526	3563.17403448	28699.21489669	21340.82824381	  177.55554762
25402.00000000	4.46385212	0.79508594	-2.08619907	7888.23613892	3561.87329845	28688.19412814	21338.55058128	  177.55537465
25404.00000000	4.46349998	0.79467903	-2.08638194	7882.47471360	3560.72037630	28684.15314200	21328.56693511	  177.55519689
25406.00000000	4.46314789	0.79419660	-2.08630558	7877.75624395	3560.30609292	28678.62589827	21316.33688555	  177.55501913
25408.00000000	4.46279586	0.79391506	-2.08648423	7873.31811974	3559.30225864	28675.66226928	21327.07902173	  177.55484018
25410.00000000	4.46244389	0.79352602	-2.08654030	7868.17900635	3558.36309348	28669.70325453	21334.85239327	  177.55466326
25412.00000000	4.46209197	0.79312729	-2.08650133	7862.27459863	3557.11087657	28658.49755527	21341.42076805	  177.55448869
25414.00000000	4.46174011	0.79272334	-2.08649699	7855.40643852	3555.43946259	28644.90699974	21331.65566110	  177.55431248
25416.00000000	4.46138830	0.79221602	-2.08652176	7847.66991122	3553.74025068	28631.92622369	21323.04051622	  177.55413721
25418.00000000	4.46103654	0.79189744	-2.08645635	7841.39910328	3552.03199605	28616.29143920	21321.41500972	  177.55395784
25420.00000000	4.46068485	0.79165996	-2.08665828	7834.10566327	3549.57105730	28602.24039400	21328.17001289	  177.55378441
25422.00000000	4.46033321	0.79136517	-2.08679298	7826.11107847	3546.99421177	28585.32650632	21341.57579719	  177.55361108
25424.00000000	4.45998162	0.79102655	-2.08676817	7818.41862934	3544.70790466	28566.19217568	21336.38868294	  177.55343989
25426.00000000	4.45963009	0.79069200	-2.08687515	7809.93544248	3542.04660259	28547.79923285	21327.67508410	  177.55326140
25428.00000000	4.45927861	0.79034883	-2.08683262	7802.27927429	3539.78882608	28528.38871558	21315.50060432	  177.55308131
25430.00000000	4.45892719	0.79001948	-2.08675190	7795.92516012	3538.07115077	28512.24401731	21326.82939304	  177.55290074
25432.00000000	4.45857583	0.78968727	-2.08678900	7789.44938314	3536.30681415	28499.08286284	21337.57721357	  177.55271869
25434.00000000	4.45822452	0.78947273	-2.08691871	7783.62108310	3534.41903204	28487.56417814	21340.29935316	  177.55253328
25436.00000000	4.45787327	0.78918252	-2.08687669	7777.57237516	3532.69748877	28472.49218461	21329.83625801	  177.55234690
25438.00000000	4.45752207	0.78894315	-2.08701519	7771.32532675	3530.70501592	28460.37484492	21319.83355426	  177.55215982
25440.00000000	4.45717093	0.78861556	-2.08715476	7764.18663451	3528.61748522	28447.51783432	21323.92786735	  177.55197215
25442.00000000	4.45681984	0.78832247	-2.08710112	7756.97934127	3526.37532894	28427.91681102	21330.84634983	  177.55178103
25444.00000000	4.45646881	0.78798644	-2.08723013	7749.33742425	3524.08525715	28413.12046036	21341.81412747	  177.55159073
25446.00000000	4.45611783	0.78779182	-2.08728350	7742.34904701	3521.59254564	28394.53823379	21334.88599337	  177.55140401
25448.00000000	4.45576691	0.78751222	-2.08738506	7735.41203467	3519.42114087	28379.91244409	21327.14309393	  177.55122020
25450.00000000	4.45541604	0.78711077	-2.08726098	7727.55613334	3517.25864673	28358.95550854	21317.32218473	  177.55103494
25452.00000000	4.45506523	0.78685927	-2.08719449	7719.98010454	3514.69417190	28336.39456269	21327.13374948	  177.55084740
25454.00000000	4.45471448	0.78673774	-2.08730527	7711.49629852	3511.25844343	28311.83098447	21339.75017793	  177.55066138
25456.00000000	4.45436378	0.78624908	-2.08738576	7700.91434373	3508.15405148	28289.07664645	21339.21024609	  177.55047632
25458.00000000	4.45401313	0.78594756	-2.08735515	7691.25577663	3504.81071147	28261.25148676	21328.92869842	  177.55029371
25460.00000000	4.45366254	0.78561705	-2.08739066	7681.04144310	3501.31318249	28234.05173683	21317.28935107	  177.55011227
25462.00000000	4.45331201	0.78528651	-2.08744327	7672.51580860	3498.58310460	28213.52097066	21325.13538222	  177.54993375
25464.00000000	4.45296153	0.78501343	-2.08756573	7665.06434389	3496.13991321	28197.27118377	21332.43908416	  177.54975061
25466.00000000	4.45261110	0.78478008	-2.08767661	7659.38431455	3494.36449056	28186.07696398	21341.83795582	  177.54956756
25468.00000000	4.45226074	0.78451622	-2.08775447	7654.86048533	3493.22221452	28179.05718356	21332.27237310	  177.54938929
25470.00000000	4.45191042	0.78411166	-2.08752626	7651.04007416	3492.89160281	28169.96091342	21323.74002959	  177.54921205
25472.00000000	4.45156016	0.78378834	-2.08771992	7646.52518408	3491.95930872	28167.89639147	21319.00975546	  177.54904040
25474.00000000	4.45120996	0.78353442	-2.08789846	7641.51961851	3490.55959555	28161.63321012	21327.66248047	  177.54886160
25476.00000000	4.45085981	0.78323392	-2.08794916	7636.26150533	3489.20610642	28152.14065319	21339.98669042	  177.54868501
25478.00000000	4.45050972	0.78291424	-2.08800188	7630.17659219	3487.54047312	28140.18524406	21337.53509543	  177.54850497
25480.00000000	4.45015968	0.78258962	-2.08801677	7623.81826612	3485.76562430	28126.28303900	21328.08389293	  177.54832468
25482.00000000	4.44980970	0.78220084	-2.08799845	7617.06725478	3484.03316709	28111.78910776	21315.83803571	  177.54814317
25484.00000000	4.44945977	0.78186724	-2.08799728	7611.03682063	3482.43641569	28098.87252949	21326.34501827	  177.54796012
25486.00000000	4.44910990	0.78144090	-2.08794665	7604.05108984	3480.72372410	28083.63115544	21335.78241517	  177.54777115
25488.00000000	4.44876008	0.78109963	-2.08802071	7597.28490258	3478.81355030	28070.29806275	21341.33041291	  177.54757782
25490.00000000	4.44841032	0.78083750	-2.08816051	7590.13176047	3476.44927974	28055.14288836	21330.80470891	  177.54738229
25492.00000000	4.44806061	0.78036767	-2.08808783	7582.21645601	3474.45592593	28037.01856703	21322.31396289	  177.54718416
25494.00000000	4.44771096	0.78003541	-2.08822912	7574.77957379	3472.20154232	28022.78586845	21323.24243199	  177.54698586
25496.00000000	4.44736136	0.77978492	-2.08824494	7567.84830861	3469.89337531	28004.60071862	21329.33223693	  177.54678874
25498.00000000	4.44701182	0.77934408	-2.08828598	7560.34533821	3467.98172619	27990.32080929	21341.69025763	  177.54659241
25500.00000000	4.44666233	0.77894743	-2.08836102	7552.73048773	3465.86320713	27975.32133083	21336.85910340	  177.54639643
25502.00000000	4.44631290	0.77849666	-2.08830555	7545.45098423	3464.08387030	27959.40832349	21327.84216381	  177.54620130
25504.00000000	4.44596352	0.77818101	-2.08835923	7538.46232207	3461.96801278	27943.83056757	21315.81489288	  177.54600817
25506.00000000	4.44561420	0.77778969	-2.08838593	7531.30949579	3460.03684722	27928.98874468	21327.22345687	  177.54581887
25508.00000000	4.44526493	0.77735015	-2.08836852	7524.05501666	3458.22368664	27913.86707633	21338.74622887	  177.54563174
25510.00000000	4.44491572	0.77710652	-2.08862850	7517.43469775	3456.02273620	27903.35499570	21339.83905145	  177.54544765
25512.00000000	4.44456656	0.77667858	-2.08857136	7510.97064904	3454.52901491	27889.70127476	21329.40316057	  177.54526035
25514.00000000	4.44421746	0.77633700	-2.08867247	7504.28398285	3452.63276004	27877.21065129	21318.39495121	  177.54507649
25516.00000000	4.44386841	0.77598257	-2.08875058	7497.61217161	3450.78597556	27864.47568898	21325.14401811	  177.54489079
25518.00000000	4.44351942	0.77552174	-2.08873169	7491.04264734	3449.35154109	27852.36669145	21330.49494684	  177.54471177
25520.00000000	4.44317048	0.77518977	-2.08881770	7484.10390584	3447.30072604	27838.20145563	21341.56111208	  177.54453470
25522.00000000	4.44282160	0.77476979	-2.08888170	7477.19291102	3445.56414206	27825.95847457	21333.51420195	  177.54435950
25524.00000000	4.44247277	0.77438831	-2.08880903	7470.86041893	3443.95961690	27810.97954479	21325.63424353	  177.54418098
25526.00000000	4.44212400	0.77399962	-2.08881900	7464.08711576	3442.17492782	27796.84479392	21316.69354840	  177.54399783
25528.00000000	4.44177528	0.77363496	-2.08895010	7457.30479626	3440.30145738	27785.35828010	21326.47106578	  177.54381737
25530.00000000	4.44142662	0.77327375	-2.08892036	7450.81492311	3438.54926724	27770.38080397	21338.98767459	  177.54363545
25532.00000000	4.44107801	0.77288514	-2.08898221	7443.74098120	3436.61989160	27756.51557258	21338.38703247	  177.54345332
25534.00000000	4.44072945	0.77244342	-2.08904633	7435.75461385	3434.44949712	27740.76479376	21328.31218211	  177.54325744
25536.00000000	4.44038095	0.77207338	-2.08912004	7427.82538600	3432.05687169	27723.48233132	21317.22089691	  177.54305988
25538.00000000	4.44003251	0.77161976	-2.08918889	7418.92130258	3429.49805073	27704.72011828	21324.54902405	  177.54285691
25540.00000000	4.43968412	0.77122286	-2.08932121	7410.21402245	3426.83281824	27686.85256175	21332.01049243	  177.54264901
25542.00000000	4.43933578	0.77077499	-2.08930513	7401.12776722	3424.16415323	27664.84651115	21340.93912997	  177.54243890
25544.00000000	4.43898750	0.77033749	-2.08931954	7392.48949580	3421.66426705	27645.04768128	21332.24696378	  177.54222857
25546.00000000	4.43863928	0.76982084	-2.08930250	7383.13383158	3419.09995849	27623.85879639	21324.31225548	  177.54201784
25548.00000000	4.43829110	0.76954915	-2.08946011	7374.28259559	3415.92893034	27602.58917996	21317.41901380	  177.54181248
25550.00000000	4.43794299	0.76905566	-2.08948770	7364.27069460	3412.97506717	27579.48133638	21326.26486893	  177.54160551
25552.00000000	4.43759493	0.76868129	-2.08955803	7354.57613745	3409.75839232	27555.42604727	21339.21426827	  177.54140139
25554.00000000	4.43724692	0.76832735	-2.08951319	7344.22920839	3406.16665515	27525.16563785	21338.11922060	  177.54120224
25556.00000000	4.43689897	0.76806565	-2.08968003	7333.39923895	3402.03405501	27496.35730040	21327.76848537	  177.54100987
25558.00000000	4.43655107	0.76759179	-2.08954804	7320.51870120	3397.66828962	27457.44738902	21315.97051424	  177.54081883
25560.00000000	4.43620323	0.76738264	-2.08993844	7306.12470710	3391.69689294	27419.89351684	21325.40359044	  177.54062897
25562.00000000	4.43585544	0.76682595	-2.08967439	7289.58916776	3385.90505591	27365.84315834	21332.94772660	  177.54043801
25564.00000000	4.43550770	0.76653132	-2.08966918	7273.40958378	3379.38537568	27313.00678827	21340.78425804	  177.54025055
25566.00000000	4.43516002	0.76616412	-2.08976689	7257.32830948	3373.15205628	27265.29164269	21331.37074297	  177.54006588
25568.00000000	4.43481240	0.76588483	-2.08984083	7241.12374653	3366.56044120	27214.02354435	21322.93081101	  177.53988070
25570.00000000	4.43446483	0.76555252	-2.08984949	7227.08785140	3361.15156797	27170.53554646	21317.90163440	  177.53969864
25572.00000000	4.43411731	0.76524755	-2.08995006	7213.87224573	3356.02865532	27131.85191812	21326.72754588	  177.53950727
25574.00000000	4.43376985	0.76502590	-2.08993023	7202.68442465	3351.56664869	27095.24139207	21338.39818515	  177.53931730
25576.00000000	4.43342244	0.76464847	-2.08999868	7192.54453245	3348.11177397	27069.16399809	21336.48712518	  177.53912271
25578.00000000	4.43307509	0.76444925	-2.09014724	7184.72955821	3345.14026441	27049.15763609	21327.01947182	  177.53892963
25580.00000000	4.43272779	0.76406399	-2.09004650	7176.52508105	3342.60787190	27025.95787566	21315.29799503	  177.53873715
25582.00000000	4.43238055	0.76366786	-2.09018855	7168.31347414	3340.10602977	27009.56618948	21323.88164562	  177.53854541
25584.00000000	4.43203336	0.76341606	-2.09027507	7159.75835249	3336.95985592	26986.45953742	21332.50279834	  177.53834467
25586.00000000	4.43168623	0.76305041	-2.09035339	7151.29547039	3334.23449187	26966.53108135	21340.49316747	  177.53813983
25588.00000000	4.43133914	0.76267587	-2.09038723	7143.35748157	3331.78111013	26947.60063737	21330.37959258	  177.53793869
25590.00000000	4.43099212	0.76244578	-2.09042706	7135.26615419	3328.77301778	26924.34341504	21322.62154451	  177.53773681
25592.00000000	4.43064515	0.76205083	-2.09049969	7128.41749551	3326.89165697	26911.08055632	21319.05291093	  177.53753790
25594.00000000	4.43029823	0.76170673	-2.09046337	7123.69059507	3325.82978762	26901.51424247	21327.02665854	  177.53733373
25596.00000000	4.42995137	0.76148918	-2.09056536	7121.68973175	3325.61907170	26902.55351630	21339.65459968	  177.53713070
25598.00000000	4.42960456	0.76110608	-2.09061857	7121.79403706	3326.94205872	26914.68768728	21336.68520721	  177.53692587
25600.00000000	4.42925781	0.76085723	-2.09064805	7124.82569348	3329.18666914	26933.64055202	21327.04137670	  177.53672003
25602.00000000	4.42891111	0.76058736	-2.09065068	7128.84401608	3331.96338594	26956.17547678	21314.73399397	  177.53651445
25604.00000000	4.42856446	0.76024014	-2.09059996	7133.98482513	3335.52411366	26983.61362494	21325.81342934	  177.53630963
25606.00000000	4.42821787	0.75996553	-2.09086131	7138.70381620	3338.64719390	27015.93850547	21335.35457522	  177.53610470
25608.00000000	4.42787133	0.75958252	-2.09079906	7142.46318996	3341.68504235	27038.83716145	21340.14275273	  177.53589830
25610.00000000	4.42752485	0.75922085	-2.09085679	7144.17479598	3343.69492888	27056.66171169	21329.99852867	  177.53568723
25612.00000000	4.42717842	0.75878786	-2.09071788	7143.15652378	3344.66622334	27060.76209943	21322.40979126	  177.53547475
25614.00000000	4.42683205	0.75837075	-2.09087897	7138.97258280	3344.10172612	27060.55367638	21320.95507112	  177.53525864
25616.00000000	4.42648573	0.75806617	-2.09078581	7134.44093263	3342.99705050	27049.09456503	21327.37097179	  177.53504569
25618.00000000	4.42613946	0.75772392	-2.09086592	7128.91024075	3341.54895554	27039.54366818	21340.60799452	  177.53483420
25620.00000000	4.42579325	0.75743897	-2.09110975	7122.75618647	3339.61583536	27030.49128478	21335.50302697	  177.53462732
25622.00000000	4.42544710	0.75704495	-2.09084600	7115.66878983	3337.60763952	27007.11290647	21326.30121392	  177.53441804
25624.00000000	4.42510099	0.75674649	-2.09099457	7108.03186840	3335.02074224	26990.19007732	21314.40984579	  177.53421277
25626.00000000	4.42475495	0.75647934	-2.09121586	7100.17240532	3332.22324428	26973.51835683	21325.96344065	  177.53401216
25628.00000000	4.42440895	0.75603335	-2.09090071	7091.75694169	3329.75846422	26945.07356199	21335.50966889	  177.53381871
25630.00000000	4.42406301	0.75579872	-2.09120887	7082.28076780	3326.08945498	26923.67859092	21339.66274165	  177.53363207
25632.00000000	4.42371712	0.75549327	-2.09125567	7072.21575159	3322.37724367	26894.88811882	21329.60933912	  177.53344210
25634.00000000	4.42337129	0.75523323	-2.09129619	7061.83155277	3318.36176263	26863.47092392	21320.68243993	  177.53325455
25636.00000000	4.42302552	0.75489322	-2.09138416	7051.98624765	3314.86231753	26837.50221294	21320.99217883	  177.53306316
25638.00000000	4.42267979	0.75452932	-2.09127884	7040.25609313	3310.55295139	26799.79054659	21327.29331753	  177.53287843
25640.00000000	4.42233412	0.75423307	-2.09140184	7026.77685399	3305.19357511	26759.69618291	21340.20114001	  177.53269406
25642.00000000	4.42198851	0.75388503	-2.09134005	7011.36656284	3299.09306360	26708.65453330	21335.23958172	  177.53251254
25644.00000000	4.42164295	0.75345220	-2.09160346	6991.48831534	3291.16383519	26651.48076505	21326.53412361	  177.53232204
25646.00000000	4.42129744	0.75320422	-2.09154675	6971.29975193	3282.47420213	26579.60573849	21314.41526038	  177.53212908
25648.00000000	4.42095198	0.75295982	-2.09161771	6952.07461711	3274.22204535	26514.66578419	21325.66919342	  177.53193509
25650.00000000	4.42060659	0.75266851	-2.09159608	6936.96336864	3268.05699318	26464.16888542	21335.02417557	  177.53173742
25652.00000000	4.42026124	0.75236401	-2.09170678	6927.18958703	3264.44636002	26437.85695533	21339.74311969	  177.53153504
25654.00000000	4.41991595	0.75204355	-2.09183509	6921.81994844	3262.96138979	26429.22148048	21329.57068911	  177.53133109
25656.00000000	4.41957071	0.75168118	-2.09202153	6919.25630769	3262.93507010	26433.93620889	21320.89274036	  177.53112548
25658.00000000	4.41922553	0.75144927	-2.09194894	6919.00955867	3263.57546509	26437.20514955	21320.45817613	  177.53091975
25660.00000000	4.41888040	0.75099451	-2.09188331	6919.21782349	3265.15821579	26448.29061416	21327.48632899	  177.53071175
25662.00000000	4.41853532	0.75060428	-2.09195032	6920.15886307	3266.87687478	26463.98529549	21339.88641809	  177.53050601
25664.00000000	4.41819030	0.75036636	-2.09203381	6922.71892314	3268.86307952	26482.28601299	21336.24478893	  177.53030493
25666.00000000	4.41784533	0.74991976	-2.09194516	6925.56330412	3271.66697708	26502.65174771	21326.82375663	  177.53011042
25668.00000000	4.41750042	0.74958156	-2.09201387	6927.62967633	3273.75012809	26521.34886813	21314.47086083	  177.52991773
25670.00000000	4.41715556	0.74925318	-2.09211642	6928.53332560	3275.25252756	26536.24119931	21325.42946382	  177.52972672
25672.00000000	4.41681076	0.74894962	-2.09219105	6928.40159262	3276.18461082	26545.77410042	21334.81215048	  177.52953633
25674.00000000	4.41646600	0.74849242	-2.09203657	6926.15671487	3276.62081694	26545.20744995	21339.86391822	  177.52934825
25676.00000000	4.41612131	0.74817536	-2.09212953	6922.43140425	3275.89694782	26541.81026089	21329.79202544	  177.52916472
25678.00000000	4.41577666	0.74782397	-2.09217259	6918.05604009	3274.97698350	26535.49934461	21321.22588798	  177.52898180
25680.00000000	4.41543207	0.74765905	-2.09232117	6914.24943989	3273.71481347	26529.21394218	21319.08224745	  177.52880421
25682.00000000	4.41508754	0.74708394	-2.09223942	6908.44991045	3272.85059058	26520.04255528	21327.14945743	  177.52861815
25684.00000000	4.41474305	0.74680531	-2.09231900	6902.33644371	3270.86558775	26506.06723999	21339.23526196	  177.52843489
25686.00000000	4.41439862	0.74647033	-2.09227908	6895.95035980	3268.93421731	26489.35835052	21335.44029479	  177.52825043
25688.00000000	4.41405425	0.74615901	-2.09238380	6889.62224494	3266.95136511	26476.06299359	21326.51821378	  177.52806823
25690.00000000	4.41370993	0.74579360	-2.09248076	6882.58135808	3264.80547669	26461.23792482	21314.68672088	  177.52788705
25692.00000000	4.41336566	0.74548708	-2.09266964	6875.78197386	3262.58002447	26448.19583383	21324.17711769	  177.52770588
25694.00000000	4.41302145	0.74525131	-2.09274564	6868.55275579	3259.91824606	26428.62655695	21333.28025800	  177.52751697
25696.00000000	4.41267729	0.74468499	-2.09254561	6860.69047608	3258.03124507	26408.04527307	21340.14744269	  177.52732380
25698.00000000	4.41233318	0.74437653	-2.09257653	6852.72414159	3255.25213215	26386.33493301	21329.97168544	  177.52713262
25700.00000000	4.41198913	0.74392655	-2.09254312	6844.44647709	3252.78334747	26365.44283637	21321.86286788	  177.52693929
25702.00000000	4.41164513	0.74364884	-2.09267661	6836.37135631	3249.84808470	26345.16759887	21319.30875073	  177.52674749
25704.00000000	4.41130118	0.74328412	-2.09279387	6828.83397245	3247.44917181	26328.80760654	21326.75988086	  177.52654960
25706.00000000	4.41095729	0.74290357	-2.09283173	6821.61013736	3245.24862948	26311.96295358	21339.23882960	  177.52635214
25708.00000000	4.41061345	0.74260255	-2.09277560	6815.46937630	3243.30343942	26294.71569095	21336.51655743	  177.52615201
25710.00000000	4.41026967	0.74216585	-2.09285458	6809.06820775	3241.67261044	26283.56948194	21326.67069673	  177.52595094
25712.00000000	4.40992594	0.74182076	-2.09291776	6802.46244112	3239.64549234	26268.79319434	21314.40458998	  177.52575143
25714.00000000	4.40958226	0.74142022	-2.09299582	6795.55981885	3237.65471084	26254.70032775	21325.46464098	  177.52555422
25716.00000000	4.40923864	0.74082053	-2.09286012	6788.28092326	3236.12687253	26238.74999280	21333.94791889	  177.52536000
25718.00000000	4.40889507	0.74065669	-2.09300414	6781.50279407	3233.42529890	26220.62153450	21339.79910135	  177.52516832
25720.00000000	4.40855155	0.74027416	-2.09310121	6774.45153471	3231.29907949	26205.92320794	21330.36413258	  177.52497684
25722.00000000	4.40820809	0.74005800	-2.09327950	6767.94540429	3228.89365107	26191.08431090	21323.00481663	  177.52478737
25724.00000000	4.40786468	0.73976164	-2.09326977	6761.80763714	3226.92158271	26174.83315132	21318.71041832	  177.52460001
25726.00000000	4.40752133	0.73941501	-2.09328973	6755.31264712	3224.93967273	26159.27924733	21325.66046384	  177.52441594
25728.00000000	4.40717802	0.73903145	-2.09323290	6748.78483586	3223.05932592	26142.54100792	21339.65673360	  177.52423249
25730.00000000	4.40683478	0.73862886	-2.09335995	6742.77951664	3221.48801078	26133.11594711	21336.01975220	  177.52405056
25732.00000000	4.40649158	0.73823195	-2.09326052	6735.56665182	3219.31948094	26112.92799547	21326.21737153	  177.52386282
25734.00000000	4.40614844	0.73792294	-2.09336863	6728.52768228	3216.94904272	26096.52173401	21314.12757634	  177.52367474
25736.00000000	4.40580535	0.73773226	-2.09358114	6722.05143268	3214.46558545	26081.91760310	21325.40070104	  177.52348496
25738.00000000	4.40546232	0.73734676	-2.09353186	6715.59262095	3212.61521700	26065.61928403	21331.99116304	  177.52329666
25740.00000000	4.40511934	0.73699298	-2.09353730	6709.10824086	3210.64887672	26049.80691730	21339.50774441	  177.52311014
25742.00000000	4.40477641	0.73669225	-2.09360945	6702.39507174	3208.40100724	26033.44702564	21330.46977536	  177.52292120
25744.00000000	4.40443354	0.73616971	-2.09348767	6695.54140899	3206.79544602	26017.25062424	21322.61120762	  177.52273110
25746.00000000	4.40409072	0.73597766	-2.09365993	6688.32884443	3203.95626601	25998.69396456	21316.73742181	  177.52253446
25748.00000000	4.40374795	0.73563808	-2.09370921	6681.39747432	3201.72297105	25981.85212745	21325.02581049	  177.52234399
25750.00000000	4.40340523	0.73527199	-2.09365608	6674.11954827	3199.40644762	25961.67426701	21338.12071247	  177.52215379
25752.00000000	4.40306257	0.73498023	-2.09378685	6667.22151095	3197.03232256	25945.80224812	21336.58466371	  177.52196633
25754.00000000	4.40271997	0.73470630	-2.09384490	6659.84003327	3194.36769522	25925.68216476	21326.54936523	  177.52176915
25756.00000000	4.40237741	0.73429037	-2.09393404	6652.41747713	3192.13493587	25909.87041522	21315.36637656	  177.52157290
25758.00000000	4.40203491	0.73393398	-2.09390930	6645.97357347	3190.17959236	25893.35863442	21323.35199512	  177.52137360
25760.00000000	4.40169247	0.73369213	-2.09410165	6638.20638287	3187.22193485	25874.32898339	21329.90548988	  177.52117419
25762.00000000	4.40135007	0.73327133	-2.09406138	6630.82483305	3185.01779129	25855.39439773	21339.49273240	  177.52097285
25764.00000000	4.40100773	0.73301488	-2.09417870	6623.36205028	3182.24914869	25835.94970883	21331.22759820	  177.52077154
25766.00000000	4.40066545	0.73261182	-2.09395555	6616.42714949	3180.19875461	25813.54220335	21323.75663842	  177.52056929
25768.00000000	4.40032321	0.73235758	-2.09416005	6609.07132504	3177.47092054	25796.67540315	21314.83701188	  177.52036981
25770.00000000	4.39998103	0.73202533	-2.09421623	6601.61813161	3174.94231449	25777.59462882	21324.50595070	  177.52016730
25772.00000000	4.39963890	0.73171383	-2.09423772	6594.49039618	3172.50241160	25758.33848778	21336.54891314	  177.51996557
25774.00000000	4.39929683	0.73135571	-2.09429108	6586.48862525	3169.78785245	25737.67164780	21337.70736494	  177.51976486
25776.00000000	4.39895481	0.73091813	-2.09424750	6578.90706542	3167.52490971	25718.17654360	21326.87835945	  177.51956829
25778.00000000	4.39861284	0.73068207	-2.09421440	6572.04574801	3164.96844970	25696.56912256	21317.20193091	  177.51937137
25780.00000000	4.39827093	0.73048715	-2.09444272	6564.87525146	3162.13158398	25679.39886060	21322.15561826	  177.51917485
25782.00000000	4.39792907	0.73018616	-2.09448085	6557.55007603	3159.55408350	25659.44551970	21328.22507272	  177.51897217
25784.00000000	4.39758726	0.72983169	-2.09454527	6549.90059604	3156.98730255	25640.25187302	21339.34329594	  177.51877243
25786.00000000	4.39724551	0.72950216	-2.09448494	6540.82799193	3153.65343599	25611.63000780	21332.44543713	  177.51857517
25788.00000000	4.39690380	0.72918662	-2.09449454	6532.94664726	3150.84750179	25589.08786839	21324.19460816	  177.51837807
25790.00000000	4.39656216	0.72879909	-2.09454686	6523.79661764	3147.65402877	25564.49010780	21313.53765952	  177.51818384
25792.00000000	4.39622056	0.72847853	-2.09452669	6514.47949487	3144.16635742	25535.64911470	21323.90013046	  177.51798700
25794.00000000	4.39587902	0.72818325	-2.09462416	6504.34606598	3140.20262047	25505.94311679	21333.17064658	  177.51778790
25796.00000000	4.39553753	0.72783250	-2.09474837	6494.94311448	3136.76303389	25481.17029196	21338.07976384	  177.51758510
25798.00000000	4.39519609	0.72761060	-2.09477468	6486.93338084	3133.58996732	25456.06388378	21327.64020492	  177.51738744
25800.00000000	4.39485471	0.72730629	-2.09492110	6479.65277294	3131.02563716	25438.95667623	21318.50515997	  177.51719007
25802.00000000	4.39451338	0.72691657	-2.09476192	6474.08742864	3129.55585379	25422.96801721	21318.47478597	  177.51699858
25804.00000000	4.39417211	0.72676121	-2.09492644	6468.96945040	3127.56767183	25410.99721685	21326.25412474	  177.51679626
25806.00000000	4.39383088	0.72642866	-2.09495624	6463.81870890	3126.11684611	25399.96640223	21337.74394093	  177.51659366
25808.00000000	4.39348971	0.72615064	-2.09509526	6458.23989157	3124.28726497	25388.63022671	21333.88830927	  177.51638805
25810.00000000	4.39314859	0.72570350	-2.09499245	6452.82264346	3123.06268679	25376.06986372	21325.21066430	  177.51618364
25812.00000000	4.39280753	0.72544691	-2.09502098	6447.16242014	3121.12399322	25361.04079044	21313.24219124	  177.51597804
25814.00000000	4.39246652	0.72513478	-2.09503677	6441.02226193	3119.12490599	25345.19735225	21323.14159433	  177.51577071
25816.00000000	4.39212556	0.72477567	-2.09502502	6434.42583979	3117.04969121	25328.03693984	21332.48043268	  177.51555719
25818.00000000	4.39178465	0.72449866	-2.09521735	6427.40683541	3114.51207406	25312.28505697	21338.55808731	  177.51533916
25820.00000000	4.39144380	0.72415667	-2.09527436	6420.49660422	3112.22777639	25295.16217532	21328.61750471	  177.51511972
25822.00000000	4.39110300	0.72389228	-2.09528866	6413.51923301	3109.66767576	25274.71593934	21321.68952441	  177.51489754
25824.00000000	4.39076226	0.72338805	-2.09519995	6405.48018420	3107.33625453	25253.52619651	21317.43607330	  177.51467355
25826.00000000	4.39042156	0.72318448	-2.09531174	6398.20408628	3104.43847943	25232.79648404	21324.90631117	  177.51444960
25828.00000000	4.39008092	0.72284392	-2.09531604	6390.52355534	3101.76803666	25211.19961942	21337.84612169	  177.51422531
25830.00000000	4.38974033	0.72255460	-2.09539847	6383.02148229	3099.02321728	25190.96596395	21336.08347943	  177.51400011
25832.00000000	4.38939980	0.72219995	-2.09551714	6375.08986273	3096.27022011	25171.57476789	21325.54670265	  177.51377199
25834.00000000	4.38905932	0.72188455	-2.09555275	6367.36684066	3093.49484404	25149.90742320	21314.15712449	  177.51354342
25836.00000000	4.38871889	0.72152674	-2.09548590	6360.05426857	3091.04794601	25128.33452909	21324.28604292	  177.51331677
25838.00000000	4.38837851	0.72129895	-2.09578699	6351.81126094	3087.74504326	25109.04280162	21330.68766949	  177.51309293
25840.00000000	4.38803819	0.72094178	-2.09569325	6345.12529298	3085.59674099	25089.22125248	21338.69091510	  177.51287188
25842.00000000	4.38769792	0.72059723	-2.09572816	6337.90951720	3083.14984664	25070.20052197	21330.45558012	  177.51265036
25844.00000000	4.38735770	0.72029506	-2.09573384	6331.07406568	3080.75544098	25050.87296894	21322.74131631	  177.51242684
25846.00000000	4.38701753	0.71991327	-2.09574789	6323.45037656	3078.22069522	25030.61372631	21315.18302551	  177.51219622
25848.00000000	4.38667742	0.71960450	-2.09576457	6316.62314338	3075.84681682	25011.72756107	21324.39969101	  177.51197111
25850.00000000	4.38633736	0.71924548	-2.09582862	6309.17152987	3073.32149589	24992.79340979	21336.93456895	  177.51174720
