#This file has been produced by quickread.moulinex (v 2.0.12 - February 26th, 2021)
#E. Fonda, C. La Fontaine - Synchrotron SOLEIL. Covered by GPL licence.
#Interpolate over grid = 24000, 2, 24300, 0.8, 24500, 2, 25700
#Average 10000 = 605 scans - Elapsed time 302.56 s (exposure 151.28 s)
#No smoothing
#Dark = 	0	0	0
#offset = 0 
#findedges_version = 5 - method = cubic - ytol = 0.007500 
#d=3.1356 
#Data from HDF File: /nfs/ruche-rock/rock-soleil/com-rock/2021/Projets/20210921_Maria/c1/ks_0921_02_001/ks_0921_02_001_23874.nxs to ks_0921_02_001_23934.nxs
#Direction is increasing angle
#Time at start=2021-09-23 06:39:56.101
#Time from start (seconds)=155.098325207
#Z0=Z+DeltaZ0+offset=4.417490
#Sample temperature (C)=nan
#Resistor temperature (C)=nan
#Energy	Angle	mux	mus	I0	I1	I2	Direction	iFluo1	Time
24000.00000000	4.72519180	-0.31920128	0.21354654	26458.73884951	36407.97266141	29407.25005664	21346.01610183	357.08069446	  155.17125715
24002.00000000	4.72479717	-0.31926484	0.21350046	26453.53315351	36403.12316689	29404.68773092	21357.59472474	357.69628665	  155.17083181
24004.00000000	4.72440261	-0.31937010	0.21347110	26447.69358661	36398.91834537	29402.15452669	21347.75498911	357.55524987	  155.17041677
24006.00000000	4.72400811	-0.31947381	0.21341735	26442.83088852	36396.00043771	29401.37792856	21337.43233130	358.97849104	  155.17000109
24008.00000000	4.72361368	-0.31953077	0.21332697	26438.40012124	36391.97448416	29400.78277706	21337.72885363	361.08173073	  155.16957460
24010.00000000	4.72321932	-0.31964201	0.21331939	26430.26445953	36384.82310520	29395.22812903	21347.85091713	357.43404142	  155.16914178
24012.00000000	4.72282502	-0.31975245	0.21330069	26421.55755598	36376.85438653	29389.33979279	21356.99390779	359.11833808	  155.16871000
24014.00000000	4.72243079	-0.31981909	0.21326951	26414.24159169	36369.20520758	29384.07605347	21345.46774408	358.72715005	  155.16828483
24016.00000000	4.72203662	-0.31995331	0.21317992	26406.43340902	36363.33485443	29381.96523769	21334.13645055	358.82581533	  155.16787271
24018.00000000	4.72164252	-0.32007060	0.21314805	26400.24318360	36359.07481993	29379.45943980	21340.54560677	353.54714585	  155.16747884
24020.00000000	4.72124848	-0.32013706	0.21308060	26395.37376779	36354.78459033	29377.97446680	21350.64680307	360.51949404	  155.16709420
24022.00000000	4.72085451	-0.32023040	0.21304867	26389.18899729	36349.65881954	29374.77021262	21356.31873881	359.44582641	  155.16670852
24024.00000000	4.72046061	-0.32032384	0.21303528	26383.19294306	36344.79537010	29371.23327058	21344.00287418	358.91621070	  155.16632280
24026.00000000	4.72006677	-0.32041242	0.21296834	26374.96292672	36336.67646714	29366.63796126	21331.78527311	359.67272305	  155.16593443
24028.00000000	4.71967300	-0.32050053	0.21294679	26365.31049398	36326.57898525	29359.10995253	21341.20219387	357.44647199	  155.16554289
24030.00000000	4.71927930	-0.32060755	0.21290448	26354.27707880	36315.26329173	29351.20632375	21352.20896304	360.91683258	  155.16515269
24032.00000000	4.71888566	-0.32075254	0.21287301	26342.19453531	36303.87730592	29342.92715928	21353.64119028	359.14701971	  155.16477250
24034.00000000	4.71849208	-0.32079012	0.21281932	26335.69393283	36296.28234443	29338.36374396	21342.95334403	360.69889071	  155.16441147
24036.00000000	4.71809857	-0.32086894	0.21276205	26330.95742165	36292.61478076	29337.07928172	21331.66794911	360.32572032	  155.16406363
24038.00000000	4.71770513	-0.32094669	0.21270607	26325.27423028	36287.60295546	29334.67017064	21343.29889607	360.82467732	  155.16372011
24040.00000000	4.71731175	-0.32107352	0.21269926	26318.77022136	36283.23898187	29331.34212192	21356.10246253	361.15117029	  155.16338499
24042.00000000	4.71691844	-0.32113006	0.21261476	26313.40349508	36277.89141887	29329.49741262	21352.35254865	358.90909089	  155.16305920
24044.00000000	4.71652520	-0.32120952	0.21255231	26308.78978885	36274.41311522	29328.51679088	21342.65020635	360.35581541	  155.16274838
24046.00000000	4.71613202	-0.32125909	0.21254624	26304.40045127	36270.15871218	29325.25503796	21333.49158009	362.31688578	  155.16244728
24048.00000000	4.71573890	-0.32139936	0.21249587	26296.50888856	36264.36390153	29322.04665922	21344.63727920	360.88283950	  155.16213469
24050.00000000	4.71534585	-0.32148878	0.21246526	26287.67025347	36255.41659353	29315.70956031	21356.88103967	361.48479425	  155.16181709
24052.00000000	4.71495287	-0.32157516	0.21243985	26279.14978988	36246.79639740	29309.48420513	21348.87471094	360.01785225	  155.16149327
24054.00000000	4.71455995	-0.32168707	0.21238888	26271.37602760	36240.12943192	29305.58686422	21338.74993941	367.05515342	  155.16116261
24056.00000000	4.71416710	-0.32174989	0.21238429	26265.71118798	36234.59113067	29301.24260684	21334.27701406	362.55232759	  155.16083924
24058.00000000	4.71377431	-0.32182928	0.21228838	26258.62964315	36227.69792977	29298.47837495	21344.94871172	360.48831017	  155.16051171
24060.00000000	4.71338159	-0.32192752	0.21224423	26252.41076848	36222.67635776	29295.71053850	21356.46198000	361.91594267	  155.16018673
24062.00000000	4.71298893	-0.32199426	0.21220121	26246.85956687	36217.43422295	29292.73105471	21346.03868782	362.22467818	  155.15986773
24064.00000000	4.71259634	-0.32210499	0.21219126	26239.19419012	36210.86613338	29287.71031789	21335.59403738	363.46221442	  155.15955540
24066.00000000	4.71220382	-0.32212380	0.21209264	26228.07286530	36196.19935477	29278.73500214	21336.80370247	363.40963309	  155.15925335
24068.00000000	4.71181136	-0.32225700	0.21209531	26209.25748083	36175.05129664	29261.55048878	21346.80413252	362.71616314	  155.15895439
24070.00000000	4.71141897	-0.32236998	0.21202399	26178.99578559	36137.36524160	29233.15136902	21356.12561839	362.03380170	  155.15865610
24072.00000000	4.71102664	-0.32245122	0.21197190	26139.59446788	36085.90748154	29193.04561054	21344.29850983	361.88103916	  155.15836253
24074.00000000	4.71063437	-0.32254686	0.21196834	26094.54211154	36027.15780281	29145.62155875	21332.52310825	363.04231151	  155.15807395
24076.00000000	4.71024218	-0.32264100	0.21189086	26048.07337879	35966.38711858	29098.71305497	21339.56265119	361.45968395	  155.15778976
24078.00000000	4.70985004	-0.32269202	0.21188540	26007.93487969	35912.79726538	29055.51461598	21350.26435024	359.96195710	  155.15750638
24080.00000000	4.70945798	-0.32277392	0.21184968	25974.47878277	35869.53719672	29021.55139718	21355.22882179	358.33647701	  155.15722018
24082.00000000	4.70906598	-0.32287660	0.21181946	25948.64258687	35837.53820200	28996.53789414	21343.14665136	361.67199569	  155.15692883
24084.00000000	4.70867404	-0.32294060	0.21176739	25929.60971154	35813.54416382	28978.63289034	21330.44544361	361.06673443	  155.15663495
24086.00000000	4.70828217	-0.32297863	0.21167610	25919.09025421	35800.37638149	28970.62272237	21341.23524121	359.39931178	  155.15634529
24088.00000000	4.70789036	-0.32303809	0.21164923	25915.26112978	35797.21559726	28968.84320939	21354.23838450	361.30919433	  155.15605868
24090.00000000	4.70749862	-0.32313870	0.21161250	25915.11974850	35800.62209028	28972.66413351	21353.53432352	359.05119292	  155.15578212
24092.00000000	4.70710695	-0.32327434	0.21157818	25915.57639611	35806.10940170	28978.09948373	21342.30310107	363.63948250	  155.15550703
24094.00000000	4.70671534	-0.32334127	0.21153156	25914.70700168	35807.30479140	28980.41793209	21330.14411269	361.65391044	  155.15523293
24096.00000000	4.70632379	-0.32338708	0.21147932	25911.31669301	35804.26037438	28979.46769643	21341.75451720	362.09802337	  155.15496700
24098.00000000	4.70593231	-0.32350225	0.21142658	25904.36758862	35798.78091898	28976.56089283	21355.50845048	363.52448384	  155.15470933
24100.00000000	4.70554090	-0.32353930	0.21139237	25897.88353237	35791.14610434	28971.37215706	21351.75877270	366.15199335	  155.15446208
24102.00000000	4.70514955	-0.32362293	0.21133431	25889.72836400	35782.86801156	28966.35323092	21341.13841864	363.71998416	  155.15420665
24104.00000000	4.70475827	-0.32372521	0.21132837	25880.57041258	35773.86921197	28959.24053147	21331.74401384	362.74127119	  155.15394519
24106.00000000	4.70436705	-0.32381564	0.21127739	25871.06560773	35763.96508528	28952.69905605	21342.33612759	364.42594699	  155.15368771
24108.00000000	4.70397589	-0.32385962	0.21121136	25862.23267522	35753.32704173	28945.99839905	21356.08428146	364.55430314	  155.15343183
24110.00000000	4.70358480	-0.32391430	0.21124727	25853.72721868	35743.52292205	28937.02167569	21349.74314873	368.49664180	  155.15317768
24112.00000000	4.70319378	-0.32403229	0.21120813	25841.45321051	35730.76953342	28927.82929225	21339.99440972	361.69751805	  155.15291901
24114.00000000	4.70280282	-0.32408943	0.21111248	25830.05583214	35717.05125522	28919.48886053	21334.42495594	365.25666110	  155.15266183
24116.00000000	4.70241193	-0.32419670	0.21109690	25817.21600729	35703.12625334	28908.66442251	21344.24188942	366.66928267	  155.15240799
24118.00000000	4.70202110	-0.32426007	0.21105398	25803.87700045	35686.94085824	28896.79932816	21357.00932793	366.23597876	  155.15215665
24120.00000000	4.70163034	-0.32433811	0.21099297	25790.10015772	35670.67113462	28885.38741394	21348.33538898	367.85495962	  155.15190713
24122.00000000	4.70123964	-0.32440384	0.21093993	25779.93096300	35658.94990138	28877.42743679	21338.40474187	369.11240567	  155.15165724
24124.00000000	4.70084901	-0.32444407	0.21087999	25767.13377692	35642.68231021	28865.98373668	21336.55456520	365.82386089	  155.15140839
24126.00000000	4.70045844	-0.32460871	0.21087786	25755.07513881	35631.86808694	28857.28716670	21346.42149358	365.47264560	  155.15115712
24128.00000000	4.70006794	-0.32459356	0.21079634	25745.12714469	35617.56565043	28848.05570616	21357.33397423	367.13011883	  155.15090870
24130.00000000	4.69967750	-0.32469736	0.21075297	25731.86375924	35602.91163764	28837.43732260	21346.52313932	367.86475720	  155.15066593
24132.00000000	4.69928712	-0.32481719	0.21074560	25720.41829200	35591.34021731	28828.27726278	21335.81439251	368.32737993	  155.15042789
24134.00000000	4.69889682	-0.32481682	0.21066516	25714.50906910	35583.14982629	28823.96165632	21339.57981497	365.20861911	  155.15019201
24136.00000000	4.69850657	-0.32488855	0.21064145	25712.30269072	35582.64901635	28824.23940682	21348.94774478	370.46968009	  155.14995474
24138.00000000	4.69811639	-0.32495448	0.21057996	25715.21107665	35589.02011806	28831.17338619	21356.67785078	369.02251315	  155.14971989
24140.00000000	4.69772628	-0.32504803	0.21056231	25721.25645603	35600.71702972	28841.15819450	21344.90955289	369.71275153	  155.14949103
24142.00000000	4.69733623	-0.32508025	0.21050372	25732.55021271	35617.49617990	28856.44192502	21332.77749718	372.33415870	  155.14926477
24144.00000000	4.69694625	-0.32510483	0.21046390	25748.75345028	35640.80003442	28876.47197919	21340.33590366	371.93644995	  155.14904209
24146.00000000	4.69655633	-0.32514915	0.21038513	25770.07402993	35671.89221917	28903.93993615	21350.25094546	371.44738831	  155.14881594
24148.00000000	4.69616647	-0.32523991	0.21039760	25793.66301818	35707.78583536	28932.66260279	21355.78472835	371.61449191	  155.14859126
24150.00000000	4.69577668	-0.32530943	0.21036339	25816.94341949	35742.49912144	28961.78033659	21343.99329406	374.27457896	  155.14836980
24152.00000000	4.69538696	-0.32533572	0.21030909	25837.95262396	35772.52586692	28987.68485367	21331.32155005	374.43729040	  155.14815102
24154.00000000	4.69499730	-0.32543064	0.21027811	25854.39929375	35798.69391014	29009.78820677	21340.88137601	377.06893230	  155.14793408
24156.00000000	4.69460770	-0.32547948	0.21020077	25865.49805374	35815.81072754	29025.90394472	21352.18244992	380.10485488	  155.14771525
24158.00000000	4.69421817	-0.32560163	0.21021575	25870.35269010	35826.90916398	29034.46318566	21355.09045505	375.51336646	  155.14749505
24160.00000000	4.69382871	-0.32561158	0.21015066	25871.84971849	35829.33881509	29038.32243835	21343.53593036	378.68025072	  155.14727697
24162.00000000	4.69343931	-0.32564850	0.21011059	25871.44070085	35830.09520416	29040.09892285	21330.66075574	377.19322683	  155.14706326
24164.00000000	4.69304997	-0.32570262	0.21005581	25869.11982294	35828.81987199	29040.65616630	21341.70630260	382.09354094	  155.14684916
24166.00000000	4.69266070	-0.32575638	0.21002824	25865.70200968	35826.01199111	29039.18080144	21354.03481413	376.54782529	  155.14663519
24168.00000000	4.69227149	-0.32580556	0.20999613	25859.66541025	35819.41264662	29034.76399149	21353.64649165	382.14873416	  155.14641636
24170.00000000	4.69188235	-0.32585781	0.20992981	25851.46639282	35809.92674641	29028.99987295	21342.67505787	382.80088624	  155.14619816
24172.00000000	4.69149327	-0.32590933	0.20990731	25844.23912824	35801.75973069	29023.03231835	21330.79367501	381.04452402	  155.14598126
24174.00000000	4.69110426	-0.32594961	0.20985046	25837.03930960	35793.22762864	29017.76536924	21341.92063667	383.89515047	  155.14576627
24176.00000000	4.69071531	-0.32601026	0.20981540	25828.93265651	35784.16746362	29011.43741675	21355.87496994	380.36309441	  155.14555216
24178.00000000	4.69032642	-0.32604911	0.20974209	25818.80734041	35771.52913090	29003.31712008	21351.80282053	385.05807254	  155.14533882
24180.00000000	4.68993760	-0.32604193	0.20974088	25808.53539969	35757.04082361	28991.60543653	21341.94808491	385.04483308	  155.14512576
24182.00000000	4.68954885	-0.32613702	0.20969519	25795.96521788	35743.02396826	28981.56473775	21332.88170437	386.62867055	  155.14491522
24184.00000000	4.68916016	-0.32617511	0.20964253	25784.33763353	35728.27349469	28971.13013197	21342.72641836	385.59710707	  155.14471001
24186.00000000	4.68877153	-0.32619190	0.20960929	25775.77862894	35717.01330875	28962.96232877	21357.45032439	387.15754638	  155.14450849
24188.00000000	4.68838297	-0.32623059	0.20957043	25768.82843900	35708.76398664	28957.39822740	21350.34447183	388.12838014	  155.14431066
24190.00000000	4.68799447	-0.32627260	0.20957604	25761.27256385	35699.79337169	28949.96114204	21340.70704129	391.30223922	  155.14411360
24192.00000000	4.68760604	-0.32625530	0.20947122	25754.13497691	35689.28485966	28944.47331409	21335.98884349	390.06333419	  155.14391418
24194.00000000	4.68721767	-0.32630065	0.20942615	25745.38071039	35678.77116262	28937.25057997	21344.60965593	388.38848812	  155.14372289
24196.00000000	4.68682937	-0.32632327	0.20937597	25736.02462527	35666.61222878	28928.84091664	21358.19892285	389.84691916	  155.14353603
24198.00000000	4.68644113	-0.32633737	0.20935553	25724.28844273	35650.85017659	28916.64741957	21349.22529705	390.78084328	  155.14335278
24200.00000000	4.68605295	-0.32640689	0.20928520	25706.24329634	35628.31834814	28900.40419718	21339.55084790	397.80378826	  155.14316760
24202.00000000	4.68566484	-0.32637614	0.20920223	25681.14904974	35592.44376855	28873.69955541	21338.40621353	391.89262445	  155.14298099
24204.00000000	4.68527680	-0.32646026	0.20922980	25651.42439854	35554.23799766	28841.91069085	21346.25536937	393.08060811	  155.14279990
24206.00000000	4.68488881	-0.32643908	0.20917269	25620.66052218	35510.84566650	28808.35576783	21358.06437401	394.21520256	  155.14262122
24208.00000000	4.68450090	-0.32646719	0.20915668	25596.41806513	35478.24221489	28782.36682662	21347.74637270	395.34716367	  155.14244176
24210.00000000	4.68411304	-0.32650124	0.20910640	25580.84794349	35457.86826384	28767.28423026	21337.14090108	394.11663524	  155.14225901
24212.00000000	4.68372525	-0.32647392	0.20909549	25565.54098931	35435.68323534	28749.59908181	21339.51644599	397.44002582	  155.14207324
24214.00000000	4.68333753	-0.32659665	0.20903535	25511.98933814	35365.79680200	28694.62460660	21347.62894938	399.39300995	  155.14188663
24216.00000000	4.68294987	-0.32666951	0.20894210	25390.35946743	35199.75287251	28562.56554428	21356.95429180	396.78965419	  155.14170062
24218.00000000	4.68256227	-0.32676778	0.20888485	25196.86362503	34934.93430619	28349.30348971	21345.50780300	397.70777874	  155.14151496
24220.00000000	4.68217474	-0.32680571	0.20888551	24951.74452107	34596.39371537	28074.56314492	21334.15190188	393.11036219	  155.14132904
24222.00000000	4.68178727	-0.32650959	0.20883435	24782.23332324	34351.18746472	27877.00732014	21339.40336910	390.00181518	  155.14114268
24224.00000000	4.68139987	-0.32619031	0.20877202	24843.40744684	34424.98943427	27938.64102591	21348.35672681	390.41607968	  155.14095688
24226.00000000	4.68101253	-0.32607914	0.20877612	25015.45944850	34659.54481155	28128.88643150	21355.77491978	397.07173921	  155.14077329
24228.00000000	4.68062525	-0.32612657	0.20874317	25171.14530543	34876.90553933	28306.22401646	21344.12890762	401.36340490	  155.14059498
24230.00000000	4.68023804	-0.32615960	0.20866745	25272.68528294	35018.75505941	28423.50170656	21331.82756587	404.43616689	  155.14041892
24232.00000000	4.67985089	-0.32621336	0.20862467	25324.95988838	35093.07519421	28485.04339274	21340.66877639	409.35212776	  155.14024475
24234.00000000	4.67946381	-0.32620421	0.20859530	25353.53168075	35132.34625627	28517.75725940	21350.63289441	408.02938764	  155.14006946
24236.00000000	4.67907679	-0.32611994	0.20854022	25373.43536592	35156.96373402	28539.31160901	21354.96048780	412.73161364	  155.13989690
24238.00000000	4.67868984	-0.32606077	0.20851473	25390.73281788	35178.84929618	28557.80559868	21343.44723137	413.31744068	  155.13972798
24240.00000000	4.67830295	-0.32600636	0.20847445	25407.34988740	35199.95693921	28576.09152590	21330.08150462	414.44494798	  155.13956026
24242.00000000	4.67791612	-0.32595525	0.20841309	25424.74488400	35222.25618157	28595.94926959	21340.42217316	420.94122941	  155.13939356
24244.00000000	4.67752936	-0.32588730	0.20841175	25447.06839946	35250.78663390	28619.15057136	21350.93555891	421.70127593	  155.13922618
24246.00000000	4.67714266	-0.32581336	0.20838942	25474.93786541	35286.78405681	28649.01564142	21353.90455652	420.46578772	  155.13906011
24248.00000000	4.67675602	-0.32570381	0.20832812	25499.36798979	35316.75421408	28675.10577791	21342.87110802	425.24722770	  155.13889572
24250.00000000	4.67636945	-0.32566511	0.20831533	25515.88401164	35338.26144483	28692.93530060	21329.08243815	426.92156170	  155.13873354
24252.00000000	4.67598295	-0.32558287	0.20828225	25524.68307397	35347.54077805	28701.41930658	21340.27763507	428.30015961	  155.13857208
24254.00000000	4.67559650	-0.32549605	0.20822922	25524.60229443	35344.35998877	28700.35839053	21352.34555468	432.36799546	  155.13840851
24256.00000000	4.67521013	-0.32528769	0.20811897	25522.41147293	35333.96349698	28695.07961753	21353.18476389	432.09516596	  155.13824143
24258.00000000	4.67482381	-0.32519037	0.20812365	25517.65982869	35323.94716418	28686.81115368	21342.48811936	438.39639608	  155.13807438
24260.00000000	4.67443756	-0.32504446	0.20807089	25513.03351922	35312.39019147	28678.93869044	21328.82048011	440.06228781	  155.13790846
24262.00000000	4.67405137	-0.32487714	0.20802082	25507.36854363	35298.64272272	28669.20917145	21340.53796182	440.77458857	  155.13774113
24264.00000000	4.67366525	-0.32472458	0.20801493	25501.14736458	35284.65002996	28658.01324591	21353.92666268	445.99655056	  155.13757157
24266.00000000	4.67327919	-0.32451351	0.20796913	25493.58780827	35266.74576364	28644.78339473	21352.63987190	448.95898242	  155.13739906
24268.00000000	4.67289319	-0.32436222	0.20793816	25484.32772772	35248.60265920	28630.93365772	21341.87983524	453.56090466	  155.13722552
24270.00000000	4.67250726	-0.32412068	0.20792290	25475.72274171	35228.19064188	28614.79036506	21329.33164718	454.14219308	  155.13705515
24272.00000000	4.67212140	-0.32388943	0.20787358	25466.63935933	35207.48713143	28599.38407538	21340.71394949	456.64916057	  155.13688694
24274.00000000	4.67173559	-0.32360070	0.20782229	25458.97947027	35186.73666948	28583.99445354	21355.28560080	465.11605037	  155.13672073
24276.00000000	4.67134985	-0.32333326	0.20776458	25450.02566007	35164.95591387	28567.94925668	21352.10118123	465.62903313	  155.13655533
24278.00000000	4.67096417	-0.32307603	0.20774643	25441.40134732	35143.99801564	28551.44126813	21341.84754584	467.44995918	  155.13639180
24280.00000000	4.67057856	-0.32278027	0.20768381	25434.27065325	35123.75819893	28536.78532484	21330.40880557	473.99312385	  155.13623005
24282.00000000	4.67019301	-0.32245387	0.20766243	25429.13037048	35105.19949343	28522.31657575	21340.98430053	478.21006430	  155.13607177
24284.00000000	4.66980753	-0.32211502	0.20763111	25423.78033053	35085.92260454	28507.54745194	21356.36710681	485.07988255	  155.13591449
24286.00000000	4.66942211	-0.32169524	0.20756262	25418.24340289	35063.55938119	28491.32853379	21350.08354462	489.36306062	  155.13575857
24288.00000000	4.66903675	-0.32135237	0.20751862	25410.56818453	35040.95511417	28474.21404443	21340.72132678	497.49274774	  155.13560226
24290.00000000	4.66865145	-0.32087339	0.20749225	25404.13326186	35015.30578304	28454.12159818	21331.89383863	497.24764404	  155.13544319
24292.00000000	4.66826622	-0.32037959	0.20746315	25396.16684016	34987.04456208	28431.98337059	21341.30201390	505.87881811	  155.13528677
24294.00000000	4.66788106	-0.31986435	0.20741153	25388.81590994	34958.90070235	28410.57909146	21356.48009768	511.53933358	  155.13513188
24296.00000000	4.66749595	-0.31939554	0.20738163	25379.70477672	34929.97601565	28387.92104015	21349.13047444	519.45451942	  155.13497973
24298.00000000	4.66711091	-0.31878765	0.20738160	25370.15720331	34895.61660687	28359.99777566	21340.05745632	526.02258383	  155.13482508
24300.00000000	4.66672594	-0.31816265	0.20732767	25357.36351873	34856.22735563	28329.51358666	21333.20828698	531.29373768	  155.13466844
24300.80000000	4.66657196	-0.31787445	0.20730328	25352.68038608	34839.74776081	28316.81016686	21340.71402739	534.80130119	  155.13460690
24301.60000000	4.66641800	-0.31757570	0.20729757	25348.30909035	34823.33572085	28303.63263434	21340.80004419	538.29939631	  155.13454636
24302.40000000	4.66626405	-0.31727990	0.20727452	25343.25783269	34806.09905363	28290.27513606	21345.13712587	544.41413303	  155.13448548
24303.20000000	4.66611011	-0.31697116	0.20723991	25338.38446353	34788.66375968	28277.08255346	21353.10056187	549.87031384	  155.13442455
24304.00000000	4.66595618	-0.31663653	0.20722320	25334.87831192	34772.21201519	28264.18242767	21356.43858418	550.50656863	  155.13436453
24304.80000000	4.66580225	-0.31632429	0.20722600	25331.13134048	34756.21528350	28251.10058124	21355.36598039	552.02703872	  155.13430496
24305.60000000	4.66564834	-0.31600805	0.20722588	25326.88988422	34739.40825528	28237.44253410	21351.33335053	556.17316272	  155.13424455
24306.40000000	4.66549444	-0.31562533	0.20719898	25323.01892961	34720.80779440	28223.08264087	21345.99436629	560.24727856	  155.13418238
24307.20000000	4.66534055	-0.31524946	0.20717530	25318.65652650	34701.78043890	28208.28390465	21342.63752312	563.38990274	  155.13412068
24308.00000000	4.66518667	-0.31488827	0.20716480	25313.75537147	34682.53360286	28192.93483475	21339.17746667	566.60447824	  155.13405952
24308.80000000	4.66503280	-0.31447149	0.20714861	25309.25946648	34661.92443435	28176.63793062	21330.95986247	571.45809988	  155.13399666
24309.60000000	4.66487894	-0.31405494	0.20713783	25304.57046659	34641.07006515	28159.98897398	21330.29325885	575.15506477	  155.13393360
24310.40000000	4.66472509	-0.31365426	0.20713091	25299.26256455	34619.92921854	28142.99821526	21338.91696629	578.08702851	  155.13387110
24311.20000000	4.66457125	-0.31319253	0.20710621	25293.78612428	34596.45751229	28124.61240877	21341.00082813	585.22197411	  155.13380764
24312.00000000	4.66441742	-0.31268349	0.20710256	25288.56227787	34571.70946739	28104.59655913	21342.73164780	592.29847626	  155.13374374
24312.80000000	4.66426360	-0.31215611	0.20712628	25283.73100495	34546.88039734	28083.74598178	21350.41978839	595.88986180	  155.13368008
24313.60000000	4.66410979	-0.31160376	0.20710268	25278.98925109	34521.32825583	28063.63648295	21355.82818597	600.14652631	  155.13361626
24314.40000000	4.66395599	-0.31104880	0.20708030	25273.76032865	34495.03903760	28042.89272395	21356.26766184	607.93530898	  155.13355219
24315.20000000	4.66380220	-0.31049385	0.20710536	25267.96642115	34467.99765515	28020.20689550	21352.91664085	617.94660271	  155.13348803
24316.00000000	4.66364842	-0.30987207	0.20708780	25262.74522057	34439.45510311	27997.49532608	21347.76714400	623.07893670	  155.13342391
24316.80000000	4.66349465	-0.30920199	0.20705066	25258.19012655	34410.18003068	27974.73534558	21343.59252825	626.63121109	  155.13335961
24317.60000000	4.66334089	-0.30853303	0.20705844	25253.58878561	34380.90425092	27950.71733773	21340.96497519	634.76678372	  155.13329490
24318.40000000	4.66318714	-0.30783421	0.20706050	25248.21015089	34349.56922369	27925.18515325	21334.02065864	642.23802266	  155.13323018
24319.20000000	4.66303340	-0.30708491	0.20702574	25242.56982301	34316.17311468	27899.00485226	21328.92905695	648.00804463	  155.13316527
24320.00000000	4.66287967	-0.30628365	0.20696928	25237.74400082	34282.13244751	27872.90362758	21335.71053520	655.20548708	  155.13309970
24320.80000000	4.66272595	-0.30542735	0.20695419	25233.22488259	34246.65606367	27844.47980647	21340.83713347	663.96928394	  155.13303387
24321.60000000	4.66257224	-0.30453079	0.20698031	25228.64792412	34209.75936721	27813.75416667	21341.41490233	673.33691109	  155.13296807
24322.40000000	4.66241854	-0.30361200	0.20698775	25224.23662107	34172.36600324	27783.14552178	21347.58712846	682.43759707	  155.13290231
24323.20000000	4.66226486	-0.30261814	0.20698962	25220.54165335	34133.41937307	27751.42885138	21354.47510954	692.70093391	  155.13283702
24324.00000000	4.66211118	-0.30154536	0.20699386	25217.34583247	34092.50087338	27718.04319726	21356.76713054	704.58186540	  155.13277234
24324.80000000	4.66195751	-0.30045947	0.20697845	25213.64230964	34050.49885449	27684.32130951	21354.73169148	716.43259498	  155.13270798
24325.60000000	4.66180385	-0.29930022	0.20695592	25210.33183947	34006.58299897	27649.23900917	21349.94777212	726.78730148	  155.13264439
24326.40000000	4.66165021	-0.29803827	0.20693959	25207.79518806	33960.27806028	27612.04127215	21345.01894477	737.23486103	  155.13258165
24327.20000000	4.66149657	-0.29675965	0.20692384	25204.57314377	33912.54824904	27573.66812283	21342.67758782	752.85357577	  155.13251887
24328.00000000	4.66134294	-0.29540642	0.20692676	25201.16942126	33862.11441138	27532.58079657	21337.84939813	768.08605989	  155.13245621
24328.80000000	4.66118932	-0.29391288	0.20694163	25198.30573957	33807.73544028	27487.95759611	21329.82527174	778.07947012	  155.13239405
24329.60000000	4.66103572	-0.29234737	0.20689488	25195.00542800	33750.42980519	27442.64732631	21333.22490158	790.31802221	  155.13233209
24330.40000000	4.66088212	-0.29065722	0.20684814	25190.94989524	33688.01120770	27393.17476848	21341.27426199	806.69122243	  155.13226964
24331.20000000	4.66072853	-0.28876870	0.20688356	25186.45839203	33618.45554433	27335.64787034	21341.46432367	825.56326216	  155.13220643
24332.00000000	4.66057496	-0.28678154	0.20689576	25182.03527667	33545.82417703	27276.25727053	21345.21730949	847.76850560	  155.13214378
24332.80000000	4.66042139	-0.28465088	0.20687902	25177.55166038	33468.46560324	27213.81239638	21353.41812375	869.40263273	  155.13208189
24333.60000000	4.66026783	-0.28226556	0.20690512	25172.56289674	33382.11207653	27142.88825392	21357.34195045	886.00998195	  155.13202012
24334.40000000	4.66011429	-0.27977620	0.20694005	25167.39952586	33292.28513054	27068.90484960	21356.24351183	905.79418266	  155.13195881
24335.20000000	4.65996075	-0.27711932	0.20695258	25162.20241814	33197.09211988	26991.16801974	21351.96305062	931.17474670	  155.13189798
24336.00000000	4.65980722	-0.27403314	0.20693935	25156.90395582	33087.82905962	26902.68677911	21347.01648148	957.41970162	  155.13183719
24336.80000000	4.65965371	-0.27065929	0.20689532	25152.20759602	32970.22749852	26808.24902991	21343.52959380	987.91227372	  155.13177631
24337.60000000	4.65950020	-0.26698714	0.20684987	25147.89148318	32843.74108852	26706.61610875	21339.91042621	1023.66202883	  155.13171552
24338.40000000	4.65934671	-0.26272685	0.20686602	25142.54193845	32697.15783510	26586.99373346	21332.14463745	1060.05725862	  155.13165522
24339.20000000	4.65919322	-0.25813913	0.20692375	25136.78710093	32540.04625487	26457.71427448	21330.46569110	1097.50868613	  155.13159544
24340.00000000	4.65903975	-0.25314833	0.20697438	25131.16574194	32370.80945274	26318.77857564	21338.51334702	1139.82605129	  155.13153554
24340.80000000	4.65888628	-0.24687508	0.20698596	25124.80606271	32160.23435359	26147.26956729	21341.49831863	1192.04348496	  155.13147431
24341.60000000	4.65873283	-0.23978156	0.20699281	25118.03124284	31924.30169005	25955.27126899	21342.88558106	1251.45026895	  155.13141297
24342.40000000	4.65857938	-0.23220621	0.20703382	25110.72899534	31674.16652862	25750.84893245	21349.91107226	1316.12382316	  155.13135279
24343.20000000	4.65842595	-0.22271559	0.20708527	25100.59219963	31362.31555927	25496.00464270	21355.96413321	1393.70689246	  155.13129240
24344.00000000	4.65827252	-0.21160965	0.20714326	25088.03488684	31000.41792998	25200.33859483	21357.15673828	1481.36206030	  155.13123191
24344.80000000	4.65811911	-0.19965669	0.20721557	25073.39040373	30614.19621792	24884.57823295	21353.64968903	1575.15453691	  155.13117217
24345.60000000	4.65796570	-0.18514759	0.20729152	25051.39442575	30146.74868888	24502.75509551	21348.52060355	1689.23883492	  155.13111277
24346.40000000	4.65781231	-0.16795228	0.20739892	25021.86370494	29597.86618887	24054.04916352	21344.52661770	1822.64431856	  155.13105300
24347.20000000	4.65765892	-0.14918505	0.20757679	24988.84387353	29009.24376621	23571.48542350	21342.06329801	1964.79829326	  155.13099262
24348.00000000	4.65750555	-0.12772834	0.20776392	24952.84039377	28352.52237328	23033.55532458	21335.61837193	2127.36703739	  155.13093313
24348.80000000	4.65735218	-0.10340150	0.20793934	24914.07358886	27628.12701713	22441.12030804	21329.33377279	2311.24494578	  155.13087477
24349.60000000	4.65719883	-0.07734445	0.20814889	24873.83434569	26874.04286437	21824.03705764	21334.83639428	2503.92586830	  155.13081613
24350.40000000	4.65704549	-0.04835170	0.20839428	24835.52932111	26065.87429438	21162.54098101	21340.84460173	2714.03944632	  155.13075650
24351.20000000	4.65689215	-0.01615285	0.20867410	24801.98909416	25205.86495156	20458.58516185	21341.40193186	2940.10032555	  155.13069643
24352.00000000	4.65673883	0.01722820	0.20899990	24775.16435819	24351.98859141	19759.08942764	21346.60382376	3162.26903468	  155.13063744
24352.80000000	4.65658551	0.05274144	0.20935273	24762.80754902	23490.62461642	19053.45907067	21353.71681693	3399.08125031	  155.13057768
24353.60000000	4.65643221	0.09129075	0.20972774	24767.47074621	22606.56566510	18329.51572845	21356.90370847	3661.99470031	  155.13051607
24354.40000000	4.65627892	0.13098483	0.21016659	24778.51697663	21736.48533525	17616.31760886	21355.69044395	3921.83737550	  155.13045514
24355.20000000	4.65612563	0.17164344	0.21064092	24792.52054064	20882.23030643	16915.96158794	21351.21187696	4176.46727620	  155.13039464
24356.00000000	4.65597236	0.21404607	0.21110902	24809.62336867	20029.08658805	16217.26681265	21345.83400153	4434.85576150	  155.13033330
24356.80000000	4.65581910	0.25819568	0.21161399	24827.12039246	19177.56188822	15519.96032819	21342.96181165	4691.06671329	  155.13027166
24357.60000000	4.65566585	0.30328951	0.21219021	24843.35321722	18343.96672535	14836.79910404	21339.01028071	4941.64411124	  155.13021041
24358.40000000	4.65551260	0.34852746	0.21283484	24857.96560805	17542.92586740	14179.76494396	21330.70432948	5187.39991448	  155.13014985
24359.20000000	4.65535937	0.39509001	0.21348729	24871.31798885	16753.80244161	13533.09215853	21331.34539753	5431.73071827	  155.13008943
24360.00000000	4.65520615	0.44306507	0.21414833	24883.05439246	15976.54899251	12896.72787298	21339.31847727	5674.44922949	  155.13002838
24360.80000000	4.65505293	0.49123240	0.21488560	24892.41669924	15230.96928847	12285.81335318	21340.94276139	5911.98548707	  155.12996629
24361.60000000	4.65489973	0.53993510	0.21572217	24900.33587973	14511.56897759	11695.73236129	21343.69392204	6142.57583839	  155.12990438
24362.40000000	4.65474654	0.58882005	0.21661507	24907.66545064	13823.29967301	11131.07207542	21351.14867174	6362.73346248	  155.12984252
24363.20000000	4.65459336	0.63627041	0.21746528	24914.67846447	13186.40945384	10609.19877229	21355.99294347	6567.66633915	  155.12977893
24364.00000000	4.65444019	0.68306244	0.21831592	24922.05499989	12587.32956832	10118.59476851	21356.25550352	6760.72065955	  155.12971477
24364.80000000	4.65428702	0.72869805	0.21922944	24929.81224813	12029.55230762	9661.38362972	21352.74068670	6941.92874013	  155.12965120
24365.60000000	4.65413387	0.76926155	0.22017123	24936.88038012	11554.63088144	9271.22082684	21347.36139030	7102.95517716	  155.12958766
24366.40000000	4.65398073	0.80656687	0.22104879	24943.86124357	11134.63897940	8926.39028102	21343.44983236	7247.90536125	  155.12952388
24367.20000000	4.65382760	0.84244310	0.22180967	24951.19971794	10745.41124626	8607.80315281	21341.07681931	7380.47731081	  155.12946004
24368.00000000	4.65367448	0.87176581	0.22251177	24957.40277810	10437.49564311	8355.27352972	21333.57160421	7491.33292578	  155.12939667
24368.80000000	4.65352136	0.89558476	0.22315792	24962.73864131	10194.00186763	8155.08433408	21329.22436923	7582.41068715	  155.12933375
24369.60000000	4.65336826	0.91728296	0.22370735	24967.97935273	9977.28713237	7977.33081568	21337.05743799	7658.58223611	  155.12927102
24370.40000000	4.65321517	0.93286230	0.22409783	24971.84587635	9824.57331187	7852.16195500	21341.32642035	7711.32155175	  155.12920856
24371.20000000	4.65306209	0.94266763	0.22438300	24974.29699233	9729.66576611	7774.09106297	21341.63343695	7751.43191675	  155.12914635
24372.00000000	4.65290902	0.95046955	0.22465762	24976.17496111	9654.77701429	7712.13608894	21348.92316274	7795.07132919	  155.12908425
24372.80000000	4.65275596	0.95424796	0.22475236	24976.70507700	9618.57026236	7682.48662560	21355.66468057	7812.41572584	  155.12902212
24373.60000000	4.65260291	0.95389797	0.22465480	24975.92839929	9621.63801789	7685.68662685	21356.88690432	7804.94374504	  155.12895996
24374.40000000	4.65244986	0.95236390	0.22455973	24974.89961413	9636.01273674	7697.90085784	21354.88128413	7808.81888823	  155.12889777
24375.20000000	4.65229683	0.94949681	0.22447411	24973.19432020	9663.01980942	7720.13694190	21350.23095237	7804.01647645	  155.12883553
24376.00000000	4.65214381	0.94517815	0.22435033	24970.77816140	9703.90240216	7753.75919135	21344.95082318	7779.54910047	  155.12877334
24376.80000000	4.65199080	0.94072538	0.22417154	24968.65768304	9746.38035095	7789.09304586	21342.69449255	7760.68002250	  155.12871158
24377.60000000	4.65183780	0.93691139	0.22404530	24966.35311916	9782.72086459	7819.12258928	21337.75142144	7751.24244191	  155.12865005
24378.40000000	4.65168481	0.93392598	0.22402540	24963.25813042	9810.75354231	7841.68463829	21329.71370989	7743.77761195	  155.12858867
24379.20000000	4.65153183	0.93152122	0.22398240	24959.78474120	9833.00615074	7859.80897632	21333.50973958	7730.91599475	  155.12852804
24380.00000000	4.65137886	0.93061716	0.22391513	24956.17651542	9840.47697225	7866.30973258	21341.39997127	7720.48104010	  155.12846767
24380.80000000	4.65122590	0.93198091	0.22389234	24952.61158432	9825.66247492	7854.64631675	21341.42893268	7722.03074547	  155.12840697
24381.60000000	4.65107295	0.93437140	0.22394304	24949.48430604	9800.97380951	7834.51294773	21345.50430670	7728.02928756	  155.12834658
24382.40000000	4.65092001	0.93836269	0.22405661	24946.79748859	9760.88201210	7801.57903916	21353.83201888	7738.20971204	  155.12828629
24383.20000000	4.65076708	0.94528930	0.22420553	24944.18176376	9692.48939780	7745.76133698	21357.43813051	7757.45297924	  155.12822558
24384.00000000	4.65061416	0.95353488	0.22439099	24941.12894999	9611.72136747	7679.79104462	21356.22039540	7782.43734983	  155.12816544
24384.80000000	4.65046125	0.96301062	0.22462932	24937.66135725	9519.74961012	7604.49279041	21352.07420499	7810.92859972	  155.12810527
24385.60000000	4.65030835	0.97522796	0.22493705	24934.23822018	9402.86029398	7508.80912682	21347.04982225	7843.54023361	  155.12804346
24386.40000000	4.65015546	0.98867318	0.22527943	24930.74817397	9275.98432436	7404.95450916	21343.65017183	7880.68379768	  155.12798253
24387.20000000	4.65000258	1.00246502	0.22563178	24927.19027035	9147.62391069	7299.91266128	21340.31066731	7922.49053487	  155.12792282
24388.00000000	4.64984971	1.01764295	0.22601249	24923.82776654	9008.61496272	7186.24544795	21332.34036965	7968.31413358	  155.12786093
24388.80000000	4.64969685	1.03361287	0.22646784	24920.19761965	8864.59945694	7068.14394504	21330.63490030	8014.04221130	  155.12779820
24389.60000000	4.64954400	1.04910596	0.22696417	24915.93521786	8726.82494306	6954.83732396	21339.37687961	8056.35026546	  155.12773658
24390.40000000	4.64939116	1.06313963	0.22733122	24911.39298812	8603.64213392	6854.15064553	21342.07089013	8096.30293795	  155.12767553
24391.20000000	4.64923833	1.07617063	0.22765779	24907.09225024	8490.78927306	6762.03699833	21342.85221474	8140.44898700	  155.12761426
24392.00000000	4.64908551	1.08822192	0.22805260	24903.31192744	8387.80519157	6677.38394853	21350.59803337	8187.33168176	  155.12755271
24392.80000000	4.64893270	1.09656153	0.22830539	24899.60446233	8316.90667282	6619.26938780	21356.63851312	8212.47452455	  155.12749232
24393.60000000	4.64877990	1.10163359	0.22841803	24895.05157000	8273.31653372	6583.83515826	21357.25065443	8221.58380578	  155.12743302
24394.40000000	4.64862711	1.10515168	0.22851587	24889.25582653	8242.34210979	6558.54425919	21354.15978232	8233.96423918	  155.12737353
24395.20000000	4.64847433	1.10441291	0.22849101	24884.25759196	8246.77710307	6562.23641852	21349.16739087	8235.27427052	  155.12731272
24396.00000000	4.64832156	1.09948166	0.22833581	24880.30766243	8286.22896299	6594.65297234	21344.78150778	8224.32660345	  155.12725124
24396.80000000	4.64816880	1.09294960	0.22814990	24875.92283995	8339.06233196	6637.93475134	21342.49074529	8213.77375220	  155.12719073
24397.60000000	4.64801605	1.08305905	0.22787888	24871.64233159	8420.50028234	6704.57656943	21336.42812514	8192.39428079	  155.12712961
24398.40000000	4.64786331	1.06956221	0.22747750	24867.76473570	8533.59020034	6797.34885145	21329.62118078	8155.49109876	  155.12706728
24399.20000000	4.64771059	1.05519281	0.22697822	24863.64190119	8655.66280423	6898.02783686	21335.13453066	8114.01147092	  155.12700540
24400.00000000	4.64755787	1.04021605	0.22650694	24859.32102889	8784.74528615	7004.19874628	21341.79278698	8069.94266376	  155.12694470
24400.80000000	4.64740516	1.02444869	0.22612214	24855.10481028	8922.84163576	7117.04296711	21341.54300214	8020.83910558	  155.12688489
24401.60000000	4.64725246	1.00864204	0.22572519	24851.16653558	9063.56613285	7232.15798929	21346.46592217	7964.94695751	  155.12682474
24402.40000000	4.64709977	0.99381509	0.22528642	24847.12461907	9197.45618851	7342.21469685	21354.21235469	7914.88366985	  155.12676460
24403.20000000	4.64694709	0.98050541	0.22483519	24842.75051442	9319.04890530	7442.63822941	21357.20425339	7880.81226453	  155.12670527
24404.00000000	4.64679442	0.96809145	0.22443747	24838.76095870	9433.94094984	7537.39365019	21355.85632413	7850.22704054	  155.12664648
24404.80000000	4.64664176	0.95712724	0.22413160	24835.03023702	9536.51322750	7621.67630710	21351.59458679	7814.84363252	  155.12658688
24405.60000000	4.64648911	0.94848154	0.22390419	24831.03264444	9617.77206534	7688.36738520	21346.28534362	7775.49057030	  155.12652550
24406.40000000	4.64633648	0.94123367	0.22366212	24827.15762588	9686.22190666	7744.96018887	21343.18902136	7744.69032818	  155.12646458
24407.20000000	4.64618385	0.93557459	0.22345526	24823.55396108	9739.77842830	7789.39437606	21339.72166982	7726.28684129	  155.12640415
24408.00000000	4.64603123	0.93255252	0.22342373	24820.12146334	9767.90637231	7812.13602901	21331.40839353	7713.82144436	  155.12634232
24408.80000000	4.64587862	0.93104127	0.22346499	24817.42115159	9781.61500975	7822.77706711	21330.74996720	7701.55896647	  155.12628021
24409.60000000	4.64572602	0.93061189	0.22348819	24815.24978218	9784.95976171	7825.27046094	21339.11671542	7692.72368853	  155.12621843
24410.40000000	4.64557343	0.93220741	0.22350640	24812.44915158	9768.25748956	7811.77102535	21341.17902494	7698.41990166	  155.12615606
24411.20000000	4.64542085	0.93503670	0.22355581	24809.42659863	9739.47277606	7788.36675262	21343.07919027	7710.64403267	  155.12609330
24412.00000000	4.64526829	0.93834945	0.22363633	24806.73460075	9706.20845472	7761.14127392	21350.89151114	7719.82257979	  155.12603059
24412.80000000	4.64511573	0.94260443	0.22368551	24804.08873816	9663.96555508	7726.98359675	21356.24546610	7727.55615637	  155.12596792
24413.60000000	4.64496318	0.94750716	0.22374081	24801.16706910	9615.56892766	7687.86214560	21356.49497464	7742.88675162	  155.12590516
24414.40000000	4.64481064	0.95249163	0.22386109	24797.77749370	9566.45207435	7647.67215466	21353.06036774	7768.03056132	  155.12584232
24415.20000000	4.64465811	0.95747044	0.22401827	24793.96059261	9517.47573731	7607.32340147	21347.99088543	7783.28546907	  155.12577979
24416.00000000	4.64450559	0.96247080	0.22414814	24789.57913447	9468.33023073	7567.05858016	21343.84450548	7792.93825377	  155.12571711
24416.80000000	4.64435309	0.96749993	0.22421340	24784.67751539	9418.96953351	7527.11847085	21341.34702408	7812.20932627	  155.12565375
24417.60000000	4.64420059	0.97239851	0.22431640	24780.33133768	9371.29915244	7488.25161106	21334.80923357	7828.98616407	  155.12559069
24418.40000000	4.64404810	0.97716670	0.22446221	24776.63160030	9325.32885710	7450.43204281	21328.95531668	7841.95155426	  155.12552785
24419.20000000	4.64389562	0.98200310	0.22455650	24772.67053014	9278.85310617	7412.60148412	21334.81015431	7861.17114984	  155.12546421
24420.00000000	4.64374315	0.98713124	0.22462001	24768.27382485	9229.75326134	7372.90878008	21340.54862165	7876.18279784	  155.12540033
24420.80000000	4.64359069	0.99258095	0.22472455	24763.58266893	9177.85196177	7330.68263343	21341.09134357	7883.34202104	  155.12533669
24421.60000000	4.64343825	0.99819889	0.22493795	24758.80938697	9124.67671557	7286.65445372	21346.74191878	7894.43972798	  155.12527310
24422.40000000	4.64328581	1.00435779	0.22516148	24753.85258435	9066.83590391	7238.84649650	21353.98125887	7912.32754384	  155.12520993
24423.20000000	4.64313338	1.01128591	0.22531113	24748.70753613	9002.36530448	7186.29851130	21356.77985317	7935.78879358	  155.12514740
24424.00000000	4.64298096	1.01859180	0.22545281	24743.76859690	8935.05125058	7131.55335411	21355.39771619	7962.88663843	  155.12508509
24424.80000000	4.64282855	1.02627523	0.22565768	24739.43121613	8865.10818366	7074.27849721	21351.04142848	7985.39759200	  155.12502354
24425.60000000	4.64267616	1.03446567	0.22593663	24735.81518564	8791.51038741	7013.59141896	21345.78319928	7999.94485370	  155.12496320
24426.40000000	4.64252377	1.04296469	0.22617186	24732.42839401	8715.91432534	6951.64782442	21342.93835638	8022.16229889	  155.12490300
24427.20000000	4.64237139	1.05148008	0.22635709	24728.85448952	8640.76119138	6890.43064851	21339.07050590	8049.92036377	  155.12484262
24428.00000000	4.64221902	1.05977929	0.22656324	24724.95356122	8567.99468871	6830.99589066	21330.70294153	8071.34070427	  155.12478238
24428.80000000	4.64206666	1.06793738	0.22677479	24721.07502245	8497.04743244	6772.99883804	21331.58195497	8094.36782032	  155.12472242
24429.60000000	4.64191432	1.07553317	0.22699165	24717.05271128	8431.37804177	6719.19649147	21340.41120380	8119.82839508	  155.12466235
24430.40000000	4.64176198	1.08180858	0.22723128	24712.34046382	8377.03603551	6674.29027764	21341.58579721	8139.24323404	  155.12460161
24431.20000000	4.64160965	1.08725161	0.22741991	24707.63189093	8329.97598550	6635.54408053	21343.54702548	8156.06119991	  155.12454129
24432.00000000	4.64145733	1.09174187	0.22752191	24703.23609867	8291.18065164	6603.96658822	21351.55847896	8171.16648307	  155.12448174
24432.80000000	4.64130502	1.09402173	0.22758765	24698.50298848	8270.71451839	6587.23215803	21356.76725555	8177.56253021	  155.12442180
24433.60000000	4.64115273	1.09482314	0.22760911	24693.59841479	8262.44789083	6580.50698968	21356.84094755	8175.30949357	  155.12436202
24434.40000000	4.64100044	1.09473011	0.22757220	24688.64944471	8261.56046294	6580.04306125	21353.21686824	8169.19208963	  155.12430300
24435.20000000	4.64084816	1.09247643	0.22750276	24683.08867636	8278.33536574	6593.86151499	21348.24919422	8165.78967863	  155.12424414
24436.00000000	4.64069589	1.08858099	0.22740156	24677.54631691	8308.77999139	6618.78107173	21344.35424327	8162.50377415	  155.12418526
24436.80000000	4.64054363	1.08402858	0.22725141	24672.64100489	8345.03207503	6648.65772122	21341.61368050	8153.41434686	  155.12412645
24437.60000000	4.64039139	1.07795613	0.22703911	24667.00224336	8393.94221066	6689.04539317	21334.66938090	8138.79402715	  155.12406760
24438.40000000	4.64023915	1.07060917	0.22680674	24660.55563901	8453.62934117	6738.17499863	21329.61950346	8119.61817752	  155.12400898
24439.20000000	4.64008692	1.06299778	0.22660037	24654.39596967	8516.09110062	6789.36268779	21336.46398391	8096.78246082	  155.12395078
24440.00000000	4.63993470	1.05473800	0.22632488	24648.94917325	8584.82638132	6846.04689898	21341.89338541	8071.81342570	  155.12389152
24440.80000000	4.63978249	1.04584327	0.22598339	24643.71413933	8659.68711238	6908.10390662	21342.10640465	8043.02468414	  155.12383144
24441.60000000	4.63963030	1.03702385	0.22569919	24637.69225648	8734.26348563	6969.57630121	21347.63768545	8007.92937444	  155.12377256
24442.40000000	4.63947811	1.02844405	0.22547510	24631.79779088	8807.41646765	7029.52438075	21354.76003818	7980.03861737	  155.12371382
24443.20000000	4.63932593	1.02013494	0.22524272	24626.81413337	8879.10633604	7088.38974879	21357.71244544	7962.89998685	  155.12365450
24444.00000000	4.63917376	1.01223074	0.22491863	24622.23359807	8947.90210139	7145.62636375	21355.85193651	7939.01613043	  155.12359596
24444.80000000	4.63902161	1.00494759	0.22464248	24617.00656987	9011.39546430	7198.31853648	21351.08349510	7912.38977630	  155.12353785
24445.60000000	4.63886946	0.99834621	0.22451351	24610.61694249	9068.72535257	7245.04803524	21346.25348695	7890.03066457	  155.12347936
24446.40000000	4.63871732	0.99214571	0.22434273	24604.05572363	9122.69789287	7289.41174489	21343.55411329	7862.81728312	  155.12342052
24447.20000000	4.63856519	0.98671138	0.22414078	24597.43860238	9169.94173126	7328.64141365	21339.29159320	7839.46622461	  155.12336212
24448.00000000	4.63841307	0.98247352	0.22402010	24590.28072541	9206.20538556	7358.51138593	21331.15497636	7832.61043175	  155.12330480
24448.80000000	4.63826097	0.97873934	0.22393549	24582.43244218	9237.69794582	7384.30809120	21331.97312629	7826.78386862	  155.12324769
24449.60000000	4.63810887	0.97551051	0.22386525	24573.36463929	9264.15457997	7405.97687034	21339.88359228	7813.89755998	  155.12318989
24450.40000000	4.63795678	0.97336904	0.22381826	24562.45239086	9279.89202646	7418.90632469	21341.55608160	7798.96055959	  155.12313118
24451.20000000	4.63780470	0.97184083	0.22372849	24550.38790672	9289.51946108	7427.26981247	21344.11756921	7792.51748034	  155.12307310
24452.00000000	4.63765263	0.97071663	0.22360812	24536.00740898	9294.52110595	7432.16333072	21351.41563069	7792.50449499	  155.12301551
24452.80000000	4.63750058	0.97038808	0.22357602	24516.12945239	9290.04286716	7428.82089284	21356.55995213	7782.89692160	  155.12295616
24453.60000000	4.63734853	0.97057859	0.22363473	24492.60044266	9279.35887486	7419.84174863	21357.17888108	7771.55661517	  155.12289628
24454.40000000	4.63719649	0.97107048	0.22370822	24466.92111549	9265.07142417	7407.87299756	21353.79160751	7767.03577788	  155.12283723
24455.20000000	4.63704446	0.97218980	0.22368531	24436.75036574	9243.29440860	7390.63052030	21348.48567216	7762.50794839	  155.12277821
24456.00000000	4.63689244	0.97376863	0.22362451	24403.01131159	9215.97055747	7369.23127382	21344.45457038	7756.93848933	  155.12271863
24456.80000000	4.63674043	0.97551547	0.22362840	24368.62442920	9186.92200228	7345.97508671	21342.19318892	7751.79951347	  155.12265871
24457.60000000	4.63658844	0.97758638	0.22366783	24336.25032897	9155.73664638	7320.75022075	21335.09652611	7744.91991308	  155.12259979
24458.40000000	4.63643645	0.97994649	0.22372382	24306.15219094	9122.85686903	7294.05174233	21329.51710362	7738.60938961	  155.12254164
24459.20000000	4.63628447	0.98244278	0.22379108	24277.98113185	9089.56484910	7266.94477110	21335.91794999	7737.59864029	  155.12248292
24460.00000000	4.63613250	0.98521848	0.22383067	24255.55327569	9055.99624950	7239.82069593	21341.09833775	7741.21609651	  155.12242333
24460.80000000	4.63598054	0.98821416	0.22387583	24239.08581513	9022.77818709	7212.93872157	21341.57769418	7745.51165917	  155.12236351
24461.60000000	4.63582860	0.99116308	0.22401004	24225.15364103	8991.03904773	7186.60145663	21347.30518010	7746.59206080	  155.12230434
24462.40000000	4.63567666	0.99423338	0.22412750	24216.61707689	8960.31762964	7161.20438700	21354.17193078	7752.14000282	  155.12224415
24463.20000000	4.63552473	0.99751965	0.22415895	24214.76484427	8930.23678378	7136.93888101	21356.83594002	7765.30218052	  155.12218237
24464.00000000	4.63537281	1.00081023	0.22418247	24215.88198065	8901.31007406	7113.65370591	21355.40785396	7777.61116748	  155.12212103
24464.80000000	4.63522090	1.00406260	0.22425448	24219.93118682	8873.89039184	7091.23009215	21350.86620068	7786.42772911	  155.12206001
24465.60000000	4.63506900	1.00731879	0.22436580	24227.27567737	8847.72443261	7069.53352594	21345.40087184	7795.37645760	  155.12199861
24466.40000000	4.63491711	1.01060001	0.22441524	24235.25525113	8821.64524632	7048.34716273	21342.66880404	7813.05373534	  155.12193708
24467.20000000	4.63476524	1.01383840	0.22444715	24242.96423212	8795.92057294	7027.56935288	21338.66774591	7830.93739473	  155.12187596
24468.00000000	4.63461337	1.01696436	0.22455868	24250.67073945	8771.25515936	7007.08120329	21330.21293503	7838.42928250	  155.12181556
24468.80000000	4.63446151	1.02007272	0.22469012	24257.89161205	8746.63693225	6986.49611922	21331.26623010	7852.80860445	  155.12175532
24469.60000000	4.63430966	1.02313568	0.22478738	24263.52876626	8721.91365534	6966.07048932	21339.62417137	7871.09507291	  155.12169517
24470.40000000	4.63415782	1.02603575	0.22483529	24266.53337531	8697.73301889	6946.42492191	21340.60990975	7874.80352815	  155.12163546
24471.20000000	4.63400599	1.02888658	0.22484526	24267.95066893	8673.47913095	6926.98558751	21343.12897772	7880.37880981	  155.12157585
24472.00000000	4.63385417	1.03169069	0.22485832	24268.23258833	8649.29230078	6907.57879458	21351.30768546	7894.68931580	  155.12151617
24472.80000000	4.63370237	1.03426135	0.22493319	24266.48199767	8626.46418714	6888.83178106	21355.85177800	7902.28891894	  155.12145660
24473.60000000	4.63355057	1.03666387	0.22505263	24262.83680229	8604.47102775	6870.44808033	21355.86871061	7904.92546218	  155.12139703
24474.40000000	4.63339878	1.03891689	0.22515829	24257.98154234	8583.38883693	6852.89036982	21353.10885770	7909.30429642	  155.12133739
24475.20000000	4.63324700	1.04079001	0.22518472	24252.69560487	8565.45935154	6838.39492331	21347.66422288	7917.00162314	  155.12127782
24476.00000000	4.63309523	1.04236383	0.22517049	24247.05262152	8549.99961800	6826.14949876	21343.09133642	7925.05407496	  155.12121854
24476.80000000	4.63294347	1.04372714	0.22518631	24240.81042464	8536.15317200	6814.98694537	21341.06981518	7929.04118005	  155.12115963
24477.60000000	4.63279172	1.04451013	0.22522678	24234.01397282	8527.08056897	6807.46814689	21333.90324134	7927.14863075	  155.12110068
24478.40000000	4.63263998	1.04479878	0.22526159	24227.30182191	8522.25854429	6803.38171572	21328.14205127	7924.33332289	  155.12104200
24479.20000000	4.63248825	1.04492509	0.22525688	24221.40925496	8519.10961086	6800.89993205	21335.74984452	7927.11396194	  155.12098421
24480.00000000	4.63233653	1.04452923	0.22520455	24215.77246945	8520.49930366	6802.36533270	21341.21761459	7928.56420251	  155.12092670
24480.80000000	4.63218482	1.04353341	0.22512358	24210.18132360	8527.01919818	6808.12174515	21340.41203332	7925.31726303	  155.12086919
24481.60000000	4.63203313	1.04226698	0.22505166	24205.09033390	8536.02957522	6815.80593534	21346.40586651	7920.72861087	  155.12081201
24482.40000000	4.63188144	1.04048069	0.22499904	24200.43953942	8549.64796364	6827.03914361	21354.03733447	7912.58684725	  155.12075459
24483.20000000	4.63172976	1.03809274	0.22495466	24196.22747819	8568.59687473	6842.47381394	21356.30062562	7900.66985885	  155.12069694
24484.00000000	4.63157809	1.03554571	0.22489114	24192.71973592	8589.20375223	6859.36518937	21354.19999027	7890.67006222	  155.12064007
24484.80000000	4.63142643	1.03260873	0.22479453	24189.00271785	8613.14365252	6879.14819282	21349.68078138	7882.96932763	  155.12058282
24485.60000000	4.63127478	1.02904413	0.22465615	24184.52919414	8642.30225664	6903.39184904	21344.88697246	7876.70997016	  155.12052437
24486.40000000	4.63112314	1.02538807	0.22446833	24180.84470759	8672.63533514	6928.92286544	21341.79302011	7874.32391474	  155.12046727
24487.20000000	4.63097151	1.02159367	0.22431636	24177.40683177	8704.36761266	6955.33203001	21337.31993922	7868.40061070	  155.12041069
24488.00000000	4.63081989	1.01731761	0.22428890	24172.63243056	8739.94145620	6983.94950281	21329.34778351	7851.45137628	  155.12035225
24488.80000000	4.63066828	1.01288552	0.22426505	24167.26737957	8776.81518872	7013.58202336	21330.62036649	7840.07419437	  155.12029378
24489.60000000	4.63051668	1.00855449	0.22414905	24162.28431289	8813.09273201	7043.38849927	21339.39353754	7832.45111428	  155.12023636
24490.40000000	4.63036509	1.00434149	0.22393829	24158.11981076	8848.77522184	7073.39646295	21340.53285789	7809.23819194	  155.12017929
24491.20000000	4.63021351	1.00013496	0.22374323	24153.93258971	8884.53612573	7103.36789668	21342.31700577	7784.06503874	  155.12012190
24492.00000000	4.63006194	0.99597845	0.22363076	24149.10110891	8919.75699313	7132.32979592	21350.24292101	7769.85670597	  155.12006444
24492.80000000	4.62991038	0.99214296	0.22355681	24143.91303275	8952.11075205	7158.72957888	21355.56681650	7762.12857752	  155.12000826
24493.60000000	4.62975883	0.98853660	0.22347763	24138.78120044	8982.54388923	7183.63483568	21355.63783966	7749.53541446	  155.11995280
24494.40000000	4.62960729	0.98507615	0.22337003	24134.12604800	9011.94308182	7207.92185015	21351.82805928	7729.71904219	  155.11989691
24495.20000000	4.62945576	0.98202834	0.22324510	24130.32373540	9038.02749819	7229.68779035	21346.87938598	7722.38070911	  155.11984011
24496.00000000	4.62930424	0.97934146	0.22312379	24127.64695609	9061.33895313	7249.21443934	21343.14701909	7724.89398581	  155.11978318
24496.80000000	4.62915273	0.97686465	0.22303332	24126.49918060	9083.37785853	7267.50332754	21340.62182740	7722.54825819	  155.11972695
24497.60000000	4.62900123	0.97485709	0.22300348	24127.80713846	9102.12505431	7282.72010344	21333.76068037	7714.81475709	  155.11967018
24498.40000000	4.62884974	0.97332107	0.22295992	24130.99217271	9117.32019604	7295.19569331	21327.96635824	7703.81848074	  155.11961272
24499.20000000	4.62869825	0.97203914	0.22280026	24134.48006314	9130.33501649	7306.77594030	21334.56944537	7692.78375083	  155.11955568
24500.00000000	4.62854678	0.97122469	0.22273676	24139.06936485	9139.51183400	7314.58440257	21340.41296898	7690.25998881	  155.11949956
24502.00000000	4.62816815	0.97096150	0.22271595	24156.80249235	9148.63341657	7322.03695677	21350.19154253	7707.88071684	  155.11936003
24504.00000000	4.62778958	0.97321331	0.22268254	24178.91603565	9136.41160689	7312.49966606	21354.19300088	7713.08840771	  155.11922266
24506.00000000	4.62741107	0.97744490	0.22284021	24205.69217973	9107.90685454	7288.53606287	21343.16556833	7739.48552702	  155.11908164
24508.00000000	4.62703262	0.98328873	0.22302405	24236.77122624	9066.46297373	7254.03719469	21329.90651402	7767.95256073	  155.11893923
24510.00000000	4.62665424	0.99027795	0.22310878	24267.73367271	9014.81814068	7212.10527709	21340.31124877	7802.21249882	  155.11879361
24512.00000000	4.62627591	0.99773891	0.22332327	24294.65123910	8957.73409408	7164.89952361	21349.45163837	7828.11151022	  155.11864626
24514.00000000	4.62589765	1.00489355	0.22343532	24313.33123989	8900.71189511	7118.49225195	21354.60800005	7864.54503819	  155.11849783
24516.00000000	4.62551945	1.01108288	0.22365694	24322.54002727	8849.14298004	7075.68087436	21343.17982940	7891.64918125	  155.11834880
24518.00000000	4.62514131	1.01615908	0.22383901	24322.88010376	8804.45990262	7038.67113414	21330.46492011	7908.67512989	  155.11819820
24520.00000000	4.62476324	1.01993116	0.22381546	24317.38401841	8769.32933029	7010.75128471	21340.06620452	7923.65219532	  155.11804598
24522.00000000	4.62438522	1.02204154	0.22390479	24306.92845568	8747.07968496	6992.33891652	21348.45268658	7927.21984953	  155.11789400
24524.00000000	4.62400727	1.02300746	0.22389271	24297.17967764	8735.12994193	6982.87069993	21354.92667427	7929.53924469	  155.11774279
24526.00000000	4.62362938	1.02287446	0.22380347	24286.11665471	8732.31401233	6981.24265989	21343.52151969	7929.26737680	  155.11759550
24528.00000000	4.62325155	1.02168712	0.22381087	24274.28163258	8738.42792997	6986.07881749	21331.19592903	7924.56401527	  155.11744946
24530.00000000	4.62287378	1.01970990	0.22375382	24262.55679149	8751.49362448	6996.92359405	21340.16182781	7923.43014924	  155.11730372
24532.00000000	4.62249608	1.01696363	0.22354983	24251.95397638	8771.72567187	7014.53010933	21348.61118356	7912.05372864	  155.11715668
24534.00000000	4.62211844	1.01362874	0.22353683	24242.36090870	8797.54591944	7035.26935759	21354.79098465	7897.40138489	  155.11701186
24536.00000000	4.62174085	1.01000644	0.22337490	24231.11531842	8825.37528226	7058.66702361	21343.81794734	7884.24175406	  155.11686844
24538.00000000	4.62136333	1.00625072	0.22313107	24219.94827721	8854.50070697	7083.68897007	21331.35458547	7878.41245698	  155.11672476
24540.00000000	4.62098588	1.00237981	0.22304730	24210.12655743	8885.23750046	7108.87417610	21339.59254565	7854.56486776	  155.11658180
24542.00000000	4.62060848	0.99851508	0.22290604	24198.10734491	8915.21478775	7133.86601385	21347.31298435	7846.21915041	  155.11643643
24544.00000000	4.62023114	0.99428512	0.22277879	24183.62862629	8947.64868393	7160.73044264	21355.13139295	7834.05276433	  155.11629231
24546.00000000	4.61985387	0.98976970	0.22254749	24169.54622783	8982.90852752	7190.61160470	21343.98386463	7814.39783894	  155.11614931
24548.00000000	4.61947666	0.98480514	0.22243531	24156.52224266	9022.75102280	7223.31482532	21332.07529002	7799.22115030	  155.11600581
24550.00000000	4.61909951	0.97968149	0.22222418	24143.82171088	9064.33090144	7258.13459769	21338.53741186	7783.41947854	  155.11586514
24552.00000000	4.61872242	0.97419727	0.22203101	24132.14125701	9109.76894453	7295.92769867	21346.17385354	7770.34689248	  155.11572139
24554.00000000	4.61834540	0.96868307	0.22184949	24119.10913632	9155.19394555	7333.63922038	21355.43746335	7737.79325565	  155.11557577
24556.00000000	4.61796843	0.96345022	0.22168147	24106.04829467	9198.24365216	7369.36166939	21344.33295431	7726.58740826	  155.11543049
24558.00000000	4.61759153	0.95867921	0.22144928	24091.87555869	9236.79959946	7401.97003972	21333.41816316	7706.64163106	  155.11528400
24560.00000000	4.61721469	0.95463680	0.22134205	24080.43968792	9269.81186567	7429.22117387	21338.11108378	7698.28414328	  155.11513921
24562.00000000	4.61683791	0.95123547	0.22123423	24068.74017175	9296.87608915	7451.71501378	21345.74900999	7689.45573377	  155.11499142
24564.00000000	4.61646119	0.94845435	0.22117224	24054.33497907	9317.18813496	7468.45869230	21355.36936399	7673.29906986	  155.11484088
24566.00000000	4.61608453	0.94650450	0.22100417	24036.76106106	9328.55256943	7478.82500114	21344.65417699	7663.46052696	  155.11468949
24568.00000000	4.61570794	0.94542244	0.22091773	24019.17702667	9331.82042426	7482.09158269	21334.56480691	7640.56344757	  155.11453798
24570.00000000	4.61533140	0.94536515	0.22083201	24002.96927262	9326.05776746	7478.11219418	21338.24709887	7651.72873897	  155.11438804
24572.00000000	4.61495493	0.94646050	0.22086290	23989.38374181	9310.57535866	7465.46699966	21345.11713740	7642.11016986	  155.11423930
24574.00000000	4.61457852	0.94867816	0.22094504	23977.96719496	9285.52946123	7444.77302579	21355.63336735	7650.81401582	  155.11409130
24576.00000000	4.61420217	0.95198938	0.22105701	23966.66628118	9250.47202361	7415.83490634	21345.42046050	7655.78404576	  155.11394311
24578.00000000	4.61382588	0.95626249	0.22108146	23954.88309122	9206.49944064	7380.40294851	21335.85137850	7678.45002272	  155.11379581
24580.00000000	4.61344966	0.96101175	0.22117554	23942.99085158	9158.33022571	7341.09731073	21337.71458070	7686.26692541	  155.11365022
24582.00000000	4.61307349	0.96608564	0.22129491	23932.85236133	9108.12117064	7299.97949586	21344.40199253	7693.94765473	  155.11350557
24584.00000000	4.61269739	0.97108817	0.22145570	23920.83754109	9058.12160598	7258.73859383	21356.12895583	7712.44391644	  155.11336036
24586.00000000	4.61232135	0.97593793	0.22151176	23909.14772400	9009.89308626	7219.68585732	21346.13305990	7728.39378345	  155.11321440
24588.00000000	4.61194536	0.98039513	0.22155433	23895.56469480	8964.72774707	7183.18880760	21336.08974514	7738.17653215	  155.11306874
24590.00000000	4.61156945	0.98454620	0.22168593	23880.16120521	8921.83673409	7147.88069810	21337.36338219	7750.34606224	  155.11291879
24592.00000000	4.61119359	0.98810559	0.22180442	23856.70216769	8881.40358236	7114.64390287	21343.68607163	7753.29689022	  155.11277032
24594.00000000	4.61081779	0.99113860	0.22190514	23826.56359065	8843.32089149	7083.42344235	21356.40330718	7751.42705298	  155.11262356
24596.00000000	4.61044205	0.99372113	0.22193005	23786.49399523	8805.67860220	7053.09662282	21347.09910344	7758.91306253	  155.11247695
24598.00000000	4.61006638	0.99587662	0.22189095	23732.58082342	8766.80302454	7022.23294814	21337.95448808	7749.61410771	  155.11232867
24600.00000000	4.60969077	0.99733609	0.22189798	23654.79224142	8725.32426329	6988.95921058	21335.86308780	7731.64840828	  155.11217772
24602.00000000	4.60931522	0.99821586	0.22183873	23555.15191915	8680.93034515	6953.81183700	21342.96501560	7699.33997216	  155.11203055
24604.00000000	4.60893973	0.99835500	0.22184109	23446.92607401	8639.84287907	6920.88259044	21356.63316279	7668.93940127	  155.11188402
24606.00000000	4.60856430	0.99777312	0.22176595	23346.55444069	8607.86476545	6895.78491186	21348.05155900	7622.90938551	  155.11173840
24608.00000000	4.60818893	0.99644045	0.22158102	23291.61447506	8599.06051231	6890.00585338	21339.09893577	7616.28005409	  155.11158929
24610.00000000	4.60781362	0.99364822	0.22157332	23314.93490256	8631.73834399	6916.24226930	21334.36039884	7601.39102088	  155.11143642
24612.00000000	4.60743838	0.98975459	0.22135477	23375.33437476	8687.86121083	6962.73267179	21342.10641419	7618.10056012	  155.11128353
24614.00000000	4.60706319	0.98467200	0.22115894	23437.65932903	8755.41267318	7018.24480441	21356.44904727	7627.56655316	  155.11112947
24616.00000000	4.60668807	0.97846659	0.22106458	23491.40230704	8830.11381880	7078.79240681	21348.67016051	7639.37627073	  155.11097474
24618.00000000	4.60631301	0.97148469	0.22074161	23531.61437894	8907.20159527	7142.89750728	21339.86900377	7623.50542356	  155.11081927
24620.00000000	4.60593801	0.96402505	0.22060003	23559.72506755	8984.61476282	7205.99712953	21332.22243242	7609.56518871	  155.11066220
24622.00000000	4.60556307	0.95666578	0.22034203	23577.30448034	9057.73230306	7266.51462659	21341.26373250	7602.50612312	  155.11050432
24624.00000000	4.60518819	0.94967516	0.22010760	23583.74129276	9123.76355499	7321.20393837	21355.70168796	7578.46379531	  155.11034717
24626.00000000	4.60481337	0.94328951	0.21993642	23582.93682727	9181.89789740	7369.11420306	21349.93855758	7568.37040509	  155.11019202
24628.00000000	4.60443861	0.93787857	0.21975495	23577.56222081	9229.61131692	7408.75187868	21340.92317502	7541.36472219	  155.11004069
24630.00000000	4.60406392	0.93334690	0.21964529	23571.60899051	9269.19077449	7441.33886938	21330.88219137	7533.83564831	  155.10988999
24632.00000000	4.60368928	0.92970883	0.21942905	23565.42948255	9300.53527060	7468.11707421	21340.64295118	7521.88632342	  155.10973778
24634.00000000	4.60331471	0.92678720	0.21941186	23558.92449736	9325.17292816	7488.02924999	21355.67930103	7512.93996152	  155.10958747
24636.00000000	4.60294020	0.92459390	0.21928967	23551.60188811	9342.74341174	7503.05495200	21350.13292329	7506.22007733	  155.10943849
24638.00000000	4.60256575	0.92307968	0.21928401	23544.30908527	9354.00374983	7512.14054071	21341.08417551	7502.54009454	  155.10928966
24640.00000000	4.60219135	0.92197324	0.21920698	23536.13196862	9361.10678416	7518.42409228	21329.71093558	7493.21843570	  155.10914133
24642.00000000	4.60181703	0.92110901	0.21913002	23528.86227654	9366.30656105	7523.17923006	21340.61070539	7491.35305001	  155.10899162
24644.00000000	4.60144276	0.92051266	0.21895596	23522.37839703	9369.31113843	7526.90262244	21354.93117570	7495.29409878	  155.10884206
24646.00000000	4.60106855	0.91995420	0.21894236	23516.55609546	9372.22461780	7529.34555652	21351.10571869	7489.56045959	  155.10869279
24648.00000000	4.60069440	0.91948773	0.21899489	23510.53482604	9374.19671780	7530.53431576	21342.00877734	7483.63233164	  155.10854306
24650.00000000	4.60032032	0.91932232	0.21891401	23503.93009921	9373.11347040	7530.27308260	21329.01016731	7484.44606596	  155.10839566
24652.00000000	4.59994629	0.91938345	0.21892028	23497.45761008	9369.95955324	7527.69208592	21340.63640014	7485.02610514	  155.10824582
24654.00000000	4.59957233	0.91991038	0.21884241	23492.51347999	9363.05302539	7522.72927904	21353.74893041	7494.67351589	  155.10809527
24656.00000000	4.59919842	0.92106216	0.21882740	23486.98474910	9350.07408854	7512.41412263	21352.79620008	7486.33857287	  155.10794048
24658.00000000	4.59882458	0.92283432	0.21893258	23480.13263041	9330.79593951	7496.13639430	21342.57889051	7499.84554042	  155.10778456
24660.00000000	4.59845080	0.92532361	0.21888030	23470.78629714	9303.89287089	7474.91391049	21328.89800054	7502.04376814	  155.10762909
24662.00000000	4.59807708	0.92837681	0.21891884	23459.31471986	9270.99607944	7448.19698419	21340.55534996	7515.99188754	  155.10747170
24664.00000000	4.59770342	0.93194000	0.21891844	23446.81215697	9233.09718420	7417.75245734	21352.93278076	7530.32642664	  155.10731202
24666.00000000	4.59732982	0.93597896	0.21899201	23434.22833839	9190.94488023	7383.34459975	21353.75249182	7525.58803935	  155.10714711
24668.00000000	4.59695628	0.94003496	0.21916606	23423.03407401	9149.36924903	7348.66658179	21342.81036450	7535.47992742	  155.10698271
24670.00000000	4.59658281	0.94413802	0.21920863	23411.69567828	9107.49494492	7314.72222547	21329.13070799	7550.94890389	  155.10681839
24672.00000000	4.59620939	0.94813062	0.21927262	23401.61164398	9067.29762588	7281.97160900	21340.61643495	7567.11816688	  155.10665631
24674.00000000	4.59583603	0.95186113	0.21932722	23392.05209409	9029.84479074	7251.49721263	21351.94191493	7574.96198362	  155.10649612
24676.00000000	4.59546274	0.95539482	0.21931834	23384.18809332	8994.96746993	7223.55279580	21354.57748863	7585.14103593	  155.10633657
24678.00000000	4.59508950	0.95852454	0.21949934	23376.09301989	8963.75559765	7197.18479995	21342.81000715	7593.74978132	  155.10617776
24680.00000000	4.59471633	0.96125987	0.21957023	23367.04632242	8935.81073700	7174.23869430	21329.79217522	7599.45640219	  155.10602066
24682.00000000	4.59434322	0.96354530	0.21959364	23356.50501730	8911.39002414	7154.46472941	21340.87173659	7604.79926441	  155.10586637
24684.00000000	4.59397016	0.96505591	0.21956980	23343.57459642	8893.01253041	7139.88064837	21350.88466034	7601.76854871	  155.10571284
24686.00000000	4.59359717	0.96595219	0.21958821	23332.80819274	8880.94758446	7130.06283157	21354.73624099	7615.59244491	  155.10556030
24688.00000000	4.59322424	0.96596219	0.21957128	23321.20391173	8876.44191226	7126.56611934	21343.53118214	7606.79566936	  155.10540518
24690.00000000	4.59285137	0.96533090	0.21942666	23310.26912896	8877.88275129	7128.75382106	21330.90164990	7598.39348856	  155.10525081
24692.00000000	4.59247856	0.96382198	0.21940524	23299.11689637	8887.03507248	7136.25580286	21340.84989116	7606.30112964	  155.10509321
24694.00000000	4.59210581	0.96150966	0.21933635	23286.00163506	8902.59433282	7149.24234786	21348.83687068	7591.81017118	  155.10493686
24696.00000000	4.59173312	0.95858400	0.21920473	23275.08679604	8924.49325795	7167.77163808	21355.48792377	7580.51286548	  155.10478365
24698.00000000	4.59136049	0.95500612	0.21904084	23263.58329192	8952.05460031	7191.08622537	21344.57103795	7563.26240286	  155.10462727
24700.00000000	4.59098793	0.95079192	0.21892719	23252.73935115	8985.66948996	7218.90902522	21333.54667303	7551.65270181	  155.10447055
24702.00000000	4.59061542	0.94599118	0.21859648	23240.42230888	9024.12836867	7252.20413511	21339.95764927	7535.80121565	  155.10431017
24704.00000000	4.59024297	0.94068687	0.21867368	23227.07739714	9066.91307127	7286.02539713	21346.74674005	7520.03081875	  155.10415465
24706.00000000	4.58987059	0.93542375	0.21847047	23216.11700129	9110.45802735	7322.50521921	21356.55235524	7497.44965686	  155.10400011
24708.00000000	4.58949826	0.93009850	0.21817674	23203.84462691	9154.26129871	7359.87349063	21346.09784574	7480.20549173	  155.10384333
24710.00000000	4.58912599	0.92488092	0.21795154	23190.65523437	9196.91855386	7395.83458041	21336.20960887	7460.83022504	  155.10368549
24712.00000000	4.58875379	0.91990162	0.21780654	23177.67621423	9237.65406968	7429.66986113	21338.02269097	7454.04112413	  155.10352399
24714.00000000	4.58838164	0.91556688	0.21766600	23165.23839590	9272.80505580	7458.98934545	21345.18819356	7434.54847457	  155.10336135
24716.00000000	4.58800956	0.91205184	0.21750618	23155.13091765	9301.39653711	7483.18401177	21356.85263677	7420.66360849	  155.10319859
24718.00000000	4.58763754	0.90923169	0.21738622	23143.86532223	9323.12676867	7501.56629583	21347.47894631	7408.28711104	  155.10303565
24720.00000000	4.58726557	0.90715962	0.21739831	23132.46557852	9337.86324456	7513.33274689	21338.06030937	7401.81475876	  155.10287231
24722.00000000	4.58689367	0.90578553	0.21728979	23118.51841661	9345.06531936	7519.94362913	21335.13756343	7393.53546942	  155.10270885
24724.00000000	4.58652183	0.90491760	0.21725169	23103.36945219	9347.05082632	7521.82791892	21342.87417090	7386.68915560	  155.10254461
24726.00000000	4.58615005	0.90467215	0.21719413	23089.65464357	9343.79527082	7519.64094282	21356.22474310	7385.24212524	  155.10238237
24728.00000000	4.58577832	0.90476598	0.21707657	23072.92569720	9336.14949197	7514.37109311	21348.16927198	7370.63435461	  155.10222380
24730.00000000	4.58540666	0.90500421	0.21707391	23048.03146591	9323.85485158	7504.49550660	21339.36780122	7388.06852876	  155.10206952
24732.00000000	4.58503506	0.90553460	0.21707848	23002.54176653	9300.51823699	7485.67839646	21332.40861628	7364.32510473	  155.10191654
24734.00000000	4.58466352	0.90601075	0.21707725	22939.76087518	9270.71894699	7461.70310567	21340.77253786	7353.93090882	  155.10176249
24736.00000000	4.58429204	0.90635508	0.21710737	22866.57579294	9237.96104906	7435.11337266	21355.52563912	7344.65804151	  155.10161092
24738.00000000	4.58392062	0.90660759	0.21709834	22802.35711993	9209.69125185	7412.42754625	21348.56930040	7308.34957873	  155.10146182
24740.00000000	4.58354926	0.90662421	0.21701896	22798.45807698	9207.96343541	7411.62521941	21339.55326778	7295.28363667	  155.10131257
24742.00000000	4.58317796	0.90623410	0.21689603	22828.56930766	9223.72245156	7425.22258069	21329.43590657	7316.43821308	  155.10116407
24744.00000000	4.58280672	0.90553418	0.21695780	22862.46352046	9243.88490164	7440.99401382	21339.67996261	7325.76227481	  155.10101319
24746.00000000	4.58243554	0.90477315	0.21677851	22886.94741858	9260.82940323	7455.97035124	21353.80070857	7339.81159091	  155.10086296
24748.00000000	4.58206442	0.90394107	0.21672006	22900.53232516	9274.03992128	7467.04267468	21349.87512284	7344.69365823	  155.10071264
24750.00000000	4.58169336	0.90342077	0.21682225	22906.60451309	9281.32677111	7472.14610926	21340.59785249	7352.18444213	  155.10056098
24752.00000000	4.58132236	0.90326746	0.21678677	22905.47197338	9282.29081763	7473.18743025	21327.71759232	7342.76723423	  155.10041152
24754.00000000	4.58095142	0.90355700	0.21669095	22895.90946456	9275.72959459	7468.62053888	21339.12320958	7343.39998401	  155.10026010
24756.00000000	4.58058055	0.90420561	0.21670488	22868.40070279	9258.57793353	7454.70653279	21351.85792848	7334.00749320	  155.10010782
24758.00000000	4.58020973	0.90537445	0.21659870	22808.62142987	9223.58831613	7427.32262054	21351.57604943	7333.49107675	  155.09995040
24760.00000000	4.57983897	0.90689445	0.21667951	22726.06208683	9176.24355636	7388.60105956	21341.18036527	7314.58178327	  155.09979304
24762.00000000	4.57946827	0.90875682	0.21657393	22639.80133322	9124.40472429	7347.63677109	21327.54038780	7286.29420473	  155.09963684
24764.00000000	4.57909763	0.91079773	0.21655974	22600.19607176	9089.87222217	7319.93253820	21339.03628187	7275.53010918	  155.09948100
24766.00000000	4.57872705	0.91273960	0.21672534	22618.79486305	9079.70394590	7310.53344813	21350.39204840	7284.81220754	  155.09932328
24768.00000000	4.57835654	0.91482766	0.21666146	22668.04953552	9080.49549012	7311.63782578	21352.85326836	7312.89506273	  155.09916184
24770.00000000	4.57798608	0.91686807	0.21673031	22718.02905010	9081.96675207	7312.31899156	21341.69527066	7339.69833832	  155.09900171
24772.00000000	4.57761568	0.91876599	0.21677602	22755.53086695	9079.70989566	7310.16778755	21328.59161739	7357.46505562	  155.09884307
24774.00000000	4.57724534	0.92036184	0.21678698	22773.53232713	9072.40288048	7304.20475401	21339.70838869	7383.52117088	  155.09868710
24776.00000000	4.57687506	0.92194799	0.21689968	22779.39610276	9060.35644722	7293.68412159	21349.28171984	7390.60853657	  155.09853421
24778.00000000	4.57650484	0.92335310	0.21678553	22775.32347689	9046.01693605	7282.97191209	21354.04801307	7391.32249901	  155.09838267
24780.00000000	4.57613469	0.92456726	0.21681281	22765.88228488	9031.29499555	7270.92091053	21342.72428448	7393.91727629	  155.09823230
24782.00000000	4.57576459	0.92568037	0.21678809	22753.27413021	9016.25158159	7258.98921817	21330.97392863	7386.31965733	  155.09808404
24784.00000000	4.57539455	0.92657014	0.21695941	22739.83354237	9002.91155530	7247.00747661	21339.44699372	7393.52919634	  155.09793934
24786.00000000	4.57502457	0.92733138	0.21690884	22726.63564670	8990.83959362	7237.65600843	21346.58278890	7396.48409403	  155.09779585
24788.00000000	4.57465465	0.92800356	0.21675537	22713.75437258	8979.70562457	7229.80256307	21354.73197151	7391.10695945	  155.09765314
24790.00000000	4.57428479	0.92843913	0.21671068	22701.51814858	8970.95978453	7223.08389224	21344.10268979	7390.44812771	  155.09751000
24792.00000000	4.57391500	0.92855833	0.21676209	22690.66486108	8965.60216224	7218.39901365	21333.07018607	7396.77086722	  155.09736837
24794.00000000	4.57354526	0.92839650	0.21664617	22680.39804952	8962.99581482	7217.13711945	21337.82882863	7384.54237945	  155.09722307
24796.00000000	4.57317558	0.92768497	0.21665953	22668.99508890	8964.86604268	7218.54662158	21343.77849332	7381.29918414	  155.09708048
24798.00000000	4.57280596	0.92656161	0.21658536	22657.26168579	8970.29710542	7223.45545803	21355.20450007	7381.35847591	  155.09694026
24800.00000000	4.57243640	0.92500499	0.21650887	22645.83871486	8979.74172644	7231.61400360	21345.75494520	7371.48052454	  155.09679987
24802.00000000	4.57206690	0.92302908	0.21635316	22634.46594248	8992.98390044	7243.40606136	21336.31450728	7373.87431910	  155.09665806
24804.00000000	4.57169746	0.92025810	0.21636104	22620.34283212	9012.31096967	7258.91585936	21334.40080152	7364.27483630	  155.09651379
24806.00000000	4.57132808	0.91727279	0.21625974	22607.35363530	9034.06509454	7277.17476994	21341.13359765	7344.10146677	  155.09637295
24808.00000000	4.57095876	0.91385910	0.21610781	22593.03979454	9059.21782768	7298.54470950	21355.26176544	7334.00771091	  155.09623269
24810.00000000	4.57058950	0.91016709	0.21583950	22578.87010994	9087.02369432	7322.91100079	21347.46734806	7316.22296675	  155.09609263
24812.00000000	4.57022030	0.90604709	0.21587580	22566.61234232	9119.58589400	7348.88496783	21338.69233545	7315.74214293	  155.09594828
24814.00000000	4.56985115	0.90189510	0.21554871	22552.61181542	9151.84764197	7377.29524165	21330.82098580	7292.29722433	  155.09580151
24816.00000000	4.56948207	0.89775017	0.21543760	22538.08475833	9183.94052128	7403.98794991	21339.72903349	7268.74564848	  155.09565329
24818.00000000	4.56911305	0.89385368	0.21537397	22523.65947091	9213.89444186	7428.60912038	21354.50796333	7255.27401368	  155.09550314
24820.00000000	4.56874409	0.89028955	0.21524924	22511.20201470	9241.67833579	7451.93903644	21349.17702298	7245.16265631	  155.09535186
24822.00000000	4.56837519	0.88753796	0.21503739	22500.68576617	9262.81342525	7470.56351399	21340.04586908	7235.71669258	  155.09519934
24824.00000000	4.56800634	0.88538824	0.21502242	22489.87904285	9278.28892601	7483.15670847	21327.97363379	7222.75578518	  155.09504607
24826.00000000	4.56763756	0.88400527	0.21488204	22479.02402515	9286.64488807	7490.94754007	21339.20580853	7215.71623565	  155.09489068
24828.00000000	4.56726884	0.88324672	0.21481468	22468.16467952	9289.20233957	7493.51519165	21352.87399567	7225.02258992	  155.09473621
24830.00000000	4.56690017	0.88302730	0.21484988	22457.30133753	9286.74846776	7491.27196866	21351.28619848	7208.77467721	  155.09458371
24832.00000000	4.56653157	0.88321710	0.21485445	22444.79365528	9279.81472881	7485.64456824	21341.23507481	7209.84205786	  155.09443579
24834.00000000	4.56616302	0.88353867	0.21478355	22431.66574025	9271.40503725	7479.39112327	21327.24967175	7209.59031817	  155.09428897
24836.00000000	4.56579454	0.88393320	0.21476548	22418.16191106	9262.16874812	7472.07503585	21339.84428732	7206.23324295	  155.09414212
24838.00000000	4.56542611	0.88434786	0.21477111	22403.06251117	9252.09307841	7463.90471750	21351.38222649	7206.65157048	  155.09399586
24840.00000000	4.56505774	0.88458545	0.21481233	22384.42677925	9242.20072249	7455.61697607	21352.66922665	7204.17807809	  155.09385197
24842.00000000	4.56468944	0.88476399	0.21475101	22359.10578237	9230.09800266	7446.31034448	21342.13881470	7201.13545318	  155.09370974
24844.00000000	4.56432119	0.88486077	0.21468765	22318.68075865	9212.51846346	7432.59911621	21328.90022562	7195.65060122	  155.09356750
24846.00000000	4.56395300	0.88496988	0.21453562	22253.44393570	9184.58832134	7411.19188764	21338.97886580	7177.72050861	  155.09342520
24848.00000000	4.56358487	0.88498430	0.21463710	22177.69302768	9153.19192844	7385.10814797	21347.85121284	7153.54933724	  155.09328159
24850.00000000	4.56321680	0.88520234	0.21457638	22115.26045522	9125.43483703	7363.15990942	21354.38270946	7129.63661189	  155.09313696
24852.00000000	4.56284879	0.88542981	0.21455665	22097.70060224	9116.11522622	7355.78515404	21343.31859379	7123.32541513	  155.09299321
24854.00000000	4.56248084	0.88564824	0.21453405	22112.15472960	9120.08571365	7359.15527364	21332.05579358	7133.54385485	  155.09284840
24856.00000000	4.56211295	0.88579767	0.21455023	22126.17820026	9124.50607793	7362.60300413	21337.54127240	7125.69673727	  155.09270655
24858.00000000	4.56174512	0.88600621	0.21457518	22129.86910232	9124.12519863	7362.11196207	21345.25797537	7150.99211826	  155.09255944
24860.00000000	4.56137735	0.88638518	0.21438655	22124.68660311	9118.53216728	7358.98706147	21355.43063874	7146.33354940	  155.09240997
24862.00000000	4.56100964	0.88674180	0.21436145	22114.75088406	9111.18744042	7353.24412172	21345.29710344	7139.55314659	  155.09225995
24864.00000000	4.56064198	0.88719482	0.21447194	22104.44724764	9102.81770666	7345.67762257	21335.88372298	7144.65058125	  155.09210782
24866.00000000	4.56027439	0.88777833	0.21434550	22093.62012679	9093.05150184	7338.72446326	21335.22981285	7131.43344928	  155.09195895
24868.00000000	4.55990685	0.88846159	0.21439847	22084.97959512	9083.28696412	7330.45547643	21342.74002549	7146.09616098	  155.09180717
24870.00000000	4.55953938	0.88921943	0.21443212	22080.85746655	9074.71184027	7323.28874681	21355.51935562	7148.04060983	  155.09165346
24872.00000000	4.55917196	0.89005432	0.21436411	22080.77252419	9067.10376374	7317.64664554	21347.23517793	7150.06605024	  155.09149963
24874.00000000	4.55880461	0.89094879	0.21432362	22085.79320966	9061.05693682	7313.06266262	21339.35222631	7150.52159392	  155.09134623
24876.00000000	4.55843731	0.89173502	0.21432396	22093.11487909	9056.93709369	7309.73512171	21332.16907298	7166.38012082	  155.09119547
24878.00000000	4.55807007	0.89232432	0.21434947	22097.89886202	9053.56145716	7306.82428188	21340.54096145	7168.16659363	  155.09104720
24880.00000000	4.55770289	0.89295390	0.21424578	22099.99759865	9048.72257163	7303.67626419	21355.24236038	7176.05567284	  155.09090000
24882.00000000	4.55733577	0.89350750	0.21426367	22098.48719014	9043.09654748	7299.00464189	21350.25785980	7181.42566336	  155.09075469
24884.00000000	4.55696871	0.89379932	0.21426718	22091.85385836	9037.74424901	7294.65899277	21341.23617191	7181.52809998	  155.09061025
24886.00000000	4.55660171	0.89408891	0.21424776	22084.51043391	9032.12407022	7290.26434486	21328.92168009	7179.24575292	  155.09046756
24888.00000000	4.55623477	0.89429455	0.21425629	22075.23098141	9026.47261254	7285.64063442	21340.02680859	7179.48422286	  155.09032736
24890.00000000	4.55586788	0.89445692	0.21420306	22064.03210939	9020.42869572	7281.14991438	21354.24188078	7176.96018998	  155.09018776
24892.00000000	4.55550106	0.89448692	0.21422696	22052.53039745	9015.45594124	7276.96204497	21351.19510312	7185.57569435	  155.09004850
24894.00000000	4.55513429	0.89446439	0.21414155	22040.10339218	9010.57854210	7273.64634814	21341.33208778	7175.99674308	  155.08990714
24896.00000000	4.55476759	0.89427863	0.21409204	22028.04606228	9007.32228801	7271.37778645	21327.51564469	7171.40527605	  155.08976475
24898.00000000	4.55440094	0.89402787	0.21411087	22018.76460262	9005.78503794	7269.99992606	21340.07463360	7163.64708192	  155.08962188
24900.00000000	4.55403435	0.89366881	0.21392509	22010.82350244	9005.77013764	7271.33862615	21351.83627590	7155.70373951	  155.08947931
24902.00000000	4.55366782	0.89314677	0.21401421	22005.05728199	9008.11229253	7272.58153670	21353.07497717	7165.12380866	  155.08933977
24904.00000000	4.55330135	0.89245559	0.21386796	21995.76513808	9010.53409659	7275.60075173	21342.53824714	7163.63119403	  155.08919650
24906.00000000	4.55293494	0.89156459	0.21390460	21985.21053255	9014.23854996	7278.32522390	21329.53124528	7159.67270311	  155.08905337
24908.00000000	4.55256859	0.89066072	0.21387640	21974.03488025	9017.80360552	7281.40907194	21340.45879265	7149.54063804	  155.08890847
24910.00000000	4.55220230	0.88962675	0.21378820	21963.05320429	9022.62121554	7285.94168721	21348.42061819	7152.42933859	  155.08876633
24912.00000000	4.55183607	0.88851827	0.21374349	21953.27315388	9028.60592272	7291.10042774	21354.92523832	7142.49924290	  155.08862533
24914.00000000	4.55146989	0.88736847	0.21364184	21941.85573542	9034.29203926	7296.43389038	21344.15341140	7138.27562011	  155.08848207
24916.00000000	4.55110378	0.88620928	0.21355121	21929.63619318	9039.73352135	7301.49038508	21333.50631396	7130.93422724	  155.08833749
24918.00000000	4.55073772	0.88498151	0.21333055	21916.17450155	9045.28312638	7307.58511554	21338.36332788	7118.15179897	  155.08819011
24920.00000000	4.55037172	0.88355182	0.21344074	21903.54216851	9053.00323230	7313.01629491	21344.63568193	7123.55170781	  155.08804137
24922.00000000	4.55000578	0.88212527	0.21332027	21889.16156258	9059.97481609	7319.52964556	21355.92152382	7111.68448617	  155.08789255
24924.00000000	4.54963990	0.88064794	0.21325644	21875.48011167	9067.69808749	7326.23691487	21346.21498357	7105.93519718	  155.08774356
24926.00000000	4.54927408	0.87912874	0.21316243	21862.52119030	9076.10439437	7333.71817315	21337.82939895	7099.95614457	  155.08759445
24928.00000000	4.54890832	0.87758011	0.21300591	21850.69836961	9085.25503752	7342.26125032	21333.84940691	7096.58924517	  155.08744449
24930.00000000	4.54854262	0.87600431	0.21300667	21838.70539181	9094.58848143	7349.79849189	21341.51394123	7086.56130736	  155.08729410
24932.00000000	4.54817697	0.87445235	0.21291565	21825.19711892	9103.07971472	7357.33028861	21355.50990266	7077.96272449	  155.08714467
24934.00000000	4.54781139	0.87288794	0.21299589	21809.38429116	9110.72607610	7362.91943821	21348.73265740	7070.06057964	  155.08699757
24936.00000000	4.54744586	0.87165005	0.21278802	21794.39952898	9115.74359099	7368.50590402	21340.35253197	7059.92864551	  155.08685392
24938.00000000	4.54708039	0.87041577	0.21270597	21778.78522965	9120.46305087	7372.92574474	21329.81038277	7058.90816848	  155.08671056
24940.00000000	4.54671499	0.86928340	0.21266700	21763.06957132	9124.20777239	7376.24037026	21339.78276348	7046.54203099	  155.08656607
24942.00000000	4.54634964	0.86836807	0.21262742	21749.00770181	9126.66244332	7378.51685335	21354.54793702	7045.02878641	  155.08642280
24944.00000000	4.54598434	0.86745676	0.21260354	21732.25070610	9127.94516771	7379.73008609	21350.46376205	7055.49283193	  155.08628098
24946.00000000	4.54561911	0.86679684	0.21246686	21713.94822009	9126.27843154	7379.39115219	21341.02497767	7030.19489825	  155.08613994
24948.00000000	4.54525394	0.86618950	0.21245850	21695.97708551	9124.26510899	7377.82482774	21327.51987060	7028.03277177	  155.08599949
24950.00000000	4.54488882	0.86562680	0.21237311	21678.43735018	9122.02024312	7376.63951133	21339.73108017	7016.08279429	  155.08585786
24952.00000000	4.54452377	0.86526255	0.21232894	21663.55169356	9119.07750874	7374.58559381	21351.07067365	7018.36744835	  155.08571579
24954.00000000	4.54415877	0.86481748	0.21223667	21648.87935298	9116.95817253	7373.55203176	21352.78767758	7008.62520942	  155.08557425
24956.00000000	4.54379383	0.86440610	0.21222152	21635.99786754	9115.28242409	7372.30842293	21342.19865534	7003.27020560	  155.08543261
24958.00000000	4.54342895	0.86403055	0.21226205	21622.98966965	9113.22389293	7370.34477769	21329.10130079	7001.92518909	  155.08529118
24960.00000000	4.54306413	0.86365566	0.21215777	21608.78547226	9110.65221860	7369.03334230	21339.00519429	7007.29467038	  155.08515073
24962.00000000	4.54269936	0.86346852	0.21209350	21596.64246276	9107.23671185	7366.74413891	21347.47965420	6996.78694183	  155.08500792
24964.00000000	4.54233466	0.86313705	0.21221486	21584.70319739	9105.21959007	7364.21876336	21354.89602160	6997.10870510	  155.08486120
24966.00000000	4.54197001	0.86293039	0.21213206	21573.48547628	9102.36844278	7362.52236711	21343.95220050	6996.06834335	  155.08471425
24968.00000000	4.54160543	0.86289447	0.21206900	21565.15501508	9099.18039869	7360.40781591	21333.85467775	6986.70753722	  155.08456567
24970.00000000	4.54124090	0.86276475	0.21198676	21554.39063080	9095.81834145	7358.29338107	21337.25950743	6982.28217539	  155.08441879
24972.00000000	4.54087643	0.86270467	0.21195011	21542.80926954	9091.47727244	7355.05112027	21344.33891720	6980.38544147	  155.08426881
24974.00000000	4.54051202	0.86266372	0.21192043	21531.38777213	9087.02927978	7351.67086476	21355.89102754	6983.56398316	  155.08411528
24976.00000000	4.54014766	0.86270428	0.21185319	21518.98913445	9081.42830402	7347.63350477	21346.84809641	6985.67928774	  155.08396095
24978.00000000	4.53978337	0.86279571	0.21174039	21506.14606535	9075.17851471	7343.40523102	21338.75149729	6982.91518280	  155.08380636
24980.00000000	4.53941913	0.86281542	0.21181323	21493.26193349	9069.56285154	7338.32658858	21333.94425187	6970.78137695	  155.08365392
24982.00000000	4.53905496	0.86297213	0.21177480	21480.70098520	9062.84217967	7333.17061986	21341.53566237	6977.17000248	  155.08350262
24984.00000000	4.53869084	0.86318402	0.21170612	21468.63429287	9055.83210013	7328.00168132	21355.89008676	6975.15640792	  155.08335292
24986.00000000	4.53832678	0.86341167	0.21160995	21456.29548854	9048.56722557	7322.82718776	21350.38946869	6968.94800549	  155.08320266
24988.00000000	4.53796277	0.86372500	0.21161924	21443.34713622	9040.27361616	7316.04732614	21341.42706921	6980.20560486	  155.08305350
24990.00000000	4.53759883	0.86406294	0.21167692	21430.13561263	9031.65107664	7308.64777571	21329.37894940	6969.00885756	  155.08290536
24992.00000000	4.53723495	0.86448903	0.21158441	21417.64665958	9022.54240991	7301.95226047	21340.11855641	6972.22974789	  155.08275943
24994.00000000	4.53687112	0.86493142	0.21158328	21406.80490735	9013.98655731	7295.03629569	21354.53688655	6976.76179566	  155.08261373
24996.00000000	4.53650735	0.86525453	0.21148113	21393.93576691	9005.65737531	7289.03998387	21351.31412767	6963.89013875	  155.08246936
24998.00000000	4.53614364	0.86560157	0.21154708	21380.58822900	8996.91599781	7281.48460396	21341.36711801	6969.27993522	  155.08232268
25000.00000000	4.53577999	0.86598755	0.21152995	21367.45159132	8987.91824105	7274.32708165	21327.45468345	6965.87222308	  155.08217583
25002.00000000	4.53541640	0.86632007	0.21148868	21354.45116380	8979.46350617	7267.78421586	21339.71230781	6973.67064079	  155.08202906
25004.00000000	4.53505286	0.86647975	0.21159281	21342.27982545	8972.91255442	7261.72582052	21350.71446316	6957.20720194	  155.08188327
25006.00000000	4.53468938	0.86670077	0.21154887	21329.58326904	8965.59277339	7256.12078878	21352.98831488	6958.24880052	  155.08174118
25008.00000000	4.53432597	0.86669936	0.21152417	21315.22031102	8959.56817070	7251.42397731	21341.95569986	6960.96733628	  155.08159538
25010.00000000	4.53396261	0.86665561	0.21149711	21301.13117465	8954.03764190	7247.14391855	21329.86949091	6959.60579060	  155.08144923
25012.00000000	4.53359931	0.86649911	0.21137112	21286.17971377	8949.15318371	7244.10325524	21339.05335903	6952.30125930	  155.08130215
25014.00000000	4.53323606	0.86626332	0.21131343	21273.61255329	8945.97882997	7241.95147514	21345.19854638	6950.14224354	  155.08115766
25016.00000000	4.53287288	0.86578599	0.21126058	21259.18951976	8944.18199645	7240.87957220	21354.21098954	6945.68430712	  155.08101381
25018.00000000	4.53250975	0.86524200	0.21127540	21243.87524425	8942.60231825	7239.49340984	21344.02337497	6940.61637872	  155.08086758
25020.00000000	4.53214668	0.86460220	0.21129462	21228.27685890	8941.75526795	7238.66858284	21334.45066237	6940.78390803	  155.08071964
25022.00000000	4.53178367	0.86392912	0.21115718	21208.73866105	8939.54038218	7237.87025280	21334.55319908	6921.27698135	  155.08056796
25024.00000000	4.53142072	0.86313776	0.21109765	21189.21431659	8938.38148650	7237.36279804	21341.13591778	6920.05333565	  155.08041484
25026.00000000	4.53105783	0.86238340	0.21101803	21171.19556158	8937.52013992	7237.24155160	21354.38530244	6914.86491634	  155.08026059
25028.00000000	4.53069499	0.86167796	0.21093363	21155.03985945	8937.00223405	7237.43300431	21346.68865375	6908.24756545	  155.08010535
25030.00000000	4.53033221	0.86090929	0.21094831	21142.30165854	8938.48900128	7238.53075664	21338.26359462	6898.71207260	  155.07994985
25032.00000000	4.52996949	0.86016453	0.21084358	21130.30676151	8940.07358166	7240.57220870	21329.09726078	6904.19236468	  155.07979333
25034.00000000	4.52960683	0.85944001	0.21077201	21116.59021754	8940.74562994	7241.63478514	21338.71807354	6895.14979326	  155.07963586
25036.00000000	4.52924423	0.85883637	0.21067257	21103.26625449	8940.49948519	7242.15552148	21353.01785482	6899.23660110	  155.07947968
25038.00000000	4.52888168	0.85811052	0.21077156	21086.36716811	8939.82667813	7240.89371264	21349.80520306	6879.84608482	  155.07932573
25040.00000000	4.52851920	0.85748873	0.21069824	21068.51771420	8937.81492662	7239.79509741	21340.23248792	6881.14594798	  155.07917579
25042.00000000	4.52815677	0.85693800	0.21064378	21047.75836287	8933.92713053	7237.04005110	21326.53533587	6873.09967053	  155.07902726
25044.00000000	4.52779440	0.85641868	0.21052188	21024.84577925	8928.83735365	7233.79873137	21338.94261089	6860.76456084	  155.07887888
25046.00000000	4.52743208	0.85587014	0.21049436	21002.81622108	8924.37588350	7230.38318465	21350.52183584	6856.50394478	  155.07873118
25048.00000000	4.52706983	0.85534467	0.21045822	20983.87465746	8921.01384154	7227.92055850	21352.05782923	6856.47211030	  155.07858555
25050.00000000	4.52670763	0.85474257	0.21046506	20970.90586507	8920.86999025	7227.75457775	21341.33406635	6850.84938247	  155.07844170
25052.00000000	4.52634549	0.85416587	0.21039357	20961.01799915	8921.80747259	7229.03088493	21328.39533583	6848.53579090	  155.07829810
25054.00000000	4.52598341	0.85355700	0.21028325	20950.40620700	8922.72177422	7230.56935264	21338.39912383	6834.28226255	  155.07815510
25056.00000000	4.52562139	0.85277244	0.21039120	20938.25664079	8924.54639998	7231.26725545	21345.44214943	6839.26423578	  155.07801102
25058.00000000	4.52525943	0.85206375	0.21026102	20925.59264604	8925.47175705	7232.95857640	21353.94935955	6835.33598094	  155.07786815
25060.00000000	4.52489752	0.85131887	0.21022447	20913.66330956	8927.03059765	7234.48625602	21343.25248892	6829.57230986	  155.07772627
25062.00000000	4.52453567	0.85044198	0.21022995	20901.04916115	8929.47298503	7236.42589234	21333.63241003	6827.83214548	  155.07758278
25064.00000000	4.52417388	0.84962406	0.21007107	20888.88253759	8931.57742067	7239.28144128	21334.22618123	6826.31044367	  155.07744318
25066.00000000	4.52381215	0.84867099	0.21005498	20873.93628723	8933.69714638	7241.11601044	21341.01016940	6813.57123817	  155.07729932
25068.00000000	4.52345047	0.84777261	0.21001543	20859.93677186	8935.72966111	7243.04992760	21354.09028583	6810.36135832	  155.07715430
25070.00000000	4.52308885	0.84679128	0.21000568	20844.73654097	8937.98521759	7244.94885277	21346.19026762	6798.36389610	  155.07700746
25072.00000000	4.52272730	0.84605894	0.20984298	20831.16828568	8938.71105679	7246.71615126	21338.05702771	6795.13479067	  155.07685931
25074.00000000	4.52236579	0.84505173	0.20979036	20814.52357722	8940.56922821	7248.60403879	21329.04468664	6789.33864661	  155.07671322
25076.00000000	4.52200435	0.84423162	0.20975215	20798.12942201	8940.85686159	7249.11419970	21338.56009571	6783.68830588	  155.07656466
25078.00000000	4.52164296	0.84345854	0.20980432	20783.11300597	8941.31121221	7249.10439516	21352.41766191	6778.97437246	  155.07641484
25080.00000000	4.52128164	0.84268053	0.20977005	20766.80287662	8941.24793402	7249.30147453	21350.05003712	6773.92032658	  155.07626154
25082.00000000	4.52092037	0.84207725	0.20963698	20750.62965374	8939.67597810	7248.99153791	21339.88942102	6763.37941232	  155.07610950
25084.00000000	4.52055915	0.84149069	0.20958658	20735.57630305	8938.43214361	7248.34823898	21326.39234737	6763.23915598	  155.07595910
25086.00000000	4.52019800	0.84090910	0.20961034	20718.89718412	8936.43812425	7246.55913286	21338.64856933	6750.70362205	  155.07581102
25088.00000000	4.51983690	0.84050935	0.20946868	20703.79049408	8933.49283460	7245.19702580	21350.57499970	6755.29824768	  155.07566440
25090.00000000	4.51947586	0.84005755	0.20946261	20688.65674801	8930.99687517	7243.21676871	21352.71160991	6746.34617863	  155.07551890
25092.00000000	4.51911488	0.83976317	0.20943321	20675.60885674	8927.99211560	7240.99272077	21341.25665046	6745.21844716	  155.07537341
25094.00000000	4.51875396	0.83950023	0.20933161	20662.90926664	8924.85461982	7239.18352569	21329.17988124	6743.17735753	  155.07522967
25096.00000000	4.51839309	0.83935372	0.20919727	20650.57367934	8920.83349684	7236.89405906	21338.81793006	6743.41655388	  155.07508824
25098.00000000	4.51803228	0.83912740	0.20932105	20637.18501143	8917.06755555	7232.94358583	21345.54142360	6728.66608441	  155.07494741
25100.00000000	4.51767153	0.83903559	0.20916276	20624.74560930	8912.51084994	7230.39189195	21353.88296447	6731.39409244	  155.07480707
25102.00000000	4.51731084	0.83894152	0.20916045	20612.43245923	8908.02797950	7226.77186138	21343.56758192	6729.69508705	  155.07466632
25104.00000000	4.51695021	0.83878258	0.20926330	20599.20416653	8903.72619914	7222.53903997	21333.87271349	6728.87938328	  155.07452661
25106.00000000	4.51658963	0.83871237	0.20919951	20584.40414856	8897.95377825	7218.31700880	21334.57655842	6717.81461720	  155.07438362
25108.00000000	4.51622911	0.83880003	0.20907170	20566.19157901	8889.30179158	7212.21996776	21340.65464752	6721.94506541	  155.07424346
25110.00000000	4.51586865	0.83880005	0.20902226	20544.98500206	8880.13554013	7205.13929178	21354.63839710	6711.72266274	  155.07410423
25112.00000000	4.51550824	0.83876700	0.20905291	20522.40478459	8870.66889310	7197.23763605	21346.73318015	6713.86089669	  155.07396655
25114.00000000	4.51514789	0.83872373	0.20902554	20502.97931156	8862.65588450	7190.93310423	21338.61126348	6700.30288114	  155.07382685
25116.00000000	4.51478761	0.83886684	0.20899815	20489.94900867	8855.75595831	7185.53149062	21328.77093478	6700.55916161	  155.07368497
25118.00000000	4.51442737	0.83892407	0.20893161	20478.40023577	8850.25803630	7181.54832974	21338.77406562	6699.59599339	  155.07354656
25120.00000000	4.51406720	0.83898489	0.20892192	20467.14363616	8844.85524574	7177.23375709	21353.24239783	6706.74774603	  155.07340863
25122.00000000	4.51370708	0.83888446	0.20902453	20455.32894700	8840.63732526	7173.07505213	21350.36960525	6690.50001490	  155.07327191
25124.00000000	4.51334702	0.83908729	0.20890072	20446.67218876	8835.10379702	7169.47289289	21340.69604953	6697.07589516	  155.07313161
25126.00000000	4.51298702	0.83914157	0.20889124	20439.40582848	8831.48450708	7166.60385658	21327.02429878	6699.65862376	  155.07298972
25128.00000000	4.51262708	0.83919748	0.20889922	20430.26716565	8827.04240038	7162.94197158	21339.46646954	6700.30371950	  155.07284652
25130.00000000	4.51226719	0.83923690	0.20886015	20419.28481296	8821.94957915	7159.08895772	21349.91218142	6688.59051439	  155.07270236
25132.00000000	4.51190736	0.83922770	0.20877183	20407.70729769	8817.02878110	7155.72770932	21353.33411407	6694.48398220	  155.07255705
25134.00000000	4.51154759	0.83916306	0.20875472	20394.72695890	8811.99030630	7151.76092705	21342.51575201	6689.31136302	  155.07241184
25136.00000000	4.51118787	0.83902035	0.20867013	20380.64657280	8807.16335529	7148.44804827	21331.51074230	6674.76288896	  155.07226528
25138.00000000	4.51082822	0.83889408	0.20863064	20366.79115485	8802.28728176	7144.77245213	21337.47622648	6677.63379081	  155.07211819
25140.00000000	4.51046862	0.83858292	0.20863005	20350.89976651	8798.15647574	7141.42370242	21343.97976854	6676.32780807	  155.07196951
25142.00000000	4.51010907	0.83825970	0.20853290	20335.60467129	8794.38609594	7139.05686394	21354.90732645	6674.54536457	  155.07182193
25144.00000000	4.50974959	0.83778767	0.20856096	20320.04321810	8791.80536707	7136.76159945	21345.79241584	6668.26086230	  155.07167664
25146.00000000	4.50939016	0.83742931	0.20854814	20306.08853165	8788.91665413	7134.50814295	21337.28645343	6670.50867942	  155.07153363
25148.00000000	4.50903079	0.83701105	0.20834580	20291.72447979	8786.37378168	7133.88729589	21332.14737110	6664.39468967	  155.07139067
25150.00000000	4.50867148	0.83653340	0.20834066	20279.05093000	8785.08135666	7132.87460268	21339.90221451	6656.62203940	  155.07124570
25152.00000000	4.50831222	0.83599902	0.20828034	20265.61047594	8783.95151450	7132.38746497	21354.79721188	6656.79599307	  155.07110222
25154.00000000	4.50795302	0.83549270	0.20823452	20252.64769261	8782.77865767	7131.76190118	21348.54717541	6650.74023113	  155.07095969
25156.00000000	4.50759388	0.83497393	0.20823432	20239.01263461	8781.42005105	7130.66008719	21340.07402275	6643.62474537	  155.07081810
25158.00000000	4.50723480	0.83444385	0.20815338	20224.12621281	8779.61366684	7129.77037874	21327.22902113	6639.79521426	  155.07067697
25160.00000000	4.50687577	0.83389500	0.20807466	20209.57872074	8778.11496373	7129.11444732	21338.80099939	6632.13274281	  155.07053471
25162.00000000	4.50651680	0.83328455	0.20806296	20194.70073853	8777.00894590	7128.29961753	21350.80204105	6623.88790817	  155.07039306
25164.00000000	4.50615789	0.83269400	0.20802307	20179.72343410	8775.68044764	7127.50500934	21351.97331596	6624.29634759	  155.07025147
25166.00000000	4.50579903	0.83210573	0.20806201	20165.14328728	8774.50016096	7126.26882941	21341.34939120	6621.42227052	  155.07011134
25168.00000000	4.50544024	0.83158513	0.20799700	20151.74665580	8773.23696497	7125.70618013	21328.62673853	6608.81469666	  155.06997179
25170.00000000	4.50508150	0.83106012	0.20789686	20138.25890086	8771.96915028	7125.38995934	21337.95070398	6605.71642669	  155.06983334
25172.00000000	4.50472281	0.83044480	0.20798181	20123.76906620	8771.05294851	7124.04049663	21345.33655287	6606.23377782	  155.06969391
25174.00000000	4.50436419	0.82994999	0.20788509	20107.39434064	8768.25346992	7122.45552870	21354.25342674	6601.40895292	  155.06955045
25176.00000000	4.50400562	0.82942880	0.20774275	20090.12511495	8765.29003801	7121.06192659	21343.86218435	6599.56564613	  155.06940735
25178.00000000	4.50364711	0.82902468	0.20775419	20074.95658013	8762.21229076	7118.48007973	21334.97916721	6584.04643956	  155.06926233
25180.00000000	4.50328865	0.82842714	0.20767478	20058.64355694	8760.32515435	7117.51208171	21333.87109331	6577.87956771	  155.06912010
25182.00000000	4.50293025	0.82788676	0.20770851	20042.18857937	8757.86999987	7115.27738521	21341.07414585	6577.91682544	  155.06897352
25184.00000000	4.50257191	0.82745098	0.20763135	20025.37531710	8754.33716675	7112.95596144	21354.52203537	6571.87317952	  155.06882516
25186.00000000	4.50221363	0.82692269	0.20753410	20007.49312208	8751.14171507	7111.05111508	21348.06559608	6571.36725061	  155.06867401
25188.00000000	4.50185540	0.82638784	0.20755658	19990.70096406	8748.47477197	7108.72422525	21339.48745325	6563.20693566	  155.06852273
25190.00000000	4.50149724	0.82597714	0.20741418	19976.14507630	8745.69587687	7107.47819295	21328.73337549	6558.97527127	  155.06837260
25192.00000000	4.50113912	0.82545287	0.20745095	19961.97626458	8744.07569132	7105.90025225	21339.10949128	6552.36166774	  155.06822352
25194.00000000	4.50078107	0.82495594	0.20734618	19947.85993990	8742.23539909	7105.14905157	21353.58473213	6552.53200998	  155.06807510
25196.00000000	4.50042307	0.82439636	0.20726485	19933.67919913	8740.91049012	7104.65003765	21352.00509168	6550.78216949	  155.06792770
25198.00000000	4.50006513	0.82392434	0.20731062	19920.35953876	8739.19396743	7102.92975681	21341.41527192	6539.42048964	  155.06777969
25200.00000000	4.49970724	0.82345339	0.20726621	19906.22514583	8737.10685864	7101.54880065	21327.86378752	6535.36956905	  155.06763316
25202.00000000	4.49934942	0.82298418	0.20713008	19892.25523746	8735.07287966	7100.86213785	21340.06466589	6531.59242324	  155.06748891
25204.00000000	4.49899165	0.82237659	0.20721000	19877.14327010	8733.74190751	7099.21278277	21348.96729037	6526.04224390	  155.06734490
25206.00000000	4.49863393	0.82189472	0.20702984	19863.37006077	8731.89674595	7098.99179180	21353.87996220	6532.47718517	  155.06720111
25208.00000000	4.49827628	0.82134595	0.20701993	19850.28686205	8730.93537143	7098.28057865	21343.20793156	6521.96176820	  155.06705585
25210.00000000	4.49791868	0.82071453	0.20706824	19837.06486838	8730.63079517	7097.69004755	21332.61074444	6513.35019738	  155.06691094
25212.00000000	4.49756114	0.82028685	0.20700749	19823.59845321	8728.43617495	7096.33697189	21336.50664868	6521.57989805	  155.06676203
25214.00000000	4.49720365	0.81963946	0.20687756	19807.10265143	8726.82075310	7095.94555971	21342.25705646	6511.26977813	  155.06661548
25216.00000000	4.49684622	0.81922050	0.20681679	19793.60515480	8724.52837626	7094.51265893	21354.62676132	6503.27363644	  155.06647067
25218.00000000	4.49648885	0.81860842	0.20685018	19778.47149804	8723.19548107	7093.19194918	21346.38711583	6491.53070119	  155.06632609
25220.00000000	4.49613153	0.81817717	0.20669386	19763.15908761	8720.20178806	7091.86619585	21337.88737422	6498.31971607	  155.06618009
25222.00000000	4.49577428	0.81764246	0.20672304	19746.83999350	8717.66140114	7089.59329790	21329.49548415	6486.38853609	  155.06603157
25224.00000000	4.49541708	0.81711485	0.20664448	19729.83621603	8714.75154144	7087.78363247	21338.83158174	6481.34030316	  155.06588609
25226.00000000	4.49505993	0.81667299	0.20659151	19712.99287129	8711.16000818	7085.23790737	21353.36010080	6476.98494585	  155.06574136
25228.00000000	4.49470284	0.81614694	0.20662566	19696.91179142	8708.63380154	7082.94134684	21350.49740243	6468.62150216	  155.06559860
25230.00000000	4.49434581	0.81573373	0.20654449	19680.86605101	8705.13570720	7080.67096044	21340.55589293	6465.51745705	  155.06545210
25232.00000000	4.49398884	0.81529600	0.20650227	19664.77496621	8701.82667437	7078.27830495	21327.11169395	6461.01106101	  155.06530356
25234.00000000	4.49363192	0.81486920	0.20653099	19648.44434791	8698.31184655	7075.21604613	21339.33501834	6465.21141010	  155.06515373
25236.00000000	4.49327506	0.81450771	0.20635621	19628.21277347	8692.49704464	7071.72215841	21349.37304248	6444.63590051	  155.06500167
25238.00000000	4.49291826	0.81410759	0.20633356	19602.63575415	8684.64435051	7065.49369666	21353.58591908	6450.43700195	  155.06484977
25240.00000000	4.49256151	0.81375736	0.20627304	19569.88707410	8673.17261180	7056.58775176	21342.85152082	6437.52526345	  155.06469709
25242.00000000	4.49220482	0.81339255	0.20639799	19534.27097760	8660.54677801	7045.43484149	21332.49868390	6417.93958127	  155.06454367
25244.00000000	4.49184819	0.81316084	0.20630416	19494.63884165	8644.97867703	7033.42999251	21336.84755406	6414.03031561	  155.06438876
25246.00000000	4.49149161	0.81280146	0.20621612	19465.12755437	8634.99451973	7025.92554749	21343.27570990	6399.24605367	  155.06423367
25248.00000000	4.49113509	0.81258805	0.20611926	19449.67120147	8629.97934170	7022.52510312	21355.18579269	6394.73191016	  155.06407931
25250.00000000	4.49077862	0.81234557	0.20606099	19445.38171181	8630.16850600	7023.08824702	21347.16731146	6402.69063521	  155.06392755
25252.00000000	4.49042222	0.81217403	0.20601230	19446.76413649	8632.26268301	7025.13451862	21338.77800506	6398.40611447	  155.06377829
25254.00000000	4.49006587	0.81188086	0.20601364	19442.42258133	8632.86598283	7025.61607774	21330.60482231	6400.06132980	  155.06362952
25256.00000000	4.48970957	0.81169676	0.20595750	19435.74837476	8631.49147389	7024.89177620	21339.78188551	6396.92517487	  155.06347854
25258.00000000	4.48935334	0.81150332	0.20581394	19424.86769418	8628.32815054	7023.32547735	21353.98523338	6405.20742809	  155.06332915
25260.00000000	4.48899715	0.81138425	0.20579226	19411.89966674	8623.59466011	7019.62465465	21350.51002701	6377.35573957	  155.06318015
25262.00000000	4.48864103	0.81111271	0.20579090	19396.02545406	8618.88268529	7015.79865256	21340.47153099	6385.00118983	  155.06303153
25264.00000000	4.48828496	0.81092213	0.20575854	19381.58825398	8614.10889166	7012.13970709	21327.21203067	6383.15989107	  155.06288384
25266.00000000	4.48792895	0.81073347	0.20573036	19368.52008831	8609.92496534	7008.93132600	21338.84495002	6376.11248344	  155.06273576
25268.00000000	4.48757300	0.81052932	0.20573050	19354.70066696	8605.53838283	7005.35949286	21348.32323863	6385.17895700	  155.06258657
25270.00000000	4.48721710	0.81034175	0.20572361	19340.75975197	8600.95307285	7001.67503248	21353.16317993	6371.11249941	  155.06243665
25272.00000000	4.48686126	0.81020003	0.20565974	19324.45192394	8594.91886648	6997.20970315	21342.04701344	6368.73875479	  155.06228890
25274.00000000	4.48650547	0.80995904	0.20565327	19306.92511621	8589.19321397	6992.59367707	21331.60073645	6369.88252125	  155.06213965
25276.00000000	4.48614974	0.80971470	0.20564882	19289.60332277	8583.58417650	6988.05833264	21334.82768215	6348.65467046	  155.06199343
25278.00000000	4.48579407	0.80952471	0.20554205	19273.82456176	8578.19247465	6984.41455372	21341.59484589	6356.51746238	  155.06184374
25280.00000000	4.48543846	0.80932716	0.20552245	19258.79227154	8573.19550866	6980.48283623	21353.46319953	6350.44551552	  155.06169183
25282.00000000	4.48508290	0.80910650	0.20542438	19242.91551637	8568.01830322	6976.95163802	21345.39378054	6349.04581213	  155.06153886
25284.00000000	4.48472739	0.80887655	0.20546574	19228.38300531	8563.51653093	6972.99741908	21337.16244057	6344.14888350	  155.06138240
25286.00000000	4.48437195	0.80851599	0.20537577	19214.17511790	8560.27493860	6970.98504489	21328.17686811	6340.62569290	  155.06122913
25288.00000000	4.48401656	0.80820747	0.20530964	19201.72932194	8557.36980786	6969.08008520	21337.83333296	6333.05511760	  155.06107273
25290.00000000	4.48366123	0.80787537	0.20532524	19188.73949518	8554.42122085	6966.57013636	21351.51899949	6334.40880488	  155.06091521
25292.00000000	4.48330595	0.80764071	0.20523326	19176.48696819	8550.96533063	6964.39626671	21349.69847985	6321.67402966	  155.06075375
25294.00000000	4.48295073	0.80723054	0.20522557	19161.86533784	8547.95084664	6961.99464257	21339.58542179	6325.25380116	  155.06059234
25296.00000000	4.48259556	0.80687081	0.20521668	19146.75808136	8544.28468774	6959.07055086	21326.25509058	6322.10855580	  155.06043159
25298.00000000	4.48224045	0.80650111	0.20511820	19131.69813624	8540.72103916	6956.85310273	21337.75992161	6310.90592491	  155.06027268
25300.00000000	4.48188540	0.80598441	0.20522486	19117.46957733	8538.78005332	6954.53028842	21347.41317839	6320.06632549	  155.06011500
25302.00000000	4.48153041	0.80574884	0.20496667	19104.33806497	8534.92520881	6953.18565209	21352.66167418	6299.13168010	  155.05995767
25304.00000000	4.48117547	0.80530218	0.20493387	19089.57351820	8532.13924765	6951.14399602	21341.70515166	6299.95204538	  155.05979984
25306.00000000	4.48082059	0.80484308	0.20495539	19075.52733177	8529.77636781	6949.06938624	21332.24750658	6301.54339049	  155.05964322
25308.00000000	4.48046576	0.80443083	0.20482570	19062.05914012	8527.26859727	6947.92738468	21335.09798958	6284.89898009	  155.05948728
25310.00000000	4.48011099	0.80393171	0.20491807	19046.92434883	8524.75199124	6945.23531429	21340.92783843	6290.69977972	  155.05933180
25312.00000000	4.47975627	0.80350017	0.20485487	19031.17295509	8521.37867684	6942.92584300	21353.54755143	6284.02370884	  155.05917681
25314.00000000	4.47940162	0.80306637	0.20478229	19014.94047731	8517.80464852	6940.51753933	21345.80080713	6287.92272030	  155.05902120
25316.00000000	4.47904701	0.80257669	0.20474515	18996.63240820	8513.77152714	6937.48892980	21336.99798347	6275.69024735	  155.05886448
25318.00000000	4.47869247	0.80216005	0.20464915	18978.43350634	8509.15980565	6934.39672087	21327.81141851	6270.56784627	  155.05870282
25320.00000000	4.47833798	0.80170126	0.20460560	18961.74516924	8505.57882410	6931.78031718	21337.91214042	6264.45011652	  155.05854423
25322.00000000	4.47798355	0.80121334	0.20463950	18946.56420619	8502.91686671	6929.37601687	21351.73366404	6260.19051698	  155.05838572
25324.00000000	4.47762917	0.80068425	0.20460403	18932.44343946	8501.07632219	6928.12180474	21349.67670626	6257.71937879	  155.05823050
25326.00000000	4.47727485	0.80015810	0.20461497	18917.25940538	8498.72880925	6926.13285439	21339.56800752	6248.56713066	  155.05807078
25328.00000000	4.47692058	0.79968831	0.20455613	18899.60765142	8494.78847283	6923.32903137	21326.68366669	6247.19584102	  155.05791090
25330.00000000	4.47656637	0.79928936	0.20432474	18878.71248589	8488.78264409	6920.03525387	21337.72776554	6240.75367931	  155.05775048
25332.00000000	4.47621222	0.79883597	0.20432184	18857.82778497	8483.23724747	6915.53468687	21346.07693093	6232.03224638	  155.05759256
25334.00000000	4.47585813	0.79835893	0.20442199	18837.72794821	8478.23877181	6910.76776780	21352.69957761	6229.11445563	  155.05743672
25336.00000000	4.47550408	0.79792677	0.20435123	18821.41669283	8474.55916872	6908.25727874	21342.44148034	6219.58165170	  155.05727731
25338.00000000	4.47515010	0.79742563	0.20422776	18807.08866149	8472.35255778	6907.31131903	21332.97314559	6218.69181260	  155.05711632
25340.00000000	4.47479617	0.79699038	0.20428132	18795.70363954	8470.90997063	6905.76531191	21333.09085007	6207.55665430	  155.05695045
25342.00000000	4.47444230	0.79655076	0.20416867	18780.63935549	8467.84249931	6904.04233729	21339.53203192	6207.77779035	  155.05678377
25344.00000000	4.47408848	0.79612690	0.20410293	18764.49013493	8464.14797617	6901.48375285	21353.00283490	6202.87880394	  155.05661557
25346.00000000	4.47373472	0.79561554	0.20413425	18747.47191486	8460.79696059	6898.53537323	21346.82549616	6200.76805714	  155.05644648
25348.00000000	4.47338102	0.79517230	0.20405837	18732.63390368	8457.84849946	6896.65462324	21337.81818611	6195.57577001	  155.05627662
25350.00000000	4.47302737	0.79466204	0.20406687	18719.12635765	8456.06349151	6895.14047430	21326.06649227	6184.56147124	  155.05610698
25352.00000000	4.47267378	0.79421618	0.20397882	18705.89852480	8453.85642124	6893.94781138	21337.20865302	6176.30797897	  155.05593623
25354.00000000	4.47232024	0.79384713	0.20394556	18692.75288382	8451.03378744	6891.87521503	21349.45224027	6185.80730009	  155.05576580
25356.00000000	4.47196676	0.79349321	0.20379863	18677.27331803	8447.02445096	6889.61784240	21351.11181542	6174.55291526	  155.05559829
25358.00000000	4.47161334	0.79300438	0.20381943	18660.60150137	8443.61093243	6886.69042904	21340.03586526	6170.64522750	  155.05543474
25360.00000000	4.47125997	0.79253044	0.20381340	18644.52784383	8440.33710214	6884.06176792	21328.25246946	6163.27281090	  155.05527251
25362.00000000	4.47090666	0.79209192	0.20382699	18629.09750037	8437.05083170	6881.28791634	21336.65185168	6161.48641931	  155.05511074
25364.00000000	4.47055340	0.79173898	0.20365711	18614.46819891	8433.40121903	6879.47983968	21343.55767581	6152.67959602	  155.05494618
25366.00000000	4.47020020	0.79127191	0.20362524	18597.15934661	8429.49559562	6876.51305907	21353.10745535	6152.56925275	  155.05478142
25368.00000000	4.46984705	0.79078445	0.20363496	18579.78003605	8425.72428277	6873.36970601	21343.82314624	6148.45512724	  155.05461818
25370.00000000	4.46949396	0.79039684	0.20357642	18560.88445466	8420.41858824	6869.44362968	21335.02287881	6142.15603991	  155.05445304
25372.00000000	4.46914093	0.78998012	0.20355448	18541.31866896	8415.04830653	6865.21317147	21329.80400489	6131.72899029	  155.05428904
25374.00000000	4.46878795	0.78949647	0.20353953	18518.65009226	8408.82597191	6860.23936771	21338.48297475	6126.81404966	  155.05411971
25376.00000000	4.46843503	0.78904189	0.20350624	18495.46762146	8402.11802447	6854.99496772	21352.08437065	6122.98326176	  155.05395114
25378.00000000	4.46808217	0.78879119	0.20335440	18475.88224445	8395.32518288	6850.49305883	21348.33541027	6107.29483380	  155.05378193
25380.00000000	4.46772936	0.78824918	0.20346168	18459.69120210	8392.51569945	6847.46587735	21338.94249317	6107.85144991	  155.05361398
25382.00000000	4.46737660	0.78796593	0.20331122	18447.51993116	8389.35813332	6845.91959698	21326.14330117	6105.38272257	  155.05344938
25384.00000000	4.46702390	0.78757704	0.20335019	18435.31301096	8387.06782586	6843.78390394	21337.15104525	6099.80427282	  155.05328455
25386.00000000	4.46667126	0.78716364	0.20321273	18419.78273248	8383.46735727	6841.78641243	21347.13181357	6101.94793689	  155.05311944
25388.00000000	4.46631867	0.78672377	0.20323414	18403.29841101	8379.64993655	6838.52458228	21352.68980726	6085.74153084	  155.05295201
25390.00000000	4.46596614	0.78637387	0.20317906	18386.45326716	8374.90964456	6835.03249916	21341.73798061	6086.73993457	  155.05278708
25392.00000000	4.46561367	0.78605867	0.20312555	18371.28386957	8370.63805989	6831.91191068	21331.77563734	6088.23120579	  155.05262195
25394.00000000	4.46526125	0.78572092	0.20312579	18356.89373262	8366.90681554	6828.86493011	21334.21977866	6071.00998986	  155.05245965
25396.00000000	4.46490888	0.78537839	0.20307491	18343.70349525	8363.75917421	6826.64322362	21341.39094437	6068.68964820	  155.05229381
25398.00000000	4.46455657	0.78511939	0.20299607	18330.51729349	8359.91196981	6824.04104579	21353.43303608	6066.15978917	  155.05212581
25400.00000000	4.46420432	0.78483861	0.20293530	18316.82923675	8356.01512962	6821.27468113	21346.61052606	6071.97920207	  155.05195650
25402.00000000	4.46385212	0.78442074	0.20296837	18302.43507147	8352.93831268	6818.53743004	21337.97672489	6055.98298203	  155.05178585
25404.00000000	4.46349998	0.78416253	0.20289069	18288.96131291	8348.94465705	6815.80685451	21327.80937212	6061.23595213	  155.05161778
25406.00000000	4.46314789	0.78391092	0.20281511	18275.24162553	8344.78097905	6812.92265292	21338.17895691	6057.59147337	  155.05145108
25408.00000000	4.46279586	0.78361454	0.20285585	18258.87218911	8339.77774214	6808.56048114	21351.57273219	6048.85332376	  155.05128570
25410.00000000	4.46244389	0.78328041	0.20273782	18242.22298528	8334.95767342	6805.42863429	21351.48130809	6034.99393071	  155.05112109
25412.00000000	4.46209197	0.78300451	0.20275998	18226.17044845	8329.92116149	6801.16559452	21340.16999144	6042.05298297	  155.05095712
25414.00000000	4.46174011	0.78274160	0.20267567	18209.82908418	8324.64092940	6797.42750877	21327.90043750	6035.94616706	  155.05079438
25416.00000000	4.46138830	0.78241908	0.20270349	18193.92417772	8320.05296574	6793.49221073	21338.24360998	6028.36010164	  155.05063467
25418.00000000	4.46103654	0.78211056	0.20261897	18178.97862247	8315.78355663	6790.58008433	21345.10936665	6029.89642152	  155.05047583
25420.00000000	4.46068485	0.78186651	0.20259388	18162.93048351	8310.47049338	6786.41179492	21353.22138626	6025.22622574	  155.05031786
25422.00000000	4.46033321	0.78155565	0.20256484	18145.72015944	8305.17718667	6782.28615355	21343.57500970	6019.69913669	  155.05015803
25424.00000000	4.45998162	0.78128427	0.20254915	18129.87706939	8300.17812692	6778.31010496	21334.41518319	6030.65155249	  155.04999781
25426.00000000	4.45963009	0.78099295	0.20251164	18111.29384100	8294.08624431	6773.58928985	21331.63098204	6011.59632386	  155.04983238
25428.00000000	4.45927861	0.78064845	0.20246491	18093.52928823	8288.80600312	6769.59338836	21338.93244407	6003.34975652	  155.04966940
25430.00000000	4.45892719	0.78029696	0.20241140	18076.67759630	8283.99729195	6766.02802868	21353.59371208	5997.37522676	  155.04950678
25432.00000000	4.45857583	0.78000946	0.20241940	18058.93152454	8278.24442680	6761.27528005	21348.65545163	5992.55740724	  155.04934556
25434.00000000	4.45822452	0.77965483	0.20240433	18041.46120193	8273.16941111	6757.23203159	21339.35866747	5989.63085619	  155.04917984
25436.00000000	4.45787327	0.77935559	0.20228300	18021.55230520	8266.51321850	6752.61476875	21326.39374013	5983.07478068	  155.04901263
25438.00000000	4.45752207	0.77902195	0.20214921	17999.48389359	8259.14550985	6747.49905935	21338.89971812	5967.67434527	  155.04884663
25440.00000000	4.45717093	0.77856586	0.20234523	17976.25176606	8252.24829995	6740.54278566	21348.63797009	5960.51352897	  155.04868356
25442.00000000	4.45681984	0.77836025	0.20211150	17954.20324686	8243.82139814	6735.23363112	21352.80493773	5961.35028733	  155.04852402
25444.00000000	4.45646881	0.77803960	0.20216582	17934.83399541	8237.56885694	6729.75970104	21342.00173757	5955.40441455	  155.04836009
25446.00000000	4.45611783	0.77770367	0.20201222	17918.22462280	8232.70519909	6726.81943502	21332.04169378	5946.71218362	  155.04819542
25448.00000000	4.45576691	0.77728627	0.20197681	17905.59772609	8230.33828282	6725.12362002	21335.18799537	5943.70854424	  155.04802857
25450.00000000	4.45541604	0.77703728	0.20197139	17895.28336248	8227.64563343	6722.95984770	21341.40911048	5940.29445614	  155.04786131
25452.00000000	4.45506523	0.77669582	0.20188448	17883.33350289	8224.95949504	6721.34911372	21353.75841779	5942.07240566	  155.04769335
25454.00000000	4.45471448	0.77630490	0.20194698	17871.00186978	8222.50155381	6718.92050977	21346.60696180	5934.46763204	  155.04752492
25456.00000000	4.45436378	0.77593306	0.20193026	17857.67590040	8219.42598369	6716.51967989	21337.89964386	5930.97993670	  155.04735581
25458.00000000	4.45401313	0.77558510	0.20184463	17844.37398319	8216.16188963	6714.42737826	21326.97368648	5926.31161847	  155.04718473
25460.00000000	4.45366254	0.77529252	0.20176859	17829.81988113	8211.86291060	6711.42446107	21337.73730709	5926.35725872	  155.04701218
25462.00000000	4.45331201	0.77485519	0.20175030	17813.59752513	8207.98023123	6708.37386475	21349.92012659	5913.81767987	  155.04683921
25464.00000000	4.45296153	0.77453024	0.20173577	17796.37767571	8202.71085189	6704.16460816	21350.97371832	5919.84213092	  155.04666715
25466.00000000	4.45261110	0.77417654	0.20169180	17778.53211403	8197.38439123	6700.10585743	21340.09812535	5909.89854494	  155.04649866
25468.00000000	4.45226074	0.77377791	0.20160198	17759.87077038	8192.04492184	6696.34308435	21328.43478020	5907.00573382	  155.04633075
25470.00000000	4.45191042	0.77331024	0.20161427	17741.19420877	8187.25810776	6692.34798536	21336.50588850	5896.89855472	  155.04616307
25472.00000000	4.45156016	0.77308461	0.20161687	17724.79517819	8181.53596679	6687.65326193	21343.51146067	5894.33334314	  155.04599250
25474.00000000	4.45120996	0.77262109	0.20152799	17706.55460486	8176.90568471	6684.46252127	21353.35339831	5889.72046755	  155.04582284
25476.00000000	4.45085981	0.77218334	0.20154457	17689.01368003	8172.38190353	6680.65370375	21344.34328288	5879.09206129	  155.04565579
25478.00000000	4.45050972	0.77196939	0.20150404	17672.66556136	8166.57606789	6676.17819576	21335.66499580	5873.49923977	  155.04548839
25480.00000000	4.45015968	0.77148946	0.20132986	17654.97140306	8162.31594101	6673.85787209	21329.15600910	5872.45207302	  155.04532317
25482.00000000	4.44980970	0.77113333	0.20139036	17637.75216855	8157.25964524	6669.32009701	21338.47570190	5867.13161416	  155.04515397
25484.00000000	4.44945977	0.77076479	0.20129959	17619.05614652	8151.61660372	6665.31140674	21351.64206794	5862.18441725	  155.04498570
25486.00000000	4.44910990	0.77041058	0.20117869	17599.17355412	8145.30236848	6660.95371852	21349.77079363	5847.86939255	  155.04481655
25488.00000000	4.44876008	0.76993467	0.20124364	17578.50829752	8139.61076642	6655.86697683	21339.89007523	5847.79809093	  155.04464807
25490.00000000	4.44841032	0.76953693	0.20108286	17556.31636013	8132.56898874	6651.17812056	21327.40031003	5840.48916284	  155.04448066
25492.00000000	4.44806061	0.76909165	0.20104626	17532.34553846	8125.08213161	6645.29826688	21337.03420390	5833.19182119	  155.04431358
25494.00000000	4.44771096	0.76865308	0.20103334	17500.96779634	8114.09845516	6636.40070465	21345.76201771	5814.32835291	  155.04414361
25496.00000000	4.44736136	0.76821155	0.20096719	17455.79726343	8096.72987738	6622.63333580	21353.71499095	5813.04791608	  155.04396988
25498.00000000	4.44701182	0.76780579	0.20082470	17395.63453193	8072.09855812	6603.42721415	21343.42247506	5793.12396288	  155.04379670
25500.00000000	4.44666233	0.76736033	0.20077640	17326.28111494	8043.49878960	6580.34884445	21334.41050763	5760.29316813	  155.04362229
25502.00000000	4.44631290	0.76697405	0.20081932	17264.66437861	8017.99058956	6559.19918925	21331.60015482	5746.76752564	  155.04345027
25504.00000000	4.44596352	0.76666150	0.20069126	17223.32063435	8001.29032992	6546.37566636	21339.65916672	5731.46739067	  155.04327535
25506.00000000	4.44561420	0.76629943	0.20073478	17201.97528415	7994.26804418	6540.34562421	21352.39449396	5728.41448857	  155.04309841
25508.00000000	4.44526493	0.76599202	0.20047988	17198.89660535	7995.29470224	6542.85312390	21348.37691593	5728.47707306	  155.04291832
25510.00000000	4.44491572	0.76551830	0.20066454	17205.05199656	8001.94602908	6547.08704767	21338.66015705	5723.96460830	  155.04273707
25512.00000000	4.44456656	0.76509385	0.20062022	17204.36889802	8005.02531799	6549.89679616	21325.82026651	5726.66365198	  155.04255744
25514.00000000	4.44421746	0.76466482	0.20062783	17196.00663688	8004.56787059	6549.47262426	21337.09078259	5723.65188024	  155.04237949
25516.00000000	4.44386841	0.76418801	0.20046769	17178.10814110	8000.04990866	6546.82429930	21347.74807452	5724.11116713	  155.04220203
25518.00000000	4.44351942	0.76381142	0.20047100	17159.12116742	7994.21745392	6542.02967229	21351.64899273	5710.03956908	  155.04202481
25520.00000000	4.44317048	0.76341256	0.20041022	17137.04211389	7987.11616138	6536.61563483	21340.45598184	5702.93816756	  155.04184624
25522.00000000	4.44282160	0.76300128	0.20048127	17113.94227986	7979.63113610	6530.02595186	21331.32926054	5706.65953174	  155.04166828
25524.00000000	4.44247277	0.76260978	0.20045925	17088.79273507	7971.02483057	6523.12673901	21333.82023627	5691.13724101	  155.04149160
25526.00000000	4.44212400	0.76221233	0.20034463	17064.44687100	7962.83299504	6517.16983931	21339.93937278	5686.85358157	  155.04131567
25528.00000000	4.44177528	0.76183265	0.20025397	17043.11580969	7955.89931556	6512.08532783	21352.46989377	5680.32386654	  155.04114088
25530.00000000	4.44142662	0.76145093	0.20026109	17025.07990372	7950.51428965	6507.63123566	21346.00516928	5673.58765284	  155.04096675
25532.00000000	4.44107801	0.76096019	0.20030435	17011.32864694	7947.99207543	6505.28533061	21336.93851043	5671.38766532	  155.04078950
25534.00000000	4.44072945	0.76060900	0.20018902	17000.69641329	7945.81444360	6504.25309930	21325.63699494	5662.61991335	  155.04060910
25536.00000000	4.44038095	0.76018794	0.20008859	16991.91937262	7945.05687067	6504.28616013	21336.95691790	5666.03515159	  155.04043223
25538.00000000	4.44003251	0.75990122	0.20000430	16986.42263542	7944.76431185	6504.59488139	21349.64517688	5652.67959298	  155.04025602
25540.00000000	4.43968412	0.75957861	0.19998386	16983.33220559	7945.88187338	6505.64287430	21350.25255259	5663.95383745	  155.04008520
25542.00000000	4.43933578	0.75924387	0.19988834	16982.19778287	7948.01122963	6508.00789339	21339.41183956	5660.39857959	  155.03990960
25544.00000000	4.43898750	0.75886992	0.19992535	16984.32696685	7951.98078733	6511.01725443	21328.48862785	5662.30005992	  155.03973465
25546.00000000	4.43863928	0.75859878	0.19980700	16988.31479654	7956.00479453	6515.08306228	21334.96587879	5662.34649686	  155.03955759
25548.00000000	4.43829110	0.75829588	0.19980583	16993.17003840	7960.68949484	6518.92697006	21341.06752088	5667.22061293	  155.03938548
25550.00000000	4.43794299	0.75794499	0.19979346	16993.49220443	7963.63432644	6521.41911744	21352.14233102	5664.78614306	  155.03921446
25552.00000000	4.43759493	0.75753188	0.19981862	16989.97639489	7965.27655212	6522.59985018	21344.47087658	5668.80469416	  155.03904402
25554.00000000	4.43724692	0.75723456	0.19976420	16982.06990215	7963.93733959	6521.85810196	21336.23028194	5663.96914208	  155.03887039
25556.00000000	4.43689897	0.75689381	0.19972336	16969.64817133	7960.82419215	6519.57489895	21326.38710582	5662.95076795	  155.03869259
25558.00000000	4.43655107	0.75656361	0.19969660	16956.30069799	7957.18963284	6516.77278052	21336.74929933	5659.02144884	  155.03851461
25560.00000000	4.43620323	0.75626824	0.19971758	16942.57708428	7953.09825297	6513.28537636	21349.61556730	5654.72610580	  155.03833494
25562.00000000	4.43585544	0.75585824	0.19962111	16927.74131281	7949.39265900	6510.87870599	21349.69266346	5649.53022983	  155.03815379
25564.00000000	4.43550770	0.75552245	0.19962055	16911.83287528	7944.58926928	6506.94817203	21338.73772176	5644.51727556	  155.03797172
25566.00000000	4.43516002	0.75523663	0.19955371	16894.84280836	7938.87666970	6502.70390257	21327.43593786	5633.26275692	  155.03778753
25568.00000000	4.43481240	0.75488737	0.19952006	16876.33020464	7932.94778488	6498.06627415	21334.55550033	5632.88007164	  155.03760047
25570.00000000	4.43446483	0.75449280	0.19949673	16857.35983968	7927.15770371	6493.47493509	21341.92428717	5627.35245287	  155.03741066
25572.00000000	4.43411731	0.75414310	0.19943750	16839.43181823	7921.49670849	6489.22214475	21351.86996461	5627.01971165	  155.03722013
25574.00000000	4.43376985	0.75382225	0.19941590	16822.35309987	7916.00210284	6484.86104016	21343.49463637	5619.57441464	  155.03703160
25576.00000000	4.43342244	0.75354505	0.19927093	16805.63955805	7910.32970760	6481.15366045	21335.34319206	5614.68341799	  155.03684556
25578.00000000	4.43307509	0.75313981	0.19929289	16787.92571275	7905.19481801	6476.80431731	21327.15078302	5607.77576134	  155.03665988
25580.00000000	4.43272779	0.75279307	0.19927572	16769.29798966	7899.16175182	6471.97250253	21336.73258514	5602.11148307	  155.03647136
25582.00000000	4.43238055	0.75249056	0.19913189	16750.35543178	7892.62613356	6467.54782338	21350.12164620	5593.37537028	  155.03628470
25584.00000000	4.43203336	0.75208072	0.19910537	16731.59671087	7887.01889197	6463.12444095	21348.74841565	5584.27359366	  155.03609787
25586.00000000	4.43168623	0.75174934	0.19907358	16711.49656619	7880.15491146	6457.70495290	21338.28228804	5585.96830982	  155.03591456
25588.00000000	4.43133914	0.75149438	0.19907945	16692.69843687	7873.29790013	6452.04782483	21326.28779974	5577.78511719	  155.03573302
25590.00000000	4.43099212	0.75110873	0.19914144	16674.15409727	7867.58483796	6446.96637682	21334.77374359	5579.55153857	  155.03555321
25592.00000000	4.43064515	0.75077397	0.19896731	16655.73938924	7861.52724174	6443.12442441	21342.52222409	5569.95462948	  155.03537012
25594.00000000	4.43029823	0.75047630	0.19886796	16637.48051570	7855.24694335	6438.61688816	21351.85085561	5563.04031112	  155.03518927
25596.00000000	4.42995137	0.75020039	0.19873977	16619.69227806	7849.01371541	6434.33254456	21342.40922406	5556.79588420	  155.03501166
25598.00000000	4.42960456	0.74975968	0.19888834	16600.23137985	7843.27876858	6428.67604683	21334.13794462	5547.29401761	  155.03483446
25600.00000000	4.42925781	0.74949719	0.19887396	16584.33130238	7837.82336008	6424.29699326	21327.52869550	5543.88266678	  155.03466378
25602.00000000	4.42891111	0.74919178	0.19883689	16566.37486406	7831.72861900	6419.53937742	21336.89829962	5540.33932560	  155.03448995
25604.00000000	4.42856446	0.74887248	0.19873155	16547.59913282	7825.35061478	6414.98714022	21349.44876196	5535.80857421	  155.03431652
25606.00000000	4.42821787	0.74850883	0.19879223	16528.61856735	7819.21765727	6409.57058351	21348.54044020	5533.13846445	  155.03414006
25608.00000000	4.42787133	0.74826839	0.19866799	16508.62142854	7811.63562426	6404.15103670	21338.36037148	5521.96878861	  155.03396161
25610.00000000	4.42752485	0.74790887	0.19870119	16489.38361965	7805.33818503	6398.77580980	21326.26240137	5517.72370473	  155.03378365
25612.00000000	4.42717842	0.74763030	0.19858853	16470.13144546	7798.39716717	6393.80586910	21335.07677010	5517.11694322	  155.03360588
25614.00000000	4.42683205	0.74724956	0.19863797	16454.48953234	7793.95782393	6389.85018546	21343.33192771	5509.90669128	  155.03342327
25616.00000000	4.42648573	0.74693693	0.19861157	16441.05527657	7790.02952637	6386.79823478	21352.02458885	5497.55068892	  155.03323321
25618.00000000	4.42613946	0.74657604	0.19860232	16427.87108333	7786.59225868	6384.03916110	21342.54345804	5497.21526246	  155.03304123
25620.00000000	4.42579325	0.74613967	0.19858703	16413.48545920	7783.16924055	6381.33027508	21334.50217191	5499.72667337	  155.03284714
25622.00000000	4.42544710	0.74588412	0.19846672	16398.36008460	7777.98425068	6377.84644895	21329.14033587	5489.46644263	  155.03265332
25624.00000000	4.42510099	0.74552236	0.19845048	16380.52805208	7772.33748417	6373.31964667	21337.74905684	5484.08553311	  155.03245965
25626.00000000	4.42475495	0.74520866	0.19832907	16361.79238815	7765.88345513	6368.80057276	21350.87991989	5477.95254975	  155.03226659
25628.00000000	4.42440895	0.74488720	0.19836515	16341.18398809	7758.59567145	6362.59429653	21349.42846401	5475.53133196	  155.03207338
25630.00000000	4.42406301	0.74446167	0.19822414	16317.20357536	7750.50745000	6356.85769953	21338.50044885	5465.51358653	  155.03187979
25632.00000000	4.42371712	0.74414286	0.19817876	16285.52095315	7737.92506946	6346.82581379	21326.09933463	5456.11045418	  155.03168713
25634.00000000	4.42337129	0.74373356	0.19810254	16240.85934437	7719.86353026	6332.49392965	21336.91699270	5450.12275049	  155.03149812
25636.00000000	4.42302552	0.74338500	0.19808879	16177.19152334	7692.28071427	6309.95490156	21345.47494442	5422.28440748	  155.03131049
25638.00000000	4.42267979	0.74312311	0.19806952	16112.70140337	7663.62231603	6286.56767401	21352.01495863	5404.75170199	  155.03112673
25640.00000000	4.42233412	0.74274366	0.19805454	16052.43298211	7637.85469378	6265.52400902	21342.36996159	5383.96269642	  155.03094189
25642.00000000	4.42198851	0.74242063	0.19805357	16009.27887135	7619.78272060	6250.70516879	21333.83995591	5354.91725259	  155.03075890
25644.00000000	4.42164295	0.74220963	0.19785334	16002.64634348	7618.23317464	6250.68551637	21329.96734077	5368.44505675	  155.03057016
25646.00000000	4.42129744	0.74186394	0.19788390	16020.92336110	7629.57112014	6259.79683386	21337.52476694	5364.72630438	  155.03038681
25648.00000000	4.42095198	0.74157990	0.19788504	16046.91352245	7644.11925790	6271.72596391	21351.55420301	5379.84297457	  155.03020391
25650.00000000	4.42060659	0.74121363	0.19791298	16064.11795657	7655.11807987	6280.57459765	21347.93007825	5385.20382873	  155.03002429
25652.00000000	4.42026124	0.74075874	0.19786546	16066.97865317	7659.96494694	6284.84982494	21338.19023838	5390.06418241	  155.02983702
25654.00000000	4.41991595	0.74032328	0.19786632	16064.13344694	7661.94422209	6286.46836275	21325.82061140	5387.69998268	  155.02964707
25656.00000000	4.41957071	0.74004717	0.19761146	16058.46278086	7661.35466108	6287.58690036	21336.90262154	5387.73802178	  155.02945532
25658.00000000	4.41922553	0.73961869	0.19777176	16053.48363698	7662.26158842	6287.32326696	21344.66349998	5384.63341424	  155.02926507
25660.00000000	4.41888040	0.73934749	0.19763297	16048.78377912	7662.09603570	6288.06010445	21352.14363250	5380.55424514	  155.02907664
25662.00000000	4.41853532	0.73890988	0.19762010	16044.18742061	7663.25440859	6289.09166688	21342.48027458	5380.71825234	  155.02888511
25664.00000000	4.41819030	0.73856620	0.19762486	16041.03581510	7664.38273267	6289.98772530	21334.60730078	5387.91205282	  155.02869162
25666.00000000	4.41784533	0.73811077	0.19748356	16033.92043478	7664.47280681	6290.95051473	21329.58614475	5378.12849272	  155.02849582
25668.00000000	4.41750042	0.73773604	0.19748084	16027.18016019	7664.12229408	6290.67990712	21337.94578545	5378.14271355	  155.02830164
25670.00000000	4.41715556	0.73739259	0.19734437	16018.48159640	7662.59400446	6290.28389048	21351.26219446	5365.84309723	  155.02810811
25672.00000000	4.41681076	0.73686407	0.19749509	16007.03718220	7661.16742104	6288.16494860	21348.68607164	5370.85917304	  155.02791625
25674.00000000	4.41646600	0.73658505	0.19732831	15993.45203146	7656.80148521	6285.62967581	21338.43423818	5363.08312383	  155.02772706
25676.00000000	4.41612131	0.73624627	0.19727965	15977.88211086	7651.93936127	6281.94394484	21326.14658676	5359.89456178	  155.02753760
25678.00000000	4.41577666	0.73574290	0.19726864	15960.57294891	7647.49838942	6278.36718970	21335.43691393	5360.69264024	  155.02734879
25680.00000000	4.41543207	0.73538957	0.19721035	15942.48172524	7641.52955779	6273.83267662	21343.68021413	5350.18338004	  155.02716048
25682.00000000	4.41508754	0.73511650	0.19718359	15924.22313169	7634.86241860	6268.52654812	21351.89832451	5342.21643033	  155.02697596
25684.00000000	4.41474305	0.73466332	0.19717716	15905.39926833	7629.29399337	6263.99495332	21342.49542318	5337.31612584	  155.02679563
25686.00000000	4.41439862	0.73430962	0.19716501	15887.95970517	7623.62476270	6259.41626814	21334.45419432	5336.96557827	  155.02661896
25688.00000000	4.41405425	0.73396293	0.19701573	15871.31339374	7618.27799797	6255.96013134	21328.46695692	5322.65962977	  155.02644434
25690.00000000	4.41370993	0.73362496	0.19704343	15856.48444510	7613.73282867	6252.05453378	21336.99860736	5322.77452268	  155.02626661
25692.00000000	4.41336566	0.73311476	0.19707684	15840.20204276	7609.79612348	6248.61312217	21350.56950325	5318.29736442	  155.02609016
25694.00000000	4.41302145	0.73284182	0.19696251	15824.82154684	7604.48247365	6244.96387905	21348.28872603	5313.87907821	  155.02591493
25696.00000000	4.41267729	0.73249046	0.19687350	15809.00025844	7599.54937230	6241.46824552	21338.10460427	5308.42164513	  155.02574053
25698.00000000	4.41233318	0.73217620	0.19679483	15792.33142222	7593.92257796	6237.33764824	21325.97211919	5300.54705036	  155.02556683
25700.00000000	4.41198913	0.73185114	0.19682958	15775.71418404	7588.39828864	6232.58364143	21335.29931101	5301.97270640	  155.02539326
