#This file has been produced by quickread.moulinex (v 2.0.12 - February 26th, 2021)
#E. Fonda, C. La Fontaine - Synchrotron SOLEIL. Covered by GPL licence.
#Interpolate over grid = 24000, 2, 24300, 0.8, 24500, 2, 25700
#Average 10000 = 837 scans - Elapsed time 418.59 s (exposure 209.29 s)
#No smoothing
#Dark = 	0	0	0
#offset = 0 
#findedges_version = 5 - method = cubic - ytol = 0.007500 
#d=3.1356 
#Data from HDF File: /nfs/ruche-rock/rock-soleil/com-rock/2021/Projets/20210921_Maria/c1/ks_0921_03_001/ks_0921_03_001_23936.nxs to ks_0921_03_001_24019.nxs
#Direction is increasing angle
#Time at start=2021-09-23 06:47:55.096
#Time from start (seconds)=212.718187364
#Z0=Z+DeltaZ0+offset=4.433639
#Sample temperature (C)=nan
#Resistor temperature (C)=nan
#Energy	Angle	mux	mus	I0	I1	I2	Direction	iFluo1	Time
24000.00000000	4.72519180	-0.14743036	0.47880336	26463.33573337	30667.10493349	18999.01657465	21344.57391163	716.85633634	  212.79105953
24002.00000000	4.72479717	-0.14755904	0.47870001	26459.28415165	30666.35544758	19000.51586725	21356.15255563	716.86588689	  212.79064045
24004.00000000	4.72440261	-0.14768952	0.47860436	26453.17945371	30663.28077970	19000.42821356	21346.40355714	718.97025506	  212.79022910
24006.00000000	4.72400811	-0.14781104	0.47851960	26447.66373974	30660.61315116	19000.38550532	21336.05255343	715.26747580	  212.78981351
24008.00000000	4.72361368	-0.14791645	0.47842777	26441.65027306	30656.87312988	18999.81245725	21336.98561977	718.63471122	  212.78937871
24010.00000000	4.72321932	-0.14806450	0.47832005	26432.84100337	30651.19703052	18998.34118453	21347.01258177	715.73027351	  212.78894272
24012.00000000	4.72282502	-0.14816163	0.47819881	26425.05317252	30645.14260481	18996.89150920	21356.25434663	717.43660357	  212.78851629
24014.00000000	4.72243079	-0.14830158	0.47810858	26417.10905055	30640.21755969	18995.55239260	21344.42306918	717.70252329	  212.78810085
24016.00000000	4.72203662	-0.14842034	0.47802080	26410.83723607	30636.58141785	18994.96534342	21332.86486886	717.75867797	  212.78769809
24018.00000000	4.72164252	-0.14856697	0.47793443	26404.36222474	30633.56196166	18994.73388808	21338.88019295	717.25558985	  212.78731079
24020.00000000	4.72124848	-0.14867787	0.47784600	26400.06154375	30631.96934119	18995.42603185	21349.02526635	712.73240629	  212.78692841
24022.00000000	4.72085451	-0.14879709	0.47775980	26393.49759567	30628.00436393	18994.60453824	21354.46522576	717.70305454	  212.78654602
24024.00000000	4.72046061	-0.14892015	0.47765487	26386.46356594	30623.61002475	18993.87212192	21342.45273704	718.99083810	  212.78616192
24026.00000000	4.72006677	-0.14906223	0.47758862	26378.96443488	30619.25677315	18992.43034443	21330.41366360	717.60573217	  212.78577372
24028.00000000	4.71967300	-0.14918570	0.47745811	26370.13183291	30612.78386387	18990.89376772	21339.83052858	717.67313625	  212.78538356
24030.00000000	4.71927930	-0.14931662	0.47735440	26359.17693548	30604.07304021	18987.45888001	21350.79092497	722.29426671	  212.78499692
24032.00000000	4.71888566	-0.14945831	0.47728610	26347.71882609	30595.10442456	18983.19105772	21352.39306450	719.98943273	  212.78462105
24034.00000000	4.71849208	-0.14955170	0.47717265	26341.20525889	30590.39754297	18982.42412068	21341.64668846	719.55941801	  212.78426200
24036.00000000	4.71809857	-0.14969883	0.47706408	26335.97173003	30588.81994261	18983.50615879	21330.14131939	719.17561399	  212.78391594
24038.00000000	4.71770513	-0.14979475	0.47698190	26330.15180847	30584.99371557	18982.69146671	21341.58559106	719.46355546	  212.78357534
24040.00000000	4.71731175	-0.14994477	0.47691528	26323.63580937	30582.01228124	18982.10562840	21354.30746264	721.50381892	  212.78324401
24042.00000000	4.71691844	-0.15001321	0.47681021	26319.60806142	30579.42589925	18982.49461427	21350.94400463	722.07538505	  212.78292369
24044.00000000	4.71652520	-0.15015087	0.47675378	26314.55757878	30577.76687906	18982.53581609	21340.28012487	719.85613894	  212.78261616
24046.00000000	4.71613202	-0.15027252	0.47663253	26307.80441169	30573.63875647	18982.27469695	21331.63259526	719.99470893	  212.78231722
24048.00000000	4.71573890	-0.15037864	0.47655601	26299.91117383	30567.70923145	18980.04552875	21342.99448976	719.95528045	  212.78200322
24050.00000000	4.71534585	-0.15051525	0.47647282	26290.58138778	30561.04031299	18977.48325222	21355.45589737	720.24841124	  212.78168215
24052.00000000	4.71495287	-0.15061957	0.47638323	26282.46590870	30554.79371157	18975.30430145	21347.91239208	719.84693696	  212.78135518
24054.00000000	4.71455995	-0.15075771	0.47628141	26274.11489227	30549.30525923	18973.82755433	21338.20921703	720.32497680	  212.78102305
24056.00000000	4.71416710	-0.15083122	0.47614729	26267.79303042	30544.19981949	18973.20114102	21333.75751069	723.89818048	  212.78070010
24058.00000000	4.71377431	-0.15096321	0.47605787	26262.12560618	30541.64059086	18973.30803087	21344.46320463	721.03979136	  212.78037539
24060.00000000	4.71338159	-0.15107866	0.47596471	26257.30736274	30539.56281179	18973.78480153	21355.92169062	721.66131878	  212.78005361
24062.00000000	4.71298893	-0.15120004	0.47591198	26252.04848705	30537.15258392	18973.28766781	21345.60912372	721.30121990	  212.77973777
24064.00000000	4.71259634	-0.15130817	0.47583205	26243.56972942	30530.59116553	18970.72728840	21335.16036670	724.11621224	  212.77942780
24066.00000000	4.71220382	-0.15142479	0.47570969	26231.23912781	30519.80521431	18966.34569676	21336.40110622	720.43692429	  212.77912896
24068.00000000	4.71181136	-0.15156020	0.47568499	26213.95153391	30503.82139739	18956.88090377	21346.36776875	721.88309566	  212.77883496
24070.00000000	4.71141897	-0.15168387	0.47558418	26185.62142648	30474.62391192	18940.64526894	21355.56173001	722.83864755	  212.77854098
24072.00000000	4.71102664	-0.15180698	0.47551986	26147.51441664	30434.02169969	18916.62676619	21343.75124449	721.24994423	  212.77824956
24074.00000000	4.71063437	-0.15188862	0.47541979	26102.72358975	30384.36841800	18887.65416344	21332.07440747	718.99825337	  212.77796156
24076.00000000	4.71024218	-0.15204958	0.47539229	26055.59555090	30334.39236776	18857.10644727	21339.02970748	718.47802567	  212.77767698
24078.00000000	4.70985004	-0.15206396	0.47519102	26013.69159764	30286.04246741	18830.83978761	21349.70669532	718.97234239	  212.77739166
24080.00000000	4.70945798	-0.15224940	0.47515373	25978.60728222	30250.80533283	18809.63189107	21354.68506242	717.66711111	  212.77710431
24082.00000000	4.70906598	-0.15232875	0.47505348	25954.02410062	30224.57765351	18795.20791907	21342.57223563	717.44774500	  212.77681345
24084.00000000	4.70867404	-0.15244021	0.47497595	25936.38849603	30207.40691981	18785.98679018	21329.92118102	717.93718509	  212.77652050
24086.00000000	4.70828217	-0.15250601	0.47486498	25925.85490516	30197.12563140	18781.67696348	21340.77199924	716.57159626	  212.77623105
24088.00000000	4.70789036	-0.15267281	0.47478794	25921.21807468	30196.76108495	18782.89722692	21353.66798571	712.96750424	  212.77594528
24090.00000000	4.70749862	-0.15278258	0.47476053	25921.12775460	30199.97078704	18785.40858098	21352.99310536	718.47044155	  212.77566976
24092.00000000	4.70710695	-0.15285637	0.47465500	25923.60853999	30205.09005175	18790.57583246	21341.68104222	720.09195289	  212.77539537
24094.00000000	4.70671534	-0.15295746	0.47457105	25922.12473959	30206.41460183	18792.97728963	21329.53488486	718.85365092	  212.77512480
24096.00000000	4.70632379	-0.15305802	0.47447881	25917.69896074	30204.29434008	18793.39163970	21341.08757456	719.32492533	  212.77486240
24098.00000000	4.70593231	-0.15319731	0.47443021	25910.61352563	30200.24341466	18791.78446377	21355.15028800	718.82356199	  212.77460696
24100.00000000	4.70554090	-0.15330752	0.47432154	25902.72399416	30194.37517271	18790.17484805	21350.78503388	717.92862909	  212.77436093
24102.00000000	4.70514955	-0.15335511	0.47421545	25896.68256748	30188.76951225	18788.67951127	21340.70704598	718.88333033	  212.77410500
24104.00000000	4.70475827	-0.15351453	0.47418933	25887.23004539	30182.56155520	18785.30650442	21331.10410531	721.82715581	  212.77384107
24106.00000000	4.70436705	-0.15360155	0.47411145	25877.51885111	30173.86459833	18781.35621547	21341.64459429	721.65958202	  212.77358205
24108.00000000	4.70397589	-0.15368117	0.47402466	25867.74564589	30164.87065873	18777.38773330	21355.18680081	721.00056127	  212.77332586
24110.00000000	4.70358480	-0.15374875	0.47396292	25857.67113208	30155.16019151	18772.50198705	21348.81870408	724.14273221	  212.77307211
24112.00000000	4.70319378	-0.15387097	0.47383879	25845.96660378	30145.19467037	18768.62779942	21339.20217713	721.04224870	  212.77281670
24114.00000000	4.70280282	-0.15396929	0.47379272	25835.87337822	30136.38524641	18764.00746944	21333.43924940	720.01769093	  212.77256199
24116.00000000	4.70241193	-0.15411775	0.47370578	25823.26436594	30126.14964984	18759.26513577	21343.15992605	723.03288191	  212.77230970
24118.00000000	4.70202110	-0.15420475	0.47364583	25809.80490495	30113.06725420	18752.24303307	21355.81587430	722.22941073	  212.77205901
24120.00000000	4.70163034	-0.15431214	0.47359845	25796.42576467	30100.68971917	18745.42343149	21347.00612337	722.88822322	  212.77180908
24122.00000000	4.70123964	-0.15431058	0.47346681	25786.53928125	30089.10664185	18740.67675492	21336.78326927	724.31315935	  212.77155852
24124.00000000	4.70084901	-0.15448595	0.47339178	25772.69134354	30078.22263705	18735.30340439	21335.24358027	725.30779454	  212.77130823
24126.00000000	4.70045844	-0.15460617	0.47334383	25760.98900141	30068.17981318	18729.94599187	21344.81586590	723.19188708	  212.77105921
24128.00000000	4.70006794	-0.15470871	0.47326490	25749.62007658	30057.99192232	18725.07773571	21355.88840052	722.82284780	  212.77081201
24130.00000000	4.69967750	-0.15477581	0.47318626	25737.65957458	30046.04628689	18719.10799914	21345.27070488	723.09414636	  212.77057095
24132.00000000	4.69928712	-0.15486783	0.47315898	25726.58730219	30035.88438017	18713.28752012	21334.34407004	725.20108696	  212.77033366
24134.00000000	4.69889682	-0.15492620	0.47305568	25719.60043803	30029.47987713	18711.23012432	21338.44010850	724.80452559	  212.77009954
24136.00000000	4.69850657	-0.15503494	0.47300020	25717.16585735	30029.90272089	18712.53163833	21347.81452498	727.61097121	  212.76986289
24138.00000000	4.69811639	-0.15512304	0.47295764	25719.75906426	30035.57665765	18716.86385697	21355.74489201	726.05821937	  212.76962749
24140.00000000	4.69772628	-0.15521440	0.47287597	25726.36154356	30046.03189632	18724.90823165	21344.14757492	727.53130421	  212.76939838
24142.00000000	4.69733623	-0.15527245	0.47278703	25737.28296397	30060.53232114	18735.61140284	21332.18026727	728.79575247	  212.76917219
24144.00000000	4.69694625	-0.15533580	0.47273717	25753.25941702	30081.09796622	18749.36402903	21339.45297939	730.17034200	  212.76895000
24146.00000000	4.69655633	-0.15543105	0.47272198	25773.76846240	30107.92124434	18766.36773381	21349.21961768	729.58117027	  212.76872430
24148.00000000	4.69616647	-0.15551948	0.47264947	25796.39998330	30137.02318858	18785.86929669	21354.86827594	731.79364922	  212.76849996
24150.00000000	4.69577668	-0.15558002	0.47255956	25819.58288452	30165.93314340	18805.58102563	21342.99455018	733.24461576	  212.76827892
24152.00000000	4.69538696	-0.15570541	0.47252081	25840.22811257	30193.83950484	18823.70729490	21330.09914565	733.83273022	  212.76806029
24154.00000000	4.69499730	-0.15574832	0.47247703	25858.33700732	30216.29606909	18838.53207846	21339.52879420	736.56466844	  212.76784364
24156.00000000	4.69460770	-0.15583308	0.47242926	25870.30921001	30232.84837396	18849.75211082	21350.91260363	736.79287835	  212.76762472
24158.00000000	4.69421817	-0.15592876	0.47235641	25876.23016438	30242.66140560	18857.24411258	21353.28869754	740.43294342	  212.76740462
24160.00000000	4.69382871	-0.15600360	0.47230531	25876.63732802	30245.40072387	18859.91586518	21341.79826743	738.71901726	  212.76718725
24162.00000000	4.69343931	-0.15606695	0.47221773	25875.02286280	30245.42969090	18861.58580634	21328.89871384	739.86861136	  212.76697418
24164.00000000	4.69304997	-0.15615345	0.47216097	25872.35890714	30244.93173956	18862.34598392	21339.96245145	742.34564054	  212.76676185
24166.00000000	4.69266070	-0.15624205	0.47216738	25869.05157177	30243.74482466	18861.48472763	21352.48692314	734.91894891	  212.76654840
24168.00000000	4.69227149	-0.15629018	0.47207528	25863.19521831	30238.35354746	18859.85943340	21351.76235904	745.28557018	  212.76633004
24170.00000000	4.69188235	-0.15635227	0.47204336	25855.88627030	30231.68507331	18856.30212713	21341.17953167	742.71938215	  212.76611174
24172.00000000	4.69149327	-0.15641611	0.47195220	25848.22360620	30224.65513853	18853.63603308	21329.48249497	743.34362898	  212.76589384
24174.00000000	4.69110426	-0.15646522	0.47191787	25841.17204218	30217.89355124	18850.06538802	21340.64102664	744.07614811	  212.76567764
24176.00000000	4.69071531	-0.15654592	0.47192458	25833.14843620	30210.94892610	18845.60677518	21354.62016399	743.58438538	  212.76546237
24178.00000000	4.69032642	-0.15659413	0.47187206	25823.16450509	30200.72915422	18840.22112017	21350.90181923	744.64541137	  212.76524830
24180.00000000	4.68993760	-0.15662575	0.47176994	25811.45754147	30187.99208661	18834.19856827	21340.91362847	743.84238238	  212.76503530
24182.00000000	4.68954885	-0.15672554	0.47179667	25799.50501558	30177.02412277	18826.85247927	21331.49116522	747.39076062	  212.76482603
24184.00000000	4.68916016	-0.15674475	0.47174443	25789.03908128	30165.36180527	18820.55970890	21341.48642427	747.62999855	  212.76462258
24186.00000000	4.68877153	-0.15681265	0.47173876	25779.86512752	30156.67887114	18815.24906846	21356.01319568	748.34520290	  212.76442205
24188.00000000	4.68838297	-0.15686888	0.47169467	25771.84793272	30148.99573607	18811.28470076	21349.09482544	749.79649957	  212.76422567
24190.00000000	4.68799447	-0.15682989	0.47165787	25765.20725180	30140.05204011	18806.39649183	21339.06480164	749.64750129	  212.76402986
24192.00000000	4.68760604	-0.15692907	0.47165550	25757.03095375	30133.47576478	18802.33771374	21334.26180723	752.32429953	  212.76383195
24194.00000000	4.68721767	-0.15693703	0.47160784	25748.70882417	30123.97955653	18797.30824171	21342.84334266	750.95587420	  212.76364090
24196.00000000	4.68682937	-0.15698855	0.47158159	25738.69995197	30113.82130061	18791.46266967	21356.30766314	752.97157599	  212.76345479
24198.00000000	4.68644113	-0.15700408	0.47153625	25727.28196831	30100.92992732	18784.26990630	21347.20089220	751.85397784	  212.76327178
24200.00000000	4.68605295	-0.15699391	0.47145869	25711.87968760	30082.60315431	18774.28939528	21337.50855693	756.95656741	  212.76308757
24202.00000000	4.68566484	-0.15706199	0.47151062	25687.47723090	30056.09895896	18756.77422300	21336.65454616	756.40916407	  212.76290101
24204.00000000	4.68527680	-0.15708482	0.47147943	25658.39536968	30022.75655400	18736.55104573	21344.48890744	754.37457993	  212.76272122
24206.00000000	4.68488881	-0.15710663	0.47149221	25626.70294611	29986.32729309	18713.57715802	21356.14734348	755.51736646	  212.76254346
24208.00000000	4.68450090	-0.15710113	0.47148182	25601.13646789	29956.24667513	18694.99899219	21346.00306325	757.05888853	  212.76236412
24210.00000000	4.68411304	-0.15707721	0.47143236	25585.76402998	29937.54320759	18684.25068962	21335.40340516	753.68408751	  212.76218214
24212.00000000	4.68372525	-0.15709607	0.47145876	25570.85736183	29920.66527830	18673.22394604	21338.60083105	761.18320565	  212.76199661
24214.00000000	4.68333753	-0.15720659	0.47147693	25523.25107677	29868.26155036	18640.18066024	21346.43922732	756.64672769	  212.76181024
24216.00000000	4.68294987	-0.15730171	0.47145399	25406.77631255	29734.78679077	18557.30749037	21355.80848441	758.02414486	  212.76162401
24218.00000000	4.68256227	-0.15743685	0.47141133	25216.42801790	29516.00155017	18421.55069585	21344.62654802	753.46383566	  212.76143818
24220.00000000	4.68217474	-0.15748093	0.47143913	24972.01049207	29231.19752224	18243.29143351	21333.30834485	746.85790074	  212.76125217
24222.00000000	4.68178727	-0.15716568	0.47144652	24789.75418804	29008.70934404	18104.30202254	21338.75426651	747.05333372	  212.76106560
24224.00000000	4.68139987	-0.15674714	0.47152094	24840.80935700	29056.28983237	18132.64731508	21348.04143354	746.64301389	  212.76087955
24226.00000000	4.68101253	-0.15665401	0.47153943	25009.51759063	29250.90351706	18253.75905438	21355.34021525	752.49039483	  212.76069623
24228.00000000	4.68062525	-0.15669877	0.47158658	25168.93699049	29438.67663015	18370.07087960	21343.67905327	759.21356714	  212.76051787
24230.00000000	4.68023804	-0.15675113	0.47162221	25274.32788016	29563.49426824	18447.30130094	21331.30270676	763.74699083	  212.76034241
24232.00000000	4.67985089	-0.15679687	0.47166751	25328.70938048	29628.45974115	18487.00151239	21340.32194724	768.75473825	  212.76016805
24234.00000000	4.67946381	-0.15670843	0.47165193	25358.55072428	29660.74362239	18507.43376072	21349.94756924	771.68948277	  212.75999280
24236.00000000	4.67907679	-0.15672264	0.47175906	25377.52636237	29683.36045412	18519.56193433	21354.27794021	772.92752618	  212.75982005
24238.00000000	4.67868984	-0.15665362	0.47184086	25394.57816885	29701.25546224	18529.21086436	21342.90025223	776.06182621	  212.75965083
24240.00000000	4.67830295	-0.15655815	0.47190200	25410.15142321	29716.63257462	18537.67059746	21329.52137544	778.03478249	  212.75948289
24242.00000000	4.67791612	-0.15643001	0.47186314	25428.36034322	29734.11712116	18549.29857502	21339.83609778	784.07376267	  212.75931644
24244.00000000	4.67752936	-0.15631959	0.47203599	25450.71090354	29756.96638777	18560.34439624	21350.81976574	781.68486555	  212.75914919
24246.00000000	4.67714266	-0.15626578	0.47214753	25477.71050993	29786.93132850	18576.96224364	21353.59338816	787.13049402	  212.75898394
24248.00000000	4.67675602	-0.15614185	0.47223941	25502.65093317	29812.39536203	18591.13492468	21342.37309796	791.07341364	  212.75882018
24250.00000000	4.67636945	-0.15603203	0.47230908	25520.67565985	29830.18983844	18600.93566423	21328.50243379	794.13937059	  212.75865828
24252.00000000	4.67598295	-0.15591594	0.47237081	25530.36972472	29838.05693773	18604.69268772	21340.03351811	796.62988621	  212.75849647
24254.00000000	4.67559650	-0.15576807	0.47250813	25532.70471298	29836.37366689	18601.08864035	21351.81231633	800.95157279	  212.75833370
24256.00000000	4.67521013	-0.15564704	0.47263454	25527.99933466	29827.26483184	18593.05949803	21352.78811461	799.75343073	  212.75816656
24258.00000000	4.67482381	-0.15544224	0.47276890	25524.82003354	29817.44295715	18584.43968821	21341.91459223	802.58540658	  212.75799926
24260.00000000	4.67443756	-0.15525812	0.47292872	25519.92364516	29806.23474305	18574.48516607	21328.36015746	808.47467191	  212.75783316
24262.00000000	4.67405137	-0.15510747	0.47308174	25512.58858807	29793.17888054	18563.50816070	21339.95346474	812.94651420	  212.75766560
24264.00000000	4.67366525	-0.15486241	0.47327010	25506.64921413	29778.94454426	18551.14445583	21353.02993220	812.51201888	  212.75749662
24266.00000000	4.67327919	-0.15464385	0.47342345	25497.84956457	29762.16543386	18537.84872670	21352.02195819	816.02072974	  212.75732228
24268.00000000	4.67289319	-0.15434366	0.47362597	25489.14412687	29743.07410589	18522.20598114	21341.54070220	821.13652882	  212.75714963
24270.00000000	4.67250726	-0.15404747	0.47383624	25480.96629375	29724.72598198	18506.88792579	21328.85523196	826.40672995	  212.75697860
24272.00000000	4.67212140	-0.15374264	0.47410104	25472.55621835	29705.85869403	18490.24409218	21340.35329897	831.14132237	  212.75681039
24274.00000000	4.67173559	-0.15340978	0.47434840	25464.22700479	29686.26217274	18473.47615089	21354.76363013	834.85989912	  212.75664440
24276.00000000	4.67134985	-0.15307327	0.47461743	25455.78831223	29666.43967090	18456.17487960	21351.59498116	836.55280603	  212.75647959
24278.00000000	4.67096417	-0.15269065	0.47489734	25447.76457914	29645.74328051	18438.13757876	21341.36973138	837.86615235	  212.75631570
24280.00000000	4.67057856	-0.15231305	0.47526023	25440.84017951	29626.48766051	18419.47610765	21329.77381556	848.78034889	  212.75615456
24282.00000000	4.67019301	-0.15191253	0.47559900	25434.33661665	29607.05340605	18401.15850031	21340.41780245	852.45174042	  212.75599619
24284.00000000	4.66980753	-0.15144528	0.47593708	25429.45255963	29587.54005501	18382.81477289	21355.74274948	858.18962546	  212.75583918
24286.00000000	4.66942211	-0.15091278	0.47626992	25424.14606510	29565.61801260	18363.08150283	21349.33155513	860.42702634	  212.75568362
24288.00000000	4.66903675	-0.15048717	0.47670729	25415.69593792	29543.21488662	18341.14349333	21340.26547802	865.97244013	  212.75552749
24290.00000000	4.66865145	-0.14987976	0.47719656	25408.66702706	29517.11008328	18315.97333546	21331.28368354	875.77926770	  212.75536822
24292.00000000	4.66826622	-0.14927387	0.47764872	25400.81003763	29490.10932424	18290.94646854	21340.68538837	881.30754382	  212.75521216
24294.00000000	4.66788106	-0.14864283	0.47816175	25392.96041662	29462.39836185	18264.38641077	21355.86183714	888.33523271	  212.75505738
24296.00000000	4.66749595	-0.14792134	0.47868612	25384.88963076	29431.79172619	18235.84794777	21348.61959250	894.60267580	  212.75490544
24298.00000000	4.66711091	-0.14714393	0.47931103	25376.35461510	29399.03195339	18204.17045881	21339.31680847	903.31169877	  212.75475105
24300.00000000	4.66672594	-0.14635327	0.48000277	25364.31783032	29361.86284088	18168.58276825	21332.61679991	910.36191358	  212.75459482
24300.80000000	4.66657196	-0.14600412	0.48026319	25359.53805632	29346.08153285	18154.08931076	21340.14022097	913.20558897	  212.75453331
24301.60000000	4.66641800	-0.14563891	0.48054837	25354.46977868	29329.50337514	18138.66017193	21340.10363907	918.02147762	  212.75447291
24302.40000000	4.66626405	-0.14524454	0.48084409	25349.70478947	29312.42894954	18122.74055497	21344.37925320	921.66172797	  212.75441228
24303.20000000	4.66611011	-0.14485135	0.48116009	25345.13351168	29295.62204143	18106.62681974	21352.42585544	924.58985620	  212.75435146
24304.00000000	4.66595618	-0.14448776	0.48150499	25340.40269246	29279.50631598	18090.42587279	21355.85858338	928.86780622	  212.75429127
24304.80000000	4.66580225	-0.14408852	0.48182771	25336.07632898	29262.82207620	18074.28347391	21354.50840831	932.89256950	  212.75423165
24305.60000000	4.66564834	-0.14364853	0.48215005	25332.08752690	29245.34477922	18057.66703541	21350.18855036	936.31347561	  212.75417139
24306.40000000	4.66549444	-0.14321562	0.48253583	25327.91624315	29227.87335702	18039.91840601	21345.17805211	940.48754058	  212.75410932
24307.20000000	4.66534055	-0.14278740	0.48293935	25323.87629954	29210.69986618	18022.04482365	21341.88976506	946.87671339	  212.75404746
24308.00000000	4.66518667	-0.14232743	0.48333323	25319.80922838	29192.57796189	18003.77161399	21338.14726823	953.40809329	  212.75398602
24308.80000000	4.66503280	-0.14179641	0.48373697	25315.07837854	29171.62845481	17983.58932441	21330.13571167	956.04890979	  212.75392312
24309.60000000	4.66487894	-0.14125239	0.48416556	25310.19848927	29150.14252686	17962.64362457	21329.66047327	959.47924819	  212.75386009
24310.40000000	4.66472509	-0.14071530	0.48461769	25305.47615764	29129.05478013	17941.53537878	21338.15862340	965.36770675	  212.75379751
24311.20000000	4.66457125	-0.14012657	0.48507847	25300.52389926	29106.21354747	17919.20790586	21340.22989100	969.04099748	  212.75373404
24312.00000000	4.66441742	-0.13950724	0.48556521	25295.36516185	29082.26172083	17895.74937824	21341.97311025	973.89033679	  212.75367016
24312.80000000	4.66426360	-0.13887469	0.48608836	25290.29716606	29058.04857798	17871.49785633	21349.57487215	981.81125317	  212.75360645
24313.60000000	4.66410979	-0.13819150	0.48662696	25285.63845116	29032.85382924	17846.38771038	21354.95497143	987.51070975	  212.75354240
24314.40000000	4.66395599	-0.13748834	0.48717724	25280.59825196	29006.66323220	17820.47946137	21355.46244065	993.80489574	  212.75347806
24315.20000000	4.66380220	-0.13679392	0.48775847	25274.63475252	28979.68982828	17793.56295845	21352.17820757	1002.96023908	  212.75341371
24316.00000000	4.66364842	-0.13605736	0.48841136	25268.86145178	28951.73758215	17764.79799108	21346.89934590	1007.57537368	  212.75334938
24316.80000000	4.66349465	-0.13527079	0.48910999	25263.60542774	28922.95665319	17734.74379935	21342.66468047	1011.31003678	  212.75328492
24317.60000000	4.66334089	-0.13444783	0.48980539	25258.56064109	28893.39330311	17704.30050666	21340.30135432	1020.70855110	  212.75322019
24318.40000000	4.66318714	-0.13356940	0.49050994	25253.45561208	28862.18894871	17672.72433955	21333.37085160	1029.00689715	  212.75315515
24319.20000000	4.66303340	-0.13265329	0.49126296	25248.17425091	28829.72977593	17639.56126206	21328.00501796	1035.45535006	  212.75308965
24320.00000000	4.66287967	-0.13172558	0.49209448	25242.81873772	28796.88700353	17604.82150772	21334.63782771	1044.27905298	  212.75302363
24320.80000000	4.66272595	-0.13072116	0.49295611	25237.82555998	28762.28695309	17568.52489773	21339.75393438	1053.51587545	  212.75295774
24321.60000000	4.66257224	-0.12963383	0.49383305	25233.25875928	28725.83075023	17530.87652356	21340.38405820	1061.61716305	  212.75289225
24322.40000000	4.66241854	-0.12851730	0.49475849	25228.86228271	28688.77609733	17492.06733821	21346.61093573	1069.31311758	  212.75282691
24323.20000000	4.66226486	-0.12732660	0.49574462	25225.00027527	28650.25015066	17451.35945167	21353.46120366	1079.15455930	  212.75276151
24324.00000000	4.66211118	-0.12605695	0.49678946	25221.72475855	28610.18200286	17408.75439066	21355.71300914	1091.82226746	  212.75269616
24324.80000000	4.66195751	-0.12477740	0.49788776	25218.53359644	28569.98195261	17365.21073923	21353.88026412	1104.96644953	  212.75263138
24325.60000000	4.66180385	-0.12345291	0.49907394	25215.47113130	28528.70140433	17319.56361260	21349.15497059	1116.44666686	  212.75256762
24326.40000000	4.66165021	-0.12204633	0.50034137	25212.64852878	28485.41292747	17271.37935216	21343.95758251	1126.17056175	  212.75250481
24327.20000000	4.66149657	-0.12057805	0.50160851	25209.89859268	28440.51671545	17222.32071411	21341.51061830	1136.94069544	  212.75244215
24328.00000000	4.66134294	-0.11900276	0.50294634	25206.88190101	28392.35198481	17170.16823322	21336.69453567	1149.97057226	  212.75237954
24328.80000000	4.66118932	-0.11730567	0.50443170	25203.29858590	28340.17903153	17113.17875076	21328.59574087	1164.77931990	  212.75231726
24329.60000000	4.66103572	-0.11559072	0.50599529	25199.13439069	28286.94422381	17054.34602833	21331.93379670	1179.45944048	  212.75225535
24330.40000000	4.66088212	-0.11373678	0.50768989	25194.95172445	28229.86393827	16991.11453676	21339.99664378	1194.21292779	  212.75219298
24331.20000000	4.66072853	-0.11160867	0.50957809	25191.13601635	28165.58532512	16920.44678590	21340.19807071	1210.14597343	  212.75212963
24332.00000000	4.66057496	-0.10943425	0.51151260	25186.72561334	28099.48762725	16848.11430958	21343.71695880	1226.92927144	  212.75206713
24332.80000000	4.66042139	-0.10717693	0.51356986	25181.76605911	28030.60895182	16772.27511826	21351.66648709	1245.12553878	  212.75200552
24333.60000000	4.66026783	-0.10464197	0.51593806	25176.96410376	27954.31098102	16687.05664042	21355.73778651	1265.28742215	  212.75194359
24334.40000000	4.66011429	-0.10201094	0.51844161	25171.84500745	27875.19000119	16598.21957332	21354.87786114	1284.83419280	  212.75188211
24335.20000000	4.65996075	-0.09924895	0.52109302	25166.51906320	27792.42353233	16505.11651929	21350.68366300	1305.59434964	  212.75182135
24336.00000000	4.65980722	-0.09609859	0.52411239	25161.71374853	27699.71522352	16400.46588534	21345.68517575	1332.23879485	  212.75176067
24336.80000000	4.65965371	-0.09273235	0.52734375	25156.91732466	27601.36575102	16289.51262309	21342.12774411	1358.17178736	  212.75169995
24337.60000000	4.65950020	-0.08916632	0.53082489	25151.75373816	27497.46854577	16171.80113762	21338.48715561	1382.52897056	  212.75163933
24338.40000000	4.65934671	-0.08511489	0.53491936	25146.48003365	27380.54762300	16037.23910184	21330.69797103	1414.28624718	  212.75157913
24339.20000000	4.65919322	-0.08080158	0.53938579	25141.08924987	27256.85673918	15893.64462651	21328.88596617	1448.99248973	  212.75151946
24340.00000000	4.65903975	-0.07619800	0.54421638	25135.47208893	27125.60403417	15740.88868573	21336.76439660	1483.40198348	  212.75145969
24340.80000000	4.65888628	-0.07061405	0.55013173	25129.56943056	26968.22351635	15557.26200501	21339.86040068	1524.54120180	  212.75139838
24341.60000000	4.65873283	-0.06443897	0.55677326	25123.48061068	26795.71165759	15355.42151485	21341.35824938	1570.32140097	  212.75133702
24342.40000000	4.65857938	-0.05799734	0.56385925	25116.65575827	26616.42591197	15144.98245342	21348.24357076	1618.02912871	  212.75127704
24343.20000000	4.65842595	-0.05026068	0.57258628	25107.14071055	26401.29281476	14892.03794102	21354.34378138	1674.03715091	  212.75121666
24344.00000000	4.65827252	-0.04148978	0.58272870	25095.07608204	26158.16645613	14606.00477808	21355.73032207	1735.14623429	  212.75115615
24344.80000000	4.65811911	-0.03223492	0.59358885	25080.44570827	25902.08353259	14306.79444920	21352.27212179	1797.27788142	  212.75109660
24345.60000000	4.65796570	-0.02105774	0.60651080	25058.76753671	25592.04368110	13954.06287430	21347.10740792	1873.40624058	  212.75103696
24346.40000000	4.65781231	-0.00788207	0.62177968	25030.30034327	25228.37058306	13547.33018763	21343.07975095	1963.75240428	  212.75097665
24347.20000000	4.65765892	0.00640897	0.63854475	24998.79792197	24839.09369501	13116.53983567	21340.62637632	2059.79108599	  212.75091607
24348.00000000	4.65750555	0.02311651	0.65707704	24963.47545937	24393.02576239	12644.47330713	21334.22623298	2170.39721333	  212.75085659
24348.80000000	4.65735218	0.04244763	0.67761043	24924.63462615	23888.78330374	12131.41785214	21327.96855924	2295.79471852	  212.75079836
24349.60000000	4.65719883	0.06334861	0.69989643	24884.86775730	23357.34021608	11600.11323899	21333.43653832	2427.29618361	  212.75074003
24350.40000000	4.65704549	0.08812844	0.72422276	24846.20963685	22750.26458124	11027.07947333	21339.46051398	2582.00131030	  212.75068039
24351.20000000	4.65689215	0.11751042	0.75080997	24810.63651084	22059.91225541	10411.92794481	21340.10051640	2764.56671924	  212.75061990
24352.00000000	4.65673883	0.14868923	0.77901744	24781.20406910	21357.35617110	9799.96479627	21345.32059007	2955.09497115	  212.75056064
24352.80000000	4.65658551	0.18364820	0.80862324	24766.80592004	20611.64244672	9181.88794551	21352.48649060	3165.76629599	  212.75050083
24353.60000000	4.65643221	0.22411638	0.84005928	24770.34698559	19797.00916207	8546.07055239	21355.74264781	3405.08104696	  212.75043919
24354.40000000	4.65627892	0.26697733	0.87371004	24780.31551937	18974.05051034	7919.77064029	21354.28700795	3651.10912600	  212.75037818
24355.20000000	4.65612563	0.31232769	0.90847493	24793.64731392	18142.54568623	7313.95989891	21349.66658433	3905.05201627	  212.75031762
24356.00000000	4.65597236	0.36170999	0.94368411	24810.92593155	17280.42095153	6725.39065886	21344.61270597	4175.67476141	  212.75025629
24356.80000000	4.65581910	0.41431041	0.98188116	24828.34010746	16406.46294940	6145.95525102	21341.81837934	4454.72202735	  212.75019458
24357.60000000	4.65566585	0.46922225	1.02191131	24844.27534342	15539.80977681	5592.87684597	21337.76091238	4733.23446414	  212.75013321
24358.40000000	4.65551260	0.52607878	1.06042014	24859.10716763	14689.68268812	5087.18813472	21329.63308634	5007.06885559	  212.75007261
24359.20000000	4.65535937	0.58569961	1.10126663	24872.94430367	13847.17205563	4603.48857695	21330.38955322	5282.96311047	  212.75001231
24360.00000000	4.65520615	0.64879468	1.14505424	24885.15631059	13006.85879178	4138.86906411	21338.34076092	5563.71085194	  212.74995134
24360.80000000	4.65505293	0.71554061	1.18728700	24894.94424962	12171.82839752	3712.98870777	21340.03566196	5845.36085622	  212.74988905
24361.60000000	4.65489973	0.78551588	1.23103368	24903.48091248	11353.10994874	3315.00133568	21342.81039663	6119.85579234	  212.74982706
24362.40000000	4.65474654	0.85826985	1.27759650	24911.55588135	10559.88024907	2943.10585745	21350.20347539	6388.90021503	  212.74976539
24363.20000000	4.65459336	0.93371909	1.32180011	24918.93379999	9795.36009894	2611.98038405	21355.09127664	6663.80626986	  212.74970194
24364.00000000	4.65444019	1.01247821	1.36670921	24925.89410552	9056.01316903	2308.78119297	21355.65978413	6935.69382613	  212.74963790
24364.80000000	4.65428702	1.09327730	1.41514808	24932.81540584	8355.39569288	2029.43909249	21352.50081932	7192.07518105	  212.74957438
24365.60000000	4.65413387	1.17131244	1.45981820	24939.89417264	7730.36632999	1795.59788258	21346.91204202	7428.04978148	  212.74951054
24366.40000000	4.65398073	1.24831350	1.50275736	24947.26626551	7159.57588037	1593.11844243	21342.84836535	7649.41115021	  212.74944654
24367.20000000	4.65382760	1.32595258	1.54932552	24954.66812046	6626.70916536	1407.45456937	21340.86305897	7857.64679481	  212.74938287
24368.00000000	4.65367448	1.39595661	1.59117596	24961.14918638	6180.28242410	1258.83665996	21333.29523227	8037.06919254	  212.74931963
24368.80000000	4.65352136	1.45950811	1.62796486	24966.83098341	5801.05659387	1138.91404405	21328.59587419	8192.09135990	  212.74925662
24369.60000000	4.65336826	1.52200065	1.66609694	24972.09148245	5450.77722489	1030.10554458	21336.44487317	8332.89611536	  212.74919370
24370.40000000	4.65321517	1.57520236	1.69798619	24976.03379685	5169.18149219	946.22789651	21340.74977536	8447.64510885	  212.74913114
24371.20000000	4.65306209	1.61881098	1.72188497	24978.61345915	4949.11619215	884.55024730	21340.93385387	8543.52690090	  212.74906887
24372.00000000	4.65290902	1.65981130	1.74448969	24980.42206262	4750.64832208	830.10042546	21348.07113507	8636.32821139	  212.74900657
24372.80000000	4.65275596	1.69242919	1.76103719	24981.10088206	4598.31708677	790.29672240	21354.76944303	8703.71472052	  212.74894443
24373.60000000	4.65260291	1.71549329	1.76984062	24980.55662936	4493.37684840	765.49230111	21356.10393143	8743.29397813	  212.74888242
24374.40000000	4.65244986	1.73561477	1.77663041	24979.27373279	4403.64082500	745.12838252	21354.27661073	8778.78556086	  212.74882028
24375.20000000	4.65229683	1.74994005	1.78021715	24977.93150425	4340.77386126	731.86112133	21349.56113607	8806.55795414	  212.74875793
24376.00000000	4.65214381	1.75701255	1.77980237	24976.58276856	4309.94933657	726.96552974	21344.04916366	8824.18239276	  212.74869572
24376.80000000	4.65199080	1.76162029	1.77872809	24974.45895514	4289.77106292	724.33975595	21341.97059960	8841.19810824	  212.74863425
24377.60000000	4.65183780	1.76301361	1.77755926	24971.79640483	4283.34152129	724.09996285	21337.13862711	8847.02637358	  212.74857281
24378.40000000	4.65168481	1.76008494	1.77597448	24968.97089445	4295.41831091	727.29323629	21328.78079291	8834.06355960	  212.74851098
24379.20000000	4.65153183	1.75575046	1.77460214	24965.77966334	4313.52578568	731.36215277	21332.49921783	8816.73825433	  212.74844999
24380.00000000	4.65137886	1.75002822	1.77459172	24962.31227286	4337.67700890	735.46467470	21340.45137247	8803.14650380	  212.74838952
24380.80000000	4.65122590	1.74202703	1.77660698	24958.87148795	4371.92012899	739.77833916	21340.32719924	8793.17086843	  212.74832881
24381.60000000	4.65107295	1.73323042	1.77963569	24955.74916062	4409.99610043	743.96455436	21344.36195949	8779.35204015	  212.74826841
24382.40000000	4.65092001	1.72361585	1.78421955	24952.82648717	4452.07930827	747.62908176	21352.72539229	8761.38107585	  212.74820806
24383.20000000	4.65076708	1.71235090	1.79152052	24949.77834088	4501.96530054	750.50686041	21356.16832604	8742.47860242	  212.74814718
24384.00000000	4.65061416	1.70049621	1.80033096	24946.63766264	4555.07883723	752.70031569	21354.76220494	8716.77834919	  212.74808688
24384.80000000	4.65046125	1.68808333	1.81053564	24943.42616789	4611.37915606	754.26714987	21350.55263627	8687.48625816	  212.74802661
24385.60000000	4.65030835	1.67420714	1.82307345	24940.06970406	4675.18433314	755.17568620	21345.58118826	8665.31957710	  212.74796473
24386.40000000	4.65015546	1.65998756	1.83664817	24936.46836654	4741.45362373	755.55370980	21342.18046987	8644.26566982	  212.74790357
24387.20000000	4.65000258	1.64581621	1.85073468	24932.62318151	4808.38325188	755.50130140	21338.74024120	8617.01657608	  212.74784350
24388.00000000	4.64984971	1.63067914	1.86632050	24928.70554703	4880.95466807	755.04368799	21330.72845657	8582.43738881	  212.74778134
24388.80000000	4.64969685	1.61524290	1.88249649	24925.06806578	4956.15949709	754.37525780	21329.10260359	8547.17936565	  212.74771841
24389.60000000	4.64954400	1.60036128	1.89789236	24921.60925497	5029.76866333	753.88279568	21337.96649236	8516.35098077	  212.74765660
24390.40000000	4.64939116	1.58601987	1.91178979	24917.44277534	5101.56930302	754.09148447	21340.58790515	8487.22876144	  212.74759545
24391.20000000	4.64923833	1.57196173	1.92467702	24912.88120509	5172.84723944	754.83676773	21341.19693669	8457.84419435	  212.74753408
24392.00000000	4.64908551	1.55826784	1.93639676	24908.60510075	5243.27071957	756.19857468	21348.86030772	8427.85404896	  212.74747236
24392.80000000	4.64893270	1.54588158	1.94412637	24904.50763321	5307.74584911	759.60316481	21354.85041080	8398.75317365	  212.74741180
24393.60000000	4.64877990	1.53459478	1.94852590	24900.26351472	5367.07787072	764.72247000	21355.53952709	8372.10251258	  212.74735249
24394.40000000	4.64862711	1.52371366	1.95146867	24895.58759564	5424.77771603	770.67252030	21352.72188035	8347.68535835	  212.74729312
24395.20000000	4.64847433	1.51378317	1.95015297	24890.57927500	5477.81454096	779.23177157	21347.74543001	8320.49342161	  212.74723202
24396.00000000	4.64832156	1.50492984	1.94478858	24885.66124153	5525.43482168	790.23363541	21343.08489732	8295.27016154	  212.74716998
24396.80000000	4.64816880	1.49684805	1.93812582	24881.28881927	5569.29243738	801.83068548	21340.62357912	8281.77604862	  212.74710931
24397.60000000	4.64801605	1.49004411	1.92809268	24877.01739219	5606.35219690	815.30548715	21334.53435979	8266.55121212	  212.74704826
24398.40000000	4.64786331	1.48453881	1.91442419	24872.50142622	5636.27860547	830.93794221	21327.81190445	8245.81639313	  212.74698598
24399.20000000	4.64771059	1.47966124	1.90019181	24867.89756530	5662.78869606	846.81304634	21333.51324099	8233.63879604	  212.74692415
24400.00000000	4.64755787	1.47597496	1.88539221	24863.68021939	5682.73796706	862.46642293	21340.26451886	8225.98865740	  212.74686350
24400.80000000	4.64740516	1.47372143	1.86956513	24859.92460765	5694.69830457	878.06951971	21339.92472856	8216.10279580	  212.74680370
24401.60000000	4.64725246	1.47191759	1.85360068	24855.92284673	5704.06157538	893.66686596	21344.80892397	8205.83029251	  212.74674361
24402.40000000	4.64709977	1.47088370	1.83860119	24851.70964237	5708.99411526	907.95692246	21352.60796632	8201.48249394	  212.74668351
24403.20000000	4.64694709	1.47108803	1.82514540	24847.68796901	5706.90404276	919.91985585	21355.62884765	8205.82797232	  212.74662410
24404.00000000	4.64679442	1.47169488	1.81275807	24844.06463867	5702.61019339	930.68531446	21354.14189468	8209.58823207	  212.74656510
24404.80000000	4.64664176	1.47287533	1.80166110	24840.44538467	5695.05270886	939.82344039	21349.82360320	8209.84042461	  212.74650543
24405.60000000	4.64648911	1.47522073	1.79233800	24836.44057998	5680.79518802	946.25159966	21344.79843271	8210.29469700	  212.74644437
24406.40000000	4.64633648	1.47799741	1.78447269	24832.92320029	5664.24103098	950.94430421	21341.74464865	8217.15096257	  212.74638369
24407.20000000	4.64618385	1.48123948	1.77845291	24829.95327170	5645.23166290	953.47537567	21338.06831433	8228.96347341	  212.74632327
24408.00000000	4.64603123	1.48566288	1.77500574	24826.78352181	5619.59821772	952.42342855	21329.84390020	8237.58351074	  212.74626145
24408.80000000	4.64587862	1.49061183	1.77295261	24823.57301204	5591.13271779	949.54656756	21329.51418340	8239.57837338	  212.74619958
24409.60000000	4.64572602	1.49588707	1.77199376	24820.67259968	5561.06597996	945.34631611	21338.14524934	8242.81651092	  212.74613816
24410.40000000	4.64557343	1.50220650	1.77329960	24818.24893073	5525.49441842	938.07359856	21340.08229209	8262.87492255	  212.74607585
24411.20000000	4.64542085	1.50915107	1.77597014	24815.88552924	5486.73261433	929.00866565	21341.69563219	8285.17854877	  212.74601322
24412.00000000	4.64526829	1.51631213	1.77913041	24813.25699861	5447.00508953	919.37197404	21349.38809835	8297.71389556	  212.74595092
24412.80000000	4.64511573	1.52407452	1.78336171	24810.53510370	5404.29410747	908.31153020	21354.86549062	8312.32767714	  212.74588854
24413.60000000	4.64496318	1.53237799	1.78832867	24807.55288518	5358.96130882	896.22973670	21355.27063786	8332.99251166	  212.74582588
24414.40000000	4.64481064	1.54096295	1.79338077	24804.03142433	5312.39752019	883.96525507	21351.82990063	8356.07144656	  212.74576307
24415.20000000	4.64465811	1.54977953	1.79853810	24799.94391169	5264.89845006	871.55505920	21346.75047639	8373.69938041	  212.74570053
24416.00000000	4.64450559	1.55883929	1.80388178	24795.69031490	5216.52031861	858.94430063	21342.66855389	8388.44511327	  212.74563800
24416.80000000	4.64435309	1.56813144	1.80937450	24791.60598856	5167.42081523	846.19892670	21340.25393283	8407.14984705	  212.74557505
24417.60000000	4.64420059	1.57750490	1.81469037	24786.94725074	5118.24851537	833.70298054	21333.64120045	8425.15388126	  212.74551209
24418.40000000	4.64404810	1.58694540	1.81980178	24781.81619983	5069.10752024	821.48877430	21327.72572714	8446.61402902	  212.74544903
24419.20000000	4.64389562	1.59653779	1.82500716	24777.14308646	5019.76835454	809.26943429	21333.87238359	8479.97505010	  212.74538536
24420.00000000	4.64374315	1.60606634	1.83040532	24772.90938406	4971.31478413	797.14317560	21339.67674609	8504.08888427	  212.74532151
24420.80000000	4.64359069	1.61541308	1.83600120	24768.73274772	4924.23535580	785.18792651	21339.90220530	8510.31304546	  212.74525791
24421.60000000	4.64343825	1.62465668	1.84180201	24764.19297945	4878.03317665	773.32188141	21345.49921127	8516.47265599	  212.74519458
24422.40000000	4.64328581	1.63350578	1.84806450	24759.30199854	4834.10246875	761.57317028	21352.83391176	8533.14177829	  212.74513170
24423.20000000	4.64313338	1.64181570	1.85499969	24754.31677265	4793.13263522	749.89993920	21355.60875097	8556.29885389	  212.74506924
24424.00000000	4.64298096	1.64992491	1.86254105	24749.60872674	4753.51700641	738.11452712	21354.14567855	8565.89900715	  212.74500681
24424.80000000	4.64282855	1.65746640	1.87049620	24745.47231200	4717.01475436	726.64293351	21349.74988236	8573.63945938	  212.74494506
24425.60000000	4.64267616	1.66402128	1.87871366	24741.86383904	4685.51304757	715.88320956	21344.53410035	8595.47241962	  212.74488455
24426.40000000	4.64252377	1.67007048	1.88732054	24738.08410443	4656.54351856	705.35990300	21341.71722636	8613.33224218	  212.74482421
24427.20000000	4.64237139	1.67542861	1.89616391	24734.13694326	4630.92086615	695.30257074	21337.85019085	8623.14557474	  212.74476372
24428.00000000	4.64221902	1.67958625	1.90490142	24730.41819560	4611.01379427	686.29090681	21329.45415146	8632.18109617	  212.74470346
24428.80000000	4.64206666	1.68304267	1.91350649	24726.59099602	4594.39256596	677.95800309	21330.08187697	8637.00778607	  212.74464361
24429.60000000	4.64191432	1.68570640	1.92158086	24722.46227943	4581.40552316	670.60497579	21338.63541658	8638.42274651	  212.74458360
24430.40000000	4.64176198	1.68690152	1.92843095	24718.11024708	4575.12795071	665.11436142	21339.98609751	8642.50220484	  212.74452257
24431.20000000	4.64160965	1.68721856	1.93437876	24713.41128894	4572.80821232	660.83489364	21342.33142379	8647.90715209	  212.74446168
24432.00000000	4.64145733	1.68689771	1.93926554	24708.33789696	4573.33657916	657.68940125	21350.55769036	8650.31171067	  212.74440165
24432.80000000	4.64130502	1.68529298	1.94201784	24703.10614020	4579.71152279	656.79599007	21355.59991519	8645.29110593	  212.74434182
24433.60000000	4.64115273	1.68290488	1.94338343	24698.05496802	4589.72271065	657.33347324	21355.30302976	8633.82275372	  212.74428235
24434.40000000	4.64100044	1.68022792	1.94378882	24693.32084001	4601.14356840	658.70206518	21351.42214462	8622.34759539	  212.74422336
24435.20000000	4.64084816	1.67681333	1.94168684	24688.57140429	4615.99345912	662.21849144	21346.53303013	8621.31403626	  212.74416432
24436.00000000	4.64069589	1.67289261	1.93786370	24683.51613305	4633.17810080	667.22987764	21342.78720241	8621.01607990	  212.74410518
24436.80000000	4.64054363	1.66896400	1.93357132	24677.97370043	4650.37144749	672.58672278	21339.95877602	8609.25289169	  212.74404614
24437.60000000	4.64039139	1.66499549	1.92744421	24671.90680924	4667.71535661	679.24426459	21332.99974337	8599.27203840	  212.74398730
24438.40000000	4.64023915	1.66098042	1.91986687	24665.37157655	4685.25280736	686.98213197	21327.93205002	8590.15695092	  212.74392876
24439.20000000	4.64008692	1.65705648	1.91234170	24658.64998489	4702.39179758	694.70330263	21334.48739010	8572.64689652	  212.74387038
24440.00000000	4.63993470	1.65354729	1.90410909	24652.64093785	4717.77241687	702.73715282	21339.82357090	8562.75535919	  212.74381098
24440.80000000	4.63978249	1.65051877	1.89506757	24647.64577622	4731.12312644	711.12650231	21340.22353543	8563.73751695	  212.74375093
24441.60000000	4.63963030	1.64777890	1.88624075	24643.07034582	4743.22286619	719.26608014	21345.79645378	8560.63835754	  212.74369207
24442.40000000	4.63947811	1.64554738	1.87770152	24637.99505545	4752.84024849	726.90525436	21352.93587608	8554.69379774	  212.74363330
24443.20000000	4.63932593	1.64391427	1.86928232	24632.06422238	4759.46252299	734.07243501	21355.88543547	8549.97570103	  212.74357393
24444.00000000	4.63917376	1.64259862	1.86103555	24625.92115178	4764.53989617	740.94077837	21353.64814832	8545.82229860	  212.74351530
24444.80000000	4.63902161	1.64170369	1.85346944	24620.10277430	4767.67900680	747.05995238	21348.67455920	8541.35684732	  212.74345716
24445.60000000	4.63886946	1.64133196	1.84688126	24614.64331632	4768.39399325	752.11074344	21344.21202072	8536.68579940	  212.74339862
24446.40000000	4.63871732	1.64117844	1.84077107	24608.76350603	4767.98689884	756.65574672	21341.64984452	8533.67970002	  212.74333946
24447.20000000	4.63856519	1.64119597	1.83527917	24602.39809128	4766.67001018	760.61251887	21337.26969551	8532.59412188	  212.74328076
24448.00000000	4.63841307	1.64144514	1.83078463	24595.80706160	4764.20578193	763.64383054	21329.17866835	8532.16968137	  212.74322361
24448.80000000	4.63826097	1.64168809	1.82695106	24588.55271957	4761.64362236	766.16467124	21330.08810200	8530.46710239	  212.74316675
24449.60000000	4.63810887	1.64180312	1.82374145	24579.79030415	4759.39926658	768.26542848	21338.02588503	8528.64010894	  212.74310900
24450.40000000	4.63795678	1.64181474	1.82136612	24568.82284984	4757.22032669	769.73992227	21339.65625476	8528.61539877	  212.74305013
24451.20000000	4.63780470	1.64168343	1.81941248	24556.63735265	4755.48526728	770.96389706	21342.17932396	8522.98315786	  212.74299189
24452.00000000	4.63765263	1.64125567	1.81793526	24542.23638349	4754.72993429	771.98098381	21349.49262906	8511.98754576	  212.74293417
24452.80000000	4.63750058	1.64031695	1.81759973	24522.36174074	4755.34130276	772.33934861	21354.67953537	8506.70984216	  212.74287451
24453.60000000	4.63734853	1.63902802	1.81782314	24499.08341595	4756.95467318	772.42879742	21355.30150055	8504.62678091	  212.74281450
24454.40000000	4.63719649	1.63747042	1.81814653	24473.94612055	4759.48136508	772.58918473	21351.87215992	8498.82374180	  212.74275570
24455.20000000	4.63704446	1.63536281	1.81914213	24444.15998439	4763.71831942	772.50746769	21346.58381652	8485.61806206	  212.74269668
24456.00000000	4.63689244	1.63280428	1.82063892	24410.65601043	4769.37598942	772.26815029	21342.54686937	8470.80880323	  212.74263691
24456.80000000	4.63674043	1.62999028	1.82226285	24376.51833839	4776.12726963	772.10646899	21340.19795204	8458.63979563	  212.74257689
24457.60000000	4.63658844	1.62679279	1.82427772	24344.25021247	4785.08073035	771.99684231	21333.18237969	8438.00113162	  212.74251788
24458.40000000	4.63643645	1.62327737	1.82652741	24313.90615213	4795.94652719	772.01112464	21327.80867702	8414.22813564	  212.74245969
24459.20000000	4.63628447	1.61962051	1.82868413	24285.05472957	4807.80491773	772.25265752	21334.31205266	8400.88169707	  212.74240112
24460.00000000	4.63613250	1.61573859	1.83121360	24261.89045777	4821.90092481	772.56018565	21339.50757888	8389.07809292	  212.74234163
24460.80000000	4.63598054	1.61171136	1.83416328	24245.00486541	4837.98955761	772.85484458	21340.03348383	8372.95735690	  212.74228169
24461.60000000	4.63582860	1.60778398	1.83706083	24231.08682911	4854.23933053	773.20704833	21345.96161583	8355.86415229	  212.74222227
24462.40000000	4.63567666	1.60385634	1.84003028	24222.38410018	4871.59224224	773.67031593	21352.97373409	8343.61185679	  212.74216228
24463.20000000	4.63552473	1.59987478	1.84317046	24219.74733417	4890.49500932	774.23724310	21355.54510021	8336.88731455	  212.74210116
24464.00000000	4.63537281	1.59600893	1.84628335	24219.65781492	4909.41938412	774.81757618	21353.85408387	8328.91784921	  212.74204009
24464.80000000	4.63522090	1.59234854	1.84945496	24222.53707878	4928.00845791	775.28853002	21349.25019282	8321.68418202	  212.74197910
24465.60000000	4.63506900	1.58889791	1.85274884	24229.27218138	4946.41752859	775.62567518	21344.12466827	8318.85248134	  212.74191791
24466.40000000	4.63491711	1.58558771	1.85590584	24237.56989235	4964.51792889	776.01017868	21341.72209581	8318.35714223	  212.74185673
24467.20000000	4.63476524	1.58248570	1.85894325	24245.93693000	4981.66089988	776.32821053	21337.80811579	8317.46842240	  212.74179577
24468.00000000	4.63461337	1.57967979	1.86202824	24253.84756600	4997.28855820	776.36480456	21329.26265893	8314.24219036	  212.74173516
24468.80000000	4.63446151	1.57703762	1.86514039	24261.23964046	5012.03678226	776.23652083	21330.48555478	8309.01445177	  212.74167483
24469.60000000	4.63430966	1.57453413	1.86816125	24267.11638439	5025.81719869	776.02294855	21339.12746365	8303.20794597	  212.74161475
24470.40000000	4.63415782	1.57224152	1.87097026	24270.20485546	5037.99378195	775.72103620	21339.96879533	8298.99206114	  212.74155490
24471.20000000	4.63400599	1.57006736	1.87367752	24272.10982051	5049.35539922	775.36845807	21342.35274328	8299.00935472	  212.74149516
24472.00000000	4.63385417	1.56797891	1.87634621	24273.22399443	5060.14399385	774.95426346	21350.65842527	8300.71869803	  212.74143552
24472.80000000	4.63370237	1.56605806	1.87891273	24271.74804320	5069.56484881	774.40696904	21355.27167966	8296.74360425	  212.74137611
24473.60000000	4.63355057	1.56425860	1.88139905	24268.45877491	5078.00728033	773.77036767	21355.23008144	8292.56710487	  212.74131669
24474.40000000	4.63339878	1.56251927	1.88371361	24264.29871702	5085.97530879	773.19283764	21352.38524710	8291.85877302	  212.74125711
24475.20000000	4.63324700	1.56084904	1.88554762	24258.66300167	5093.29387212	772.88665444	21346.99986190	8286.60547716	  212.74119756
24476.00000000	4.63309523	1.55925876	1.88713256	24252.34230442	5100.07090874	772.68940062	21342.58610105	8280.83539909	  212.74113831
24476.80000000	4.63294347	1.55777684	1.88866821	24246.39788537	5106.38248620	772.45850921	21340.67772680	8280.48572234	  212.74107947
24477.60000000	4.63279172	1.55647914	1.88947877	24240.28099866	5111.72342587	772.63992602	21333.49689169	8277.08312260	  212.74102067
24478.40000000	4.63263998	1.55535680	1.88963485	24233.69065129	5116.07240883	773.17658779	21327.63836807	8269.39817420	  212.74096215
24479.20000000	4.63248825	1.55436023	1.88968845	24226.86228187	5119.73048291	773.68794662	21335.18187974	8262.50051572	  212.74090444
24480.00000000	4.63233653	1.55356503	1.88930069	24220.49054740	5122.45576507	774.40001580	21340.59831582	8255.93802949	  212.74084683
24480.80000000	4.63218482	1.55296874	1.88843372	24214.98087545	5124.34516726	775.35756952	21339.88463657	8250.72475684	  212.74078911
24481.60000000	4.63203313	1.55249294	1.88747900	24210.24209746	5125.78065011	776.31558051	21346.31685301	8249.96680282	  212.74073181
24482.40000000	4.63188144	1.55232154	1.88594526	24205.91903304	5125.74385188	777.50158122	21354.05300283	8250.43852309	  212.74067439
24483.20000000	4.63172976	1.55251193	1.88357699	24201.66447694	5123.86726056	779.05977133	21355.84801242	8250.84499350	  212.74061675
24484.00000000	4.63157809	1.55282013	1.88094395	24197.33167071	5121.37128476	780.73326308	21353.58184215	8255.40068403	  212.74055980
24484.80000000	4.63142643	1.55344729	1.87808944	24193.23072306	5117.29295057	782.34155894	21349.15719965	8257.79073322	  212.74050254
24485.60000000	4.63127478	1.55458497	1.87485304	24189.56283724	5110.69948277	783.86634091	21344.36017681	8253.01603503	  212.74044425
24486.40000000	4.63112314	1.55587749	1.87131297	24185.79378445	5103.30277831	785.50768684	21341.27484346	8251.40626576	  212.74038708
24487.20000000	4.63097151	1.55739081	1.86749846	24181.77005168	5094.73798216	787.18638920	21336.83137779	8255.02025126	  212.74033036
24488.00000000	4.63081989	1.55939544	1.86343846	24177.59445704	5083.65716577	788.66980754	21328.84759182	8259.18441922	  212.74027207
24488.80000000	4.63066828	1.56162901	1.85936973	24173.06430864	5071.36470979	789.97042262	21330.18539605	8262.18982147	  212.74021366
24489.60000000	4.63051668	1.56398810	1.85529151	24168.38987596	5058.43667176	791.17663001	21339.01769066	8264.15082037	  212.74015612
24490.40000000	4.63036509	1.56661651	1.85098693	24164.07613670	5044.25798773	792.36244331	21339.99909099	8267.64860574	  212.74009913
24491.20000000	4.63021351	1.56947856	1.84661854	24159.64733331	5028.91984561	793.41146153	21341.87171550	8281.36953797	  212.74004189
24492.00000000	4.63006194	1.57244316	1.84244609	24154.83282613	5013.03398674	794.21206007	21350.15423858	8299.88356239	  212.73998454
24492.80000000	4.62991038	1.57535519	1.83866953	24150.02355652	4997.46192845	794.74071230	21355.30319119	8299.58969788	  212.73992843
24493.60000000	4.62975883	1.57826598	1.83530946	24144.91315667	4981.88203879	794.92960271	21355.01638704	8295.20293188	  212.73987323
24494.40000000	4.62960729	1.58126716	1.83220436	24139.58862360	4965.85760939	794.83689999	21351.19459557	8303.49460933	  212.73981774
24495.20000000	4.62945576	1.58432382	1.82903303	24135.56496955	4949.87666358	794.79554518	21346.31678647	8308.46942223	  212.73976092
24496.00000000	4.62930424	1.58733239	1.82603425	24133.02985004	4934.48864668	794.70428715	21342.57435277	8309.18944635	  212.73970378
24496.80000000	4.62915273	1.59018458	1.82362622	24131.60289901	4920.14364681	794.30441912	21339.97275082	8314.25666116	  212.73964769
24497.60000000	4.62900123	1.59286804	1.82160422	24132.19330873	4907.07837876	793.79861301	21333.11424837	8322.42642128	  212.73959113
24498.40000000	4.62884974	1.59543512	1.81991660	24134.95381378	4895.05756518	793.19152532	21327.45202619	8332.62873835	  212.73953381
24499.20000000	4.62869825	1.59792708	1.81871655	24139.09754854	4883.71279784	792.30346653	21334.23903307	8344.33386923	  212.73947698
24500.00000000	4.62854678	1.60013491	1.81791187	24143.90434467	4873.91264879	791.35007489	21340.11652280	8350.60475643	  212.73942097
24502.00000000	4.62816815	1.60456766	1.81744349	24158.80772217	4855.35083940	788.70562219	21349.34892065	8366.94326291	  212.73928166
24504.00000000	4.62778958	1.60753184	1.81951941	24181.13856158	4845.45469269	785.46583208	21353.80163621	8375.13616646	  212.73914408
24506.00000000	4.62741107	1.60935494	1.82346866	24207.78910697	4841.95955608	781.80560288	21342.67850119	8392.00511029	  212.73900312
24508.00000000	4.62703262	1.60995098	1.82945806	24238.50962584	4845.21535212	777.65960853	21329.58035379	8411.68940231	  212.73886063
24510.00000000	4.62665424	1.60971351	1.83639454	24270.17630443	4852.69770568	773.47667821	21339.98729858	8416.70066718	  212.73871586
24512.00000000	4.62627591	1.60849358	1.84406379	24298.47148570	4864.28562221	769.40027926	21348.95853765	8428.06893270	  212.73856813
24514.00000000	4.62589765	1.60699279	1.85108730	24316.15134739	4875.13601582	765.71955267	21354.03395878	8444.49210861	  212.73841942
24516.00000000	4.62551945	1.60531447	1.85746161	24325.93200483	4885.28915525	762.43872806	21342.70790176	8439.17411744	  212.73827008
24518.00000000	4.62514131	1.60355704	1.86267848	24327.37477729	4894.17248869	759.85073338	21330.15244196	8436.21840390	  212.73811973
24520.00000000	4.62476324	1.60167904	1.86635329	24321.86795363	4902.26243205	758.31495580	21339.38021044	8443.11658565	  212.73796769
24522.00000000	4.62438522	1.59973848	1.86915644	24312.79993678	4909.95353700	757.37864630	21348.26344312	8437.70171114	  212.73781530
24524.00000000	4.62400727	1.59795724	1.86969633	24301.64549472	4916.45047120	757.97148610	21354.37451741	8425.05900913	  212.73766421
24526.00000000	4.62362938	1.59628236	1.86932569	24291.19273585	4922.57362134	759.19683420	21343.04385636	8420.82834203	  212.73751701
24528.00000000	4.62325155	1.59449056	1.86821869	24278.47613432	4928.82018079	761.00218893	21330.64569604	8418.19084232	  212.73737100
24530.00000000	4.62287378	1.59289900	1.86652790	24267.75397830	4934.49071490	763.16697575	21339.83113303	8405.13424790	  212.73722547
24532.00000000	4.62249608	1.59127215	1.86358921	24257.33886246	4940.40374892	766.33018762	21348.22053382	8407.86410828	  212.73707845
24534.00000000	4.62211844	1.58966087	1.86020558	24246.85965752	4946.23282535	769.83479248	21354.36098270	8402.60305984	  212.73693380
24536.00000000	4.62174085	1.58798400	1.85655253	24236.40625512	4952.39796459	773.61523981	21343.34781501	8399.12891123	  212.73679013
24538.00000000	4.62136333	1.58649325	1.85263345	24226.23729704	4957.70523188	777.48535632	21330.97042024	8388.25103480	  212.73664640
24540.00000000	4.62098588	1.58494076	1.84847970	24215.21914078	4963.14975400	781.57893472	21338.71394695	8391.06071016	  212.73650342
24542.00000000	4.62060848	1.58355757	1.84482858	24202.89794176	4967.49061386	785.12386932	21346.81233384	8374.66328837	  212.73635792
24544.00000000	4.62023114	1.58255451	1.84067184	24188.81568119	4969.58260201	788.72624190	21354.64663124	8377.07622734	  212.73621348
24546.00000000	4.61985387	1.58196628	1.83619701	24175.41091925	4969.75112413	792.29042988	21343.41117282	8369.17186066	  212.73607034
24548.00000000	4.61947666	1.58165087	1.83142435	24162.40273727	4968.64393052	795.90344936	21331.81845235	8365.07293629	  212.73592654
24550.00000000	4.61909951	1.58188780	1.82609813	24149.92235623	4964.90102899	799.55115443	21337.74228705	8365.25559077	  212.73578582
24552.00000000	4.61872242	1.58224980	1.82065571	24137.42414865	4960.53554841	803.20765300	21345.71297858	8374.65116227	  212.73564239
24554.00000000	4.61834540	1.58261157	1.81515299	24124.44923282	4956.07576738	806.91355394	21354.77755250	8367.93172070	  212.73549653
24556.00000000	4.61796843	1.58267139	1.80969796	24111.61050902	4953.14186165	810.84703056	21343.69170289	8367.54376119	  212.73535095
24558.00000000	4.61759153	1.58208026	1.80467748	24097.76286259	4953.22437183	814.94167582	21332.74474688	8358.41486161	  212.73520460
24560.00000000	4.61721469	1.58047293	1.80072882	24085.39304503	4958.64555526	819.06143521	21337.75290708	8350.84427680	  212.73505972
24562.00000000	4.61683791	1.57777896	1.79705734	24073.26308173	4969.51800169	823.87662949	21345.15396988	8351.52985533	  212.73491274
24564.00000000	4.61646119	1.57385999	1.79405112	24058.15114896	4985.89974212	829.08115016	21354.74596494	8336.77095550	  212.73476247
24566.00000000	4.61608453	1.56874130	1.79196822	24041.66657489	5008.05258608	834.50120934	21344.08702110	8325.80091052	  212.73461123
24568.00000000	4.61570794	1.56247140	1.79031384	24023.50866674	5035.74497858	840.50501002	21333.95150543	8309.98372660	  212.73445957
24570.00000000	4.61533140	1.55522146	1.79008709	24007.83716636	5069.07758999	846.26034772	21337.59762094	8291.33381969	  212.73431034
24572.00000000	4.61495493	1.54717916	1.79105463	23994.21251024	5107.10904546	851.78500426	21344.65433533	8275.12813314	  212.73416153
24574.00000000	4.61457852	1.53892140	1.79301020	23982.65628676	5146.97682208	856.75722757	21354.91630091	8250.71129203	  212.73401351
24576.00000000	4.61420217	1.53070891	1.79590877	23971.78349982	5187.06765232	860.93159330	21344.79552339	8235.75809402	  212.73386496
24578.00000000	4.61382588	1.52307398	1.79993877	23960.04382574	5224.26241694	863.61764871	21335.05378905	8210.44545392	  212.73371778
24580.00000000	4.61344966	1.51648368	1.80492566	23948.77628761	5256.33252425	864.59670743	21337.19442111	8195.28228094	  212.73357215
24582.00000000	4.61307349	1.51119842	1.80961176	23936.96644007	5281.58139117	864.68828413	21343.60021538	8187.60308868	  212.73342678
24584.00000000	4.61269739	1.50757451	1.81453402	23925.73573588	5298.26906779	863.16117852	21355.19704750	8171.39905500	  212.73328172
24586.00000000	4.61232135	1.50551949	1.81942042	23913.93433902	5306.54954747	860.29613842	21345.17334287	8164.00581142	  212.73313581
24588.00000000	4.61194536	1.50528595	1.82392466	23900.26173257	5304.75431330	856.14014134	21335.42567120	8166.65151876	  212.73298910
24590.00000000	4.61156945	1.50697567	1.82780679	23885.47702390	5292.52236913	850.85646028	21336.01108676	8161.32067960	  212.73283891
24592.00000000	4.61119359	1.50995465	1.83178637	23862.78342710	5271.76604469	844.15348033	21342.62799832	8162.91373088	  212.73269049
24594.00000000	4.61081779	1.51407801	1.83495180	23833.21262905	5243.56750290	836.98451170	21355.25466201	8163.84365454	  212.73254348
24596.00000000	4.61044205	1.51885466	1.83778712	23793.07666587	5209.79228580	829.23877444	21345.75694690	8165.88400444	  212.73239681
24598.00000000	4.61006638	1.52424123	1.84027220	23739.92706377	5170.22952313	820.89906253	21336.37289810	8164.39603676	  212.73224882
24600.00000000	4.60969077	1.52989998	1.84176228	23664.68350556	5124.76056337	812.46822605	21334.48451447	8147.20185428	  212.73209810
24602.00000000	4.60931522	1.53512942	1.84289827	23565.88637185	5076.74726998	803.94251376	21341.47198456	8139.63873474	  212.73195158
24604.00000000	4.60893973	1.54009090	1.84325729	23459.23591148	5028.75967463	796.05744899	21355.15676587	8110.04311974	  212.73180547
24606.00000000	4.60856430	1.54467708	1.84306052	23356.08394693	4983.73906385	789.08589763	21346.71681505	8086.86142006	  212.73165931
24608.00000000	4.60818893	1.54902945	1.84152958	23296.18898733	4949.37018495	784.84483138	21337.59390856	8064.82839046	  212.73151044
24610.00000000	4.60781362	1.55272156	1.83916452	23315.29472645	4935.17437750	784.44680537	21332.93977179	8080.83672679	  212.73135858
24612.00000000	4.60743838	1.55567036	1.83560576	23373.92144071	4933.01603949	786.89914798	21340.73445300	8104.93921359	  212.73120566
24614.00000000	4.60706319	1.55802099	1.83077963	23436.96281965	4934.70747927	790.97712540	21355.04114126	8133.80459687	  212.73105182
24616.00000000	4.60668807	1.55965440	1.82462810	23492.19425327	4938.26378437	796.43139061	21347.47275864	8161.15256046	  212.73089735
24618.00000000	4.60631301	1.56045901	1.81811573	23532.51314981	4942.76057676	802.36494666	21338.69788148	8189.10182947	  212.73074167
24620.00000000	4.60593801	1.56059282	1.81041119	23562.45253373	4948.38683781	809.49105272	21331.21922931	8189.59808606	  212.73058477
24622.00000000	4.60556307	1.55972764	1.80287605	23579.86595505	4956.33011744	816.92296642	21340.17720074	8200.70151373	  212.73042679
24624.00000000	4.60518819	1.55815276	1.79567758	23587.45186058	4965.73891739	824.38677795	21354.81491588	8203.67941293	  212.73026951
24626.00000000	4.60481337	1.55571871	1.78896448	23586.49668538	4977.63892640	831.92847146	21348.70569157	8203.89075297	  212.73011491
24628.00000000	4.60443861	1.55275945	1.78333870	23581.50999696	4991.33533955	838.92394783	21339.94672216	8195.34125215	  212.72996342
24630.00000000	4.60406392	1.54906823	1.77872506	23575.45465677	5008.50706612	845.70288323	21330.30736383	8190.83116838	  212.72981275
24632.00000000	4.60368928	1.54499804	1.77465063	23568.88892095	5027.53366951	852.38149346	21340.01185467	8182.42136863	  212.72966052
24634.00000000	4.60331471	1.54072187	1.77147685	23562.62297008	5047.73591871	858.52709274	21355.01829993	8174.36710897	  212.72950981
24636.00000000	4.60294020	1.53638609	1.76896573	23555.36421274	5068.10754552	864.15921772	21349.44757151	8156.32805657	  212.72936075
24638.00000000	4.60256575	1.53197852	1.76718087	23547.50672299	5088.79685286	869.23701783	21340.30814946	8162.67164915	  212.72921151
24640.00000000	4.60219135	1.52777367	1.76594958	23540.24001281	5108.66247375	873.70546216	21329.00915928	8148.04278770	  212.72906327
24642.00000000	4.60181703	1.52351429	1.76501241	23533.10935040	5128.91455855	877.99150868	21339.77981557	8138.44555144	  212.72891315
24644.00000000	4.60144276	1.51950029	1.76423711	23526.15760737	5148.02218252	881.94594251	21353.90176375	8118.82031060	  212.72876345
24646.00000000	4.60106855	1.51559916	1.76362826	23521.13413255	5167.04100146	885.74331938	21350.04202565	8116.71866567	  212.72861354
24648.00000000	4.60069440	1.51186968	1.76306734	23514.43556468	5184.87030807	889.29834066	21340.81945140	8105.28873805	  212.72846306
24650.00000000	4.60032032	1.50858094	1.76271776	23508.55238342	5200.64857968	892.31647553	21327.75849401	8103.36127588	  212.72831473
24652.00000000	4.59994629	1.50573518	1.76263570	23502.43948700	5214.11329064	894.70013685	21339.18378480	8097.52355417	  212.72816442
24654.00000000	4.59957233	1.50326498	1.76335791	23495.87764227	5225.54974996	896.01519802	21352.15281791	8091.80215107	  212.72801310
24656.00000000	4.59919842	1.50168783	1.76410880	23490.79781898	5232.66619253	896.56196833	21351.22080567	8085.51626271	  212.72785786
24658.00000000	4.59882458	1.50083092	1.76591070	23483.07340223	5235.42991471	895.42059421	21340.84373835	8086.29731816	  212.72770143
24660.00000000	4.59845080	1.50089730	1.76852433	23475.26032730	5233.34059609	892.72694463	21327.21079113	8085.76241648	  212.72754592
24662.00000000	4.59807708	1.50158154	1.77146651	23464.19650030	5227.29618555	889.07618458	21338.73052698	8088.85315285	  212.72738886
24664.00000000	4.59770342	1.50289029	1.77523474	23452.33247809	5217.81989343	884.12655165	21351.08527195	8085.86572715	  212.72722927
24666.00000000	4.59732982	1.50472993	1.77902734	23440.15264509	5205.52493428	878.70434441	21352.12649659	8082.89980547	  212.72706492
24668.00000000	4.59695628	1.50659491	1.78354386	23427.27163480	5192.97050973	872.63493940	21341.09443212	8089.17631636	  212.72690080
24670.00000000	4.59658281	1.50846008	1.78776073	23416.08817478	5180.81943685	866.92960796	21327.56658788	8094.79234740	  212.72673751
24672.00000000	4.59620939	1.51004121	1.79146150	23405.85625851	5170.37409777	861.98582361	21339.25621311	8100.32637056	  212.72657658
24674.00000000	4.59583603	1.51120735	1.79515817	23396.71414002	5162.33108010	857.46927680	21350.85446687	8098.52449283	  212.72641712
24676.00000000	4.59546274	1.51222122	1.79900008	23387.66866225	5155.10600361	852.98578332	21353.18190558	8094.20022082	  212.72625816
24678.00000000	4.59508950	1.51276857	1.80256714	23380.49389129	5150.70455402	849.22286165	21341.64067599	8097.48195279	  212.72609929
24680.00000000	4.59471633	1.51311874	1.80544100	23372.06395917	5147.04477676	846.18414423	21328.58323562	8097.53784906	  212.72594211
24682.00000000	4.59434322	1.51320342	1.80761840	23361.52658324	5144.28857169	843.89152300	21339.91028646	8094.06570482	  212.72578776
24684.00000000	4.59397016	1.51323263	1.80955584	23350.31436110	5141.66944264	841.82929817	21349.56857647	8092.81857037	  212.72563434
24686.00000000	4.59359717	1.51304509	1.81012668	23338.05621611	5139.93407693	841.06492166	21353.39640910	8095.78873965	  212.72548109
24688.00000000	4.59322424	1.51274392	1.81024970	23327.23387344	5139.09807662	840.82467546	21342.36782155	8087.85129862	  212.72532528
24690.00000000	4.59285137	1.51234066	1.80970507	23315.69782015	5138.62843443	841.20586150	21329.73711566	8087.52099096	  212.72517025
24692.00000000	4.59247856	1.51175550	1.80860495	23303.10878149	5138.86005287	842.16975706	21339.45526833	8081.51085415	  212.72501194
24694.00000000	4.59210581	1.51093888	1.80628812	23290.28623948	5140.22828486	844.34792863	21347.33973136	8085.68846151	  212.72485496
24696.00000000	4.59173312	1.50997776	1.80309884	23278.61579985	5142.59285842	847.43474419	21354.13205393	8074.47368029	  212.72470157
24698.00000000	4.59136049	1.50862155	1.79945890	23267.01181943	5147.00504557	851.25470335	21343.14879645	8067.30077711	  212.72454517
24700.00000000	4.59098793	1.50694408	1.79516130	23255.49590022	5153.09451417	855.93238959	21332.09153267	8068.28409897	  212.72438789
24702.00000000	4.59061542	1.50484184	1.79019084	23243.66772399	5161.31244125	861.56916269	21338.42402106	8043.70881576	  212.72422853
24704.00000000	4.59024297	1.50235774	1.78510819	23231.40676726	5171.42026052	867.65524306	21345.26968774	8061.73646911	  212.72407274
24706.00000000	4.58987059	1.49955282	1.77978686	23220.26575473	5183.45905348	874.31526186	21354.71161959	8042.77277781	  212.72391883
24708.00000000	4.58949826	1.49639664	1.77413598	23207.41753935	5196.96766458	881.56136633	21344.25844394	8029.18446571	  212.72376254
24710.00000000	4.58912599	1.49318883	1.76880966	23193.54882297	5210.54959676	888.58557972	21334.15449149	8024.65469372	  212.72360458
24712.00000000	4.58875379	1.48980904	1.76343765	23181.05339771	5225.37328114	895.91350130	21336.16347670	8015.68127131	  212.72344322
24714.00000000	4.58838164	1.48647976	1.75894079	23168.57522054	5239.97687830	902.46650729	21343.21559513	8007.85409633	  212.72328100
24716.00000000	4.58800956	1.48342428	1.75539014	23157.75619928	5253.55760209	908.02383243	21354.98179003	8000.76341716	  212.72311835
24718.00000000	4.58763754	1.48064951	1.75250474	23145.76484114	5265.42735417	912.70512489	21345.44675884	7992.45542971	  212.72295560
24720.00000000	4.58726557	1.47826124	1.75022547	23133.19943266	5275.15229362	916.47735920	21336.10557793	7981.51383753	  212.72279262
24722.00000000	4.58689367	1.47626905	1.74848914	23120.08973072	5282.67646071	919.37952911	21333.53334835	7981.06467541	  212.72262882
24724.00000000	4.58652183	1.47475533	1.74773262	23106.49994352	5287.56922108	920.92747816	21341.33297630	7969.39532770	  212.72246537
24726.00000000	4.58615005	1.47353967	1.74729163	23092.68969294	5290.83689743	921.90306492	21354.75249768	7970.22308584	  212.72230328
24728.00000000	4.58577832	1.47258359	1.74746422	23075.77915028	5292.01963615	921.95001758	21347.14103762	7961.18593869	  212.72214519
24730.00000000	4.58540666	1.47187684	1.74762437	23051.88872142	5290.27839045	921.49908166	21338.53012393	7948.00808723	  212.72199075
24732.00000000	4.58503506	1.47144903	1.74815191	23007.62406496	5282.37926282	919.63788218	21331.47752226	7944.97793184	  212.72183806
24734.00000000	4.58466352	1.47130739	1.74874558	22946.58435924	5269.11123307	916.78354404	21340.01057276	7923.52175816	  212.72168441
24736.00000000	4.58429204	1.47142825	1.74912346	22873.85024809	5251.77490953	913.42193831	21354.76805771	7897.92633828	  212.72153293
24738.00000000	4.58392062	1.47191477	1.74935473	22805.90337942	5233.62761917	910.05515089	21348.16401328	7880.46201171	  212.72138347
24740.00000000	4.58354926	1.47271522	1.74918710	22799.13590872	5227.88822761	909.20955040	21339.01058891	7874.15034331	  212.72123390
24742.00000000	4.58317796	1.47370068	1.74880773	22828.62442260	5229.49400774	909.83392136	21328.94255788	7890.18900291	  212.72108551
24744.00000000	4.58280672	1.47478574	1.74817101	22862.98263575	5231.68487451	910.79482761	21339.18514060	7900.14075658	  212.72093456
24746.00000000	4.58243554	1.47607501	1.74762488	22890.09224498	5231.13959425	911.19738804	21353.35895955	7918.25114327	  212.72078389
24748.00000000	4.58206442	1.47755534	1.74673269	22904.56604539	5226.70439692	911.23747121	21349.30087356	7933.76323910	  212.72063266
24750.00000000	4.58169336	1.47920437	1.74630316	22909.01621081	5219.10630318	910.30371733	21339.89300941	7935.98842430	  212.72048079
24752.00000000	4.58132236	1.48091881	1.74615081	22908.21938585	5209.98489686	908.85123755	21327.23574164	7941.97652378	  212.72033089
24754.00000000	4.58095142	1.48265724	1.74636619	22899.10021154	5198.86521229	906.71616832	21338.72506687	7948.34327533	  212.72017906
24756.00000000	4.58058055	1.48433801	1.74708389	22871.75534220	5183.93667574	903.46387999	21351.27858777	7946.61622529	  212.72002606
24758.00000000	4.58020973	1.48600408	1.74839678	22815.30793235	5162.53445128	898.55339008	21350.95719555	7940.61611407	  212.71986901
24760.00000000	4.57983897	1.48758970	1.75006733	22731.99226676	5135.53274503	892.36169378	21340.62570143	7916.09184169	  212.71971183
24762.00000000	4.57946827	1.48906765	1.75195917	22645.37520246	5108.40897368	885.97089999	21327.02256322	7887.38444988	  212.71955612
24764.00000000	4.57909763	1.49046399	1.75376750	22603.27330042	5091.79665705	881.49429390	21338.48982839	7871.53133079	  212.71940003
24766.00000000	4.57872705	1.49118754	1.75637631	22620.37729170	5091.96398818	879.22652807	21349.93521941	7874.27050612	  212.71924310
24768.00000000	4.57835654	1.49148978	1.75840882	22670.01557121	5101.59570115	879.10103500	21352.39882225	7897.12595153	  212.71908209
24770.00000000	4.57798608	1.49136278	1.76021139	22719.40862522	5113.36030543	879.54143451	21341.22516615	7914.48877654	  212.71892228
24772.00000000	4.57761568	1.49067747	1.76229563	22756.72944967	5125.27114269	879.75466119	21328.23598239	7929.22292263	  212.71876387
24774.00000000	4.57724534	1.48958932	1.76420938	22777.37531157	5135.50616037	879.82612802	21338.96043661	7938.45580564	  212.71860894
24776.00000000	4.57687506	1.48815249	1.76527824	22782.69174758	5144.09071168	880.35537099	21348.66345114	7948.89422052	  212.71845612
24778.00000000	4.57650484	1.48638774	1.76703771	22779.40666045	5152.43372664	880.23308801	21353.61933426	7934.86730081	  212.71830545
24780.00000000	4.57613469	1.48447568	1.76806858	22770.48380605	5160.27281048	880.66398320	21342.25545168	7936.75556072	  212.71815507
24782.00000000	4.57576459	1.48231641	1.76911215	22757.39042530	5168.45361220	881.14012654	21330.44992118	7931.85937652	  212.71800738
24784.00000000	4.57539455	1.48022523	1.76999377	22743.26724878	5176.05883298	881.65906463	21339.29010429	7925.38380136	  212.71786277
24786.00000000	4.57502457	1.47829799	1.77047628	22730.73844179	5183.18708643	882.44735326	21346.11754447	7916.07899584	  212.71771943
24788.00000000	4.57465465	1.47631658	1.77114222	22718.09880207	5190.57941284	883.11761444	21354.22017857	7912.41768827	  212.71757685
24790.00000000	4.57428479	1.47437132	1.77157066	22705.87218128	5197.88733307	883.98215726	21343.56695008	7900.10813730	  212.71743377
24792.00000000	4.57391500	1.47270351	1.77180608	22694.59864323	5203.97856160	884.80973866	21332.67986700	7902.87855704	  212.71729213
24794.00000000	4.57354526	1.47120842	1.77167247	22684.42829212	5209.42922302	885.85484273	21337.06514039	7893.13151358	  212.71714712
24796.00000000	4.57317558	1.46984433	1.77102556	22673.49851412	5214.02676581	887.21040983	21343.26333687	7885.62751860	  212.71700491
24798.00000000	4.57280596	1.46869974	1.76975684	22663.03192808	5217.58844526	888.94356004	21354.73601912	7882.65227093	  212.71686444
24800.00000000	4.57243640	1.46760082	1.76810765	22651.60697298	5220.69209688	890.94046694	21344.90202419	7871.68975395	  212.71672368
24802.00000000	4.57206690	1.46649599	1.76635723	22639.47984836	5223.66513584	893.00960166	21335.90461274	7881.07053430	  212.71658233
24804.00000000	4.57169746	1.46533229	1.76361007	22627.02242547	5226.86977447	896.01557454	21333.85615599	7869.17692068	  212.71643800
24806.00000000	4.57132808	1.46417020	1.76057740	22612.78643213	5229.65505223	899.21593442	21340.65140335	7865.46188375	  212.71629727
24808.00000000	4.57095876	1.46297521	1.75703795	22598.68261785	5232.64245093	902.91979687	21354.74320941	7859.42714457	  212.71615688
24810.00000000	4.57058950	1.46175179	1.75334298	22584.56329450	5235.77480495	906.80473015	21346.57460061	7851.44154809	  212.71601672
24812.00000000	4.57022030	1.46041198	1.74925455	22572.39721416	5239.97022386	911.24932592	21338.34445173	7853.63127164	  212.71587353
24814.00000000	4.56985115	1.45910526	1.74498498	22557.92494291	5243.45790868	915.75740637	21330.25658438	7844.05210210	  212.71572620
24816.00000000	4.56948207	1.45793831	1.74080171	22544.14612569	5246.37378684	920.10767164	21339.15315173	7836.71419833	  212.71557739
24818.00000000	4.56911305	1.45678612	1.73661567	22528.87209042	5248.86344234	924.40581605	21353.97422946	7829.14405528	  212.71542717
24820.00000000	4.56874409	1.45594919	1.73318413	22516.83720657	5250.45192993	927.86412449	21348.46052819	7835.90005004	  212.71527555
24822.00000000	4.56837519	1.45529421	1.73007729	22504.79353493	5251.08186300	930.86300223	21339.45388034	7825.76251226	  212.71512333
24824.00000000	4.56800634	1.45484090	1.72787079	22494.01999535	5250.94781022	932.89540482	21327.44485331	7820.79996084	  212.71496987
24826.00000000	4.56763756	1.45458910	1.72639961	22483.59425226	5249.83581955	934.07102038	21338.52505954	7819.08803968	  212.71481462
24828.00000000	4.56726884	1.45440551	1.72569755	22472.49112117	5248.20667172	934.43695670	21352.43185001	7814.87809984	  212.71466059
24830.00000000	4.56690017	1.45452470	1.72534248	22461.69890315	5245.06110713	934.20854044	21350.68112105	7818.94840323	  212.71450805
24832.00000000	4.56653157	1.45457014	1.72552552	22450.08567822	5242.11105820	933.51221593	21340.51482611	7816.65529940	  212.71435989
24834.00000000	4.56616302	1.45457424	1.72592821	22436.93298995	5239.01843917	932.58586537	21326.61153447	7809.56473934	  212.71421293
24836.00000000	4.56579454	1.45454368	1.72658035	22422.92382904	5235.90727163	931.42443618	21338.98540065	7815.58040449	  212.71406651
24838.00000000	4.56542611	1.45457267	1.72681206	22407.95639661	5232.26062698	930.56008642	21350.83921921	7813.86767787	  212.71392014
24840.00000000	4.56505774	1.45443169	1.72721366	22390.07351776	5228.82206847	929.57514418	21351.82283031	7803.25195076	  212.71377625
24842.00000000	4.56468944	1.45422596	1.72736820	22364.69769841	5223.97058266	928.56914230	21341.20836516	7795.87499874	  212.71363363
24844.00000000	4.56432119	1.45382525	1.72753441	22324.69770847	5216.71732891	927.12574549	21327.90791422	7788.24691785	  212.71349123
24846.00000000	4.56395300	1.45347116	1.72756366	22261.24805196	5203.73301322	924.79109677	21338.17769969	7771.38931307	  212.71334865
24848.00000000	4.56358487	1.45291719	1.72750108	22183.30128122	5188.38575488	922.12133403	21347.35879620	7732.40376781	  212.71320415
24850.00000000	4.56321680	1.45248757	1.72778797	22120.63091400	5175.95118205	919.64749451	21353.22651163	7716.95110698	  212.71305958
24852.00000000	4.56284879	1.45198780	1.72780235	22100.18651546	5173.75251905	919.24361912	21342.19629086	7703.73783491	  212.71291571
24854.00000000	4.56248084	1.45149399	1.72797397	22114.09502556	5179.56561836	920.11853891	21330.65719298	7716.39922985	  212.71277064
24856.00000000	4.56211295	1.45079697	1.72844557	22129.33820447	5186.74988092	920.96034913	21336.60270231	7722.66173998	  212.71262781
24858.00000000	4.56174512	1.45016085	1.72838265	22133.03392015	5190.91709890	921.75827871	21344.22758093	7719.36875060	  212.71248102
24860.00000000	4.56137735	1.44943074	1.72873916	22127.06304423	5193.30707181	921.85395452	21354.01417228	7720.96426574	  212.71233168
24862.00000000	4.56100964	1.44875748	1.72916848	22118.41387614	5194.77329171	921.71842961	21343.69163725	7718.06030200	  212.71218173
24864.00000000	4.56064198	1.44808394	1.72960565	22106.38635099	5195.44667959	921.43499373	21334.54565393	7717.73360935	  212.71203017
24866.00000000	4.56027439	1.44748667	1.73014811	22097.10095319	5196.36711142	921.09844080	21333.79760640	7705.46138292	  212.71188202
24868.00000000	4.55990685	1.44689481	1.73090634	22088.63291461	5197.45104989	920.59229167	21341.15251599	7715.88508754	  212.71173079
24870.00000000	4.55953938	1.44627305	1.73178692	22083.59074963	5199.49645713	920.14397013	21353.97594952	7708.50345049	  212.71157791
24872.00000000	4.55917196	1.44570289	1.73268372	22084.53911515	5202.68524294	919.88296022	21345.98911962	7705.29073898	  212.71142385
24874.00000000	4.55880461	1.44519193	1.73370765	22088.41444985	5206.25773154	919.57255089	21337.66717067	7710.77216712	  212.71127047
24876.00000000	4.55843731	1.44463732	1.73449574	22094.90523783	5210.67670271	919.62803038	21331.11354356	7714.45696961	  212.71112046
24878.00000000	4.55807007	1.44417956	1.73502230	22099.36105581	5214.11376129	919.75019795	21339.23415184	7715.70452013	  212.71097214
24880.00000000	4.55770289	1.44370779	1.73562467	22100.91628254	5216.94131122	919.69480640	21354.19457248	7721.41781099	  212.71082575
24882.00000000	4.55733577	1.44332793	1.73617591	22099.36801372	5218.55780155	919.47278497	21349.07745222	7725.17660683	  212.71068011
24884.00000000	4.55696871	1.44285138	1.73636635	22093.43052151	5219.64252877	919.48878608	21340.05029433	7719.75259998	  212.71053573
24886.00000000	4.55660171	1.44241396	1.73672461	22085.98238664	5220.16579331	919.25157351	21327.89577389	7717.72538051	  212.71039281
24888.00000000	4.55623477	1.44198686	1.73702482	22077.03489876	5220.28013757	918.99578006	21338.94367869	7714.28028698	  212.71025234
24890.00000000	4.55586788	1.44149599	1.73715256	22065.57636627	5220.13245112	918.85239372	21353.45963382	7713.99450263	  212.71011244
24892.00000000	4.55550106	1.44116819	1.73689652	22055.22528006	5219.39428130	918.95771931	21350.42523728	7718.35516617	  212.70997333
24894.00000000	4.55513429	1.44055671	1.73711111	22041.51481737	5219.34026187	918.75103320	21340.64181014	7708.87467601	  212.70983178
24896.00000000	4.55476759	1.44009679	1.73662657	22030.45530343	5219.12121136	919.15773897	21326.89372829	7706.25628597	  212.70968955
24898.00000000	4.55440094	1.43949183	1.73665990	22020.76888652	5219.98337978	919.27893974	21339.36587325	7698.29449627	  212.70954697
24900.00000000	4.55403435	1.43901411	1.73571064	22013.89299928	5220.84696541	920.30420890	21351.34287729	7692.38198793	  212.70940469
24902.00000000	4.55366782	1.43831031	1.73554974	22006.07066372	5222.66622641	920.77303977	21352.38401546	7710.10247494	  212.70926518
24904.00000000	4.55330135	1.43776268	1.73465581	21997.90778575	5223.58875625	921.75931207	21341.67967207	7697.79149271	  212.70912177
24906.00000000	4.55293494	1.43715050	1.73388556	21988.40531923	5224.52972059	922.63573576	21328.65674330	7685.65074009	  212.70897866
24908.00000000	4.55256859	1.43647560	1.73300871	21977.36450244	5225.43183443	923.60455562	21339.38433157	7697.24458936	  212.70883451
24910.00000000	4.55220230	1.43595504	1.73218356	21967.40056273	5225.78236495	924.42898976	21347.31184957	7687.86960713	  212.70869253
24912.00000000	4.55183607	1.43534823	1.73097508	21956.11919063	5226.26905764	925.63301866	21353.77455323	7684.70496029	  212.70855168
24914.00000000	4.55146989	1.43484924	1.72976059	21945.35535985	5226.31414629	926.76586835	21342.89409918	7680.39533575	  212.70840810
24916.00000000	4.55110378	1.43450038	1.72850230	21933.14387371	5225.22852473	927.73998927	21331.92678600	7683.36023171	  212.70826338
24918.00000000	4.55073772	1.43412414	1.72716149	21919.85623152	5224.02806991	928.77131974	21336.79014865	7675.69128980	  212.70811630
24920.00000000	4.55037172	1.43385649	1.72600608	21905.98056604	5222.11868687	929.50519967	21343.12424669	7673.31906417	  212.70796790
24922.00000000	4.55000578	1.43371449	1.72464531	21892.42283249	5219.62778987	930.32693337	21354.26038154	7672.34252506	  212.70781940
24924.00000000	4.54963990	1.43358740	1.72295098	21878.78527273	5217.03933018	931.44240698	21344.62091661	7674.21884838	  212.70767029
24926.00000000	4.54927408	1.43339740	1.72155483	21865.18535929	5214.78708439	932.34108051	21335.71160880	7662.54293614	  212.70752107
24928.00000000	4.54890832	1.43327113	1.71996583	21853.99968766	5212.77753638	933.46388869	21332.35161450	7658.13962049	  212.70737130
24930.00000000	4.54854262	1.43301073	1.71848268	21841.34794740	5211.11655230	934.55150301	21339.71754726	7655.55633428	  212.70722073
24932.00000000	4.54817697	1.43272117	1.71696809	21828.16401472	5209.47921622	935.67395712	21353.80807448	7656.35687945	  212.70707111
24934.00000000	4.54781139	1.43231826	1.71543969	21814.18939197	5208.24211058	936.88260077	21347.23873139	7649.77894684	  212.70692396
24936.00000000	4.54744586	1.43183133	1.71399833	21798.51596859	5207.03481957	938.01647383	21338.75456088	7637.74848259	  212.70678008
24938.00000000	4.54708039	1.43124357	1.71290206	21783.24428182	5206.44611322	938.93919115	21328.57385355	7644.87217198	  212.70663679
24940.00000000	4.54671499	1.43057549	1.71161535	21767.93283638	5206.26351582	940.11513889	21338.51955817	7639.76868119	  212.70649276
24942.00000000	4.54634964	1.42974951	1.71060938	21753.05619535	5207.00455987	941.19528549	21353.29412789	7634.68247250	  212.70634964
24944.00000000	4.54598434	1.42889789	1.70979619	21736.25377327	5207.41546749	942.03530287	21349.15865661	7643.74877754	  212.70620836
24946.00000000	4.54561911	1.42803580	1.70899683	21718.64759943	5207.68506590	942.83743875	21339.63833962	7615.36047265	  212.70606743
24948.00000000	4.54525394	1.42721209	1.70837709	21700.75892985	5207.68356689	943.42166381	21326.35803553	7612.83473413	  212.70592689
24950.00000000	4.54488882	1.42634552	1.70769658	21683.72355369	5208.10670749	944.14059982	21338.20020551	7610.63297992	  212.70578549
24952.00000000	4.54452377	1.42543091	1.70712410	21667.38600776	5208.94464964	944.83324806	21350.16529869	7604.03438673	  212.70564303
24954.00000000	4.54415877	1.42461973	1.70698593	21653.60862685	5209.85693335	945.12929871	21351.31381696	7603.13793737	  212.70550172
24956.00000000	4.54379383	1.42385539	1.70651337	21640.34631486	5210.64716434	945.71946437	21341.06045128	7598.90502906	  212.70536003
24958.00000000	4.54342895	1.42304833	1.70613089	21627.44559937	5211.74541724	946.28065796	21328.02998213	7593.79520477	  212.70521829
24960.00000000	4.54306413	1.42237466	1.70564531	21614.57215439	5212.15326861	946.81434840	21337.52043099	7591.39122540	  212.70507744
24962.00000000	4.54269936	1.42175045	1.70530774	21601.34005269	5212.21497275	947.14522916	21346.18449147	7579.01074559	  212.70493422
24964.00000000	4.54233466	1.42124455	1.70526469	21590.00279039	5212.11550123	947.16792904	21353.57239025	7578.95023238	  212.70478733
24966.00000000	4.54197001	1.42078239	1.70492052	21579.54077349	5211.99806234	947.47262577	21342.46142021	7575.42831187	  212.70464017
24968.00000000	4.54160543	1.42037525	1.70457678	21568.34536523	5211.41542937	947.69241699	21332.21606571	7576.12390755	  212.70449128
24970.00000000	4.54124090	1.42003756	1.70479225	21558.58546014	5210.81659331	947.37936772	21335.61827958	7577.41820024	  212.70434449
24972.00000000	4.54087643	1.41964407	1.70447627	21546.99387589	5210.06450518	947.54198198	21342.69377280	7569.21998868	  212.70419457
24974.00000000	4.54051202	1.41935901	1.70448219	21535.13117657	5208.68072197	947.28471164	21354.03876946	7565.94355991	  212.70404133
24976.00000000	4.54014766	1.41908304	1.70448047	21522.81594232	5207.13884753	947.00592815	21344.84183669	7560.66567484	  212.70388641
24978.00000000	4.53978337	1.41879525	1.70445014	21510.49250415	5205.65529525	946.76482620	21336.87743186	7546.50128898	  212.70373253
24980.00000000	4.53941913	1.41833561	1.70470250	21496.57502804	5204.67891852	946.34839992	21332.06059750	7562.60151326	  212.70357943
24982.00000000	4.53905496	1.41806235	1.70480298	21484.34217502	5203.13872547	945.97329630	21339.57880353	7554.04964101	  212.70342826
24984.00000000	4.53869084	1.41761371	1.70500893	21472.33697669	5202.56487006	945.67418955	21353.95901876	7553.21646812	  212.70327782
24986.00000000	4.53832678	1.41710585	1.70536312	21460.15504538	5202.25463349	945.28292380	21348.34156192	7547.63059507	  212.70312796
24988.00000000	4.53796277	1.41651955	1.70563555	21446.43754153	5201.97831874	944.97524169	21339.16212352	7544.90094182	  212.70297846
24990.00000000	4.53759883	1.41592011	1.70597256	21432.99408411	5201.83475092	944.63075527	21327.83790998	7540.37312058	  212.70283052
24992.00000000	4.53723495	1.41529453	1.70637913	21420.51693202	5202.05984661	944.28764067	21338.64442228	7539.43830063	  212.70268481
24994.00000000	4.53687112	1.41461843	1.70689510	21408.06272446	5202.55153429	943.88974546	21353.07798261	7533.87818248	  212.70253951
24996.00000000	4.53650735	1.41407416	1.70712768	21397.00111171	5202.69427869	943.69613592	21349.97043452	7523.55948660	  212.70239526
24998.00000000	4.53614364	1.41332098	1.70754053	21383.35364270	5203.29338370	943.41523357	21340.13535436	7528.96624596	  212.70224942
25000.00000000	4.53577999	1.41269680	1.70785896	21370.37774087	5203.38273828	943.13106251	21326.43081306	7519.50280908	  212.70210281
25002.00000000	4.53541640	1.41197792	1.70849743	21356.67738092	5203.78647648	942.60222792	21339.01039918	7514.84280566	  212.70195641
25004.00000000	4.53505286	1.41137802	1.70816199	21343.51792796	5203.70079880	942.90294521	21350.05781559	7521.47982740	  212.70181067
25006.00000000	4.53468938	1.41081671	1.70865624	21331.80613941	5203.76546171	942.44873569	21352.26887806	7510.92014201	  212.70166828
25008.00000000	4.53432597	1.41034185	1.70849291	21318.42878902	5202.97223081	942.45899422	21341.39960942	7507.15492904	  212.70152269
25010.00000000	4.53396261	1.40981264	1.70838599	21304.19411094	5202.25050376	942.42902745	21329.31087071	7497.78492783	  212.70137705
25012.00000000	4.53359931	1.40935368	1.70824989	21289.91823099	5201.15105259	942.35810001	21338.26985708	7490.35517240	  212.70122983
25014.00000000	4.53323606	1.40893602	1.70782576	21275.60868359	5199.82654241	942.51778244	21345.12256071	7498.18509115	  212.70108487
25016.00000000	4.53287288	1.40852327	1.70752755	21261.91431590	5198.62486265	942.58101079	21353.66678909	7490.84770615	  212.70094173
25018.00000000	4.53250975	1.40815871	1.70693771	21247.02956376	5196.87969620	942.82054167	21343.49419517	7491.52530827	  212.70079587
25020.00000000	4.53214668	1.40765652	1.70651937	21229.65765141	5195.23900638	942.91725920	21333.98073687	7478.53106957	  212.70064766
25022.00000000	4.53178367	1.40724713	1.70580944	21211.01831160	5192.80310855	943.14448266	21333.95442566	7482.42235624	  212.70049614
25024.00000000	4.53142072	1.40679052	1.70489856	21192.59581224	5190.66256125	943.61483445	21340.65357696	7468.47930180	  212.70034278
25026.00000000	4.53105783	1.40631106	1.70403883	21173.93275251	5188.57853918	944.04725351	21353.89585578	7463.95131097	  212.70018852
25028.00000000	4.53069499	1.40581080	1.70324920	21157.52813218	5187.15292713	944.53340463	21346.16142452	7458.03432919	  212.70003385
25030.00000000	4.53033221	1.40529636	1.70279106	21144.47817193	5186.62104853	944.86934242	21337.48921237	7451.34692529	  212.69987835
25032.00000000	4.52996949	1.40469493	1.70192671	21131.71685393	5186.60922255	945.68423567	21328.61073202	7454.52881330	  212.69972198
25034.00000000	4.52960683	1.40404249	1.70135287	21119.02426155	5186.87691508	946.27589993	21338.20847985	7450.73862648	  212.69956421
25036.00000000	4.52924423	1.40336585	1.70073697	21104.81723994	5186.89614260	946.86240425	21352.55519195	7441.60199792	  212.69940736
25038.00000000	4.52888168	1.40276721	1.70005861	21088.98620096	5186.10904344	947.36114946	21349.28076999	7451.69922113	  212.69925343
25040.00000000	4.52851920	1.40202093	1.69943052	21070.70489912	5185.48175437	947.84170649	21339.69531060	7431.45398817	  212.69910398
25042.00000000	4.52815677	1.40133486	1.69887653	21050.93558626	5184.17203724	948.12740787	21326.05341185	7430.89003360	  212.69895575
25044.00000000	4.52779440	1.40062886	1.69843808	21028.19973786	5182.23029756	948.18793429	21338.28311658	7418.86864498	  212.69880759
25046.00000000	4.52743208	1.39998423	1.69746555	21005.45061046	5179.96204210	948.69509787	21350.41359660	7413.06413351	  212.69865999
25048.00000000	4.52706983	1.39922920	1.69707311	20986.33647447	5179.15740338	948.92005449	21351.76648972	7405.67072775	  212.69851482
25050.00000000	4.52670763	1.39855911	1.69646138	20973.92430989	5179.56388189	949.57523386	21340.91396769	7403.83316692	  212.69837102
25052.00000000	4.52634549	1.39783622	1.69575922	20963.99822355	5180.85643935	950.47935194	21328.29916117	7404.66422827	  212.69822782
25054.00000000	4.52598341	1.39724858	1.69491140	20952.96633862	5181.17385406	951.34381477	21337.35763005	7397.30691214	  212.69808529
25056.00000000	4.52562139	1.39642617	1.69440560	20940.39998430	5182.32675860	952.03692125	21345.03972737	7385.65110149	  212.69794083
25058.00000000	4.52525943	1.39580724	1.69364382	20928.22443624	5182.52019359	952.79799969	21353.48045332	7387.77029502	  212.69779724
25060.00000000	4.52489752	1.39524714	1.69285336	20916.46212317	5182.50937647	953.54946205	21342.87479342	7378.45242887	  212.69765491
25062.00000000	4.52453567	1.39461050	1.69196621	20904.00780614	5182.72198346	954.43492679	21332.88819547	7384.10818991	  212.69751107
25064.00000000	4.52417388	1.39402899	1.69113492	20891.22603231	5182.56587118	955.19990109	21333.64174877	7376.76235985	  212.69737096
25066.00000000	4.52381215	1.39343848	1.69017628	20877.93240598	5182.32736709	956.07202790	21340.65520122	7377.75010743	  212.69722662
25068.00000000	4.52345047	1.39284483	1.68932886	20863.67288744	5181.86317307	956.79685257	21353.59234870	7369.30980415	  212.69708088
25070.00000000	4.52308885	1.39245921	1.68814419	20849.50331539	5180.34116880	957.64965830	21345.66179954	7366.84890077	  212.69693401
25072.00000000	4.52272730	1.39203090	1.68739118	20835.05901370	5178.97002714	958.11738706	21337.65297548	7356.57208726	  212.69678556
25074.00000000	4.52236579	1.39150599	1.68634333	20818.88415568	5177.66653516	958.88047553	21328.47611708	7354.70588170	  212.69663961
25076.00000000	4.52200435	1.39113097	1.68556262	20802.99512642	5175.65552536	959.25665404	21338.06902764	7353.44501845	  212.69649116
25078.00000000	4.52164296	1.39072853	1.68474742	20787.21122510	5173.81029846	959.69668385	21351.98153742	7345.62215542	  212.69634129
25080.00000000	4.52128164	1.39035782	1.68423387	20771.01596820	5171.69623721	959.79731543	21349.19374866	7340.33113889	  212.69618891
25082.00000000	4.52092037	1.39010865	1.68324871	20755.89280710	5169.21865007	960.28308049	21339.47351779	7339.19241656	  212.69603677
25084.00000000	4.52055915	1.38974970	1.68288218	20739.83645148	5167.07426240	960.23661067	21325.89461160	7337.49008581	  212.69588696
25086.00000000	4.52019800	1.38955790	1.68222938	20723.90013979	5164.09427722	960.30949819	21338.10503345	7329.39056861	  212.69573899
25088.00000000	4.51983690	1.38944018	1.68207511	20708.87921944	5160.95877827	959.87449348	21349.75945402	7318.78492746	  212.69559267
25090.00000000	4.51947586	1.38919603	1.68140602	20693.34445819	5158.34656081	960.03078485	21351.94441977	7328.16332197	  212.69544694
25092.00000000	4.51911488	1.38906607	1.68112054	20680.33374873	5155.77331327	959.82584814	21340.68983198	7321.29072202	  212.69530163
25094.00000000	4.51875396	1.38905208	1.68077522	20667.67670691	5152.68990956	959.58313399	21328.70163859	7315.35557611	  212.69515801
25096.00000000	4.51839309	1.38897624	1.68079910	20655.44528070	5150.03104787	959.06506605	21338.19859513	7313.51036742	  212.69501651
25098.00000000	4.51803228	1.38878708	1.68037506	20641.50952031	5147.53002026	959.00588237	21345.11464582	7315.92693240	  212.69487589
25100.00000000	4.51767153	1.38869949	1.68033263	20629.01657175	5144.86520853	958.55009417	21353.24220544	7303.83817809	  212.69473578
25102.00000000	4.51731084	1.38853597	1.68020933	20616.06327053	5142.47548711	958.22299497	21343.04091648	7302.28410061	  212.69459536
25104.00000000	4.51695021	1.38827279	1.67996399	20603.97180684	5140.81214824	958.14809972	21333.51133286	7298.02595218	  212.69445589
25106.00000000	4.51658963	1.38810862	1.68037784	20588.67388826	5137.83863560	957.19767735	21333.88565025	7304.07079309	  212.69431296
25108.00000000	4.51622911	1.38784022	1.68016311	20570.49920270	5134.68118044	956.81486515	21339.94794623	7292.44056241	  212.69417291
25110.00000000	4.51586865	1.38756613	1.68017415	20549.76871944	5130.91268943	956.10207948	21353.78422297	7289.51404836	  212.69403414
25112.00000000	4.51550824	1.38724698	1.67995072	20527.45984127	5126.97857616	955.58247035	21346.22189785	7277.54911537	  212.69389687
25114.00000000	4.51514789	1.38697656	1.68000452	20508.70083659	5123.67862744	954.91604103	21337.91498718	7280.52990512	  212.69375723
25116.00000000	4.51478761	1.38659293	1.68016615	20494.14571983	5122.00693528	954.45020216	21327.75697887	7270.53059667	  212.69361642
25118.00000000	4.51442737	1.38617535	1.68022641	20481.83011305	5121.06694068	954.21753370	21337.78054221	7266.54311085	  212.69347813
25120.00000000	4.51406720	1.38573016	1.68002830	20470.31466906	5120.46684165	954.29475817	21352.20169181	7262.25631892	  212.69334057
25122.00000000	4.51370708	1.38526100	1.68029987	20459.08129905	5120.05848677	953.95955062	21349.34372289	7259.02028238	  212.69320468
25124.00000000	4.51334702	1.38490459	1.68055851	20450.26276499	5119.67592811	953.64158719	21339.71297301	7261.40899316	  212.69306425
25126.00000000	4.51298702	1.38439016	1.68056437	20442.48246421	5120.36153913	953.76371535	21325.90185973	7256.24989722	  212.69292282
25128.00000000	4.51262708	1.38381975	1.68054121	20432.71725996	5120.83572213	953.87412496	21338.05469197	7255.67399465	  212.69277956
25130.00000000	4.51226719	1.38320636	1.68054153	20422.80744262	5121.49262570	953.99618436	21348.23471020	7251.38626421	  212.69263463
25132.00000000	4.51190736	1.38262217	1.68055085	20409.75261509	5121.20974846	953.93460630	21352.21897556	7258.14869136	  212.69248951
25134.00000000	4.51154759	1.38197590	1.68052140	20397.25751991	5121.38319429	953.99500390	21341.11855039	7245.54203376	  212.69234400
25136.00000000	4.51118787	1.38140198	1.68039820	20383.97018086	5120.98516026	954.03839627	21330.25116165	7247.15217066	  212.69219777
25138.00000000	4.51082822	1.38059199	1.68026937	20368.13916357	5121.15440008	954.19284279	21335.82994593	7243.38346396	  212.69205016
25140.00000000	4.51046862	1.37984529	1.68011267	20353.40493524	5121.27240441	954.36436575	21342.70716019	7225.55233546	  212.69190121
25142.00000000	4.51010907	1.37914679	1.67963508	20337.72599919	5120.90304505	954.75140834	21353.44977528	7228.82963460	  212.69175319
25144.00000000	4.50974959	1.37841259	1.67933487	20323.08418909	5120.97474812	955.05144810	21344.12955276	7224.09483730	  212.69160776
25146.00000000	4.50939016	1.37762704	1.67865735	20307.85309451	5121.15818289	955.73296350	21336.13468819	7228.19201986	  212.69146463
25148.00000000	4.50903079	1.37682671	1.67833459	20294.60040696	5121.91373891	956.18253547	21330.82456660	7209.79543322	  212.69132107
25150.00000000	4.50867148	1.37609011	1.67790216	20280.71329822	5122.18056356	956.64594881	21338.58733193	7207.45595524	  212.69117597
25152.00000000	4.50831222	1.37527684	1.67742033	20267.79046910	5123.08145877	957.27533394	21353.35152175	7204.90625225	  212.69103214
25154.00000000	4.50795302	1.37446272	1.67702724	20254.59905822	5123.91688565	957.80786784	21347.73004566	7195.45272718	  212.69088950
25156.00000000	4.50759388	1.37379100	1.67627401	20241.06797749	5123.93456248	958.53289372	21338.49856447	7194.39735569	  212.69074764
25158.00000000	4.50723480	1.37297315	1.67573716	20225.32130539	5124.13741894	959.08558949	21326.28427568	7187.88357757	  212.69060674
25160.00000000	4.50687577	1.37228850	1.67511609	20211.45920343	5124.13242254	959.68050250	21338.04979466	7182.87991756	  212.69046482
25162.00000000	4.50651680	1.37153148	1.67474522	20196.64607573	5124.25460665	960.05937392	21350.24672657	7181.79137083	  212.69032296
25164.00000000	4.50615789	1.37077696	1.67386253	20181.96120635	5124.39379079	960.93328309	21351.01682844	7176.13014170	  212.69018211
25166.00000000	4.50579903	1.37000593	1.67326085	20166.92200041	5124.52486441	961.53622292	21340.71844553	7167.93628464	  212.69004185
25168.00000000	4.50544024	1.36932464	1.67272347	20153.13859601	5124.51249083	962.05074993	21328.03626045	7164.72897355	  212.68990212
25170.00000000	4.50508150	1.36870087	1.67198005	20140.61056264	5124.52241592	962.76809079	21337.05256707	7158.08158109	  212.68976408
25172.00000000	4.50472281	1.36797054	1.67133159	20125.50539316	5124.42023750	963.37340224	21344.86427147	7163.66912271	  212.68962387
25174.00000000	4.50436419	1.36725962	1.67086982	20108.71968551	5123.78749949	963.69935398	21353.51645502	7148.67920635	  212.68948053
25176.00000000	4.50400562	1.36654365	1.67031231	20091.78963602	5123.14036088	964.11499262	21343.06106781	7142.60175818	  212.68933710
25178.00000000	4.50364711	1.36588055	1.66967526	20075.65213892	5122.42105422	964.59392503	21333.87902473	7136.74614970	  212.68919161
25180.00000000	4.50328865	1.36519277	1.66935576	20059.33377842	5121.77878753	964.78118151	21332.84253079	7138.91767185	  212.68904907
25182.00000000	4.50293025	1.36451181	1.66877069	20043.46427604	5121.21297524	965.23916064	21340.00662730	7128.27528634	  212.68890198
25184.00000000	4.50257191	1.36392891	1.66815960	20026.59452126	5119.88616188	965.57896005	21353.29505921	7126.11682200	  212.68875318
25186.00000000	4.50221363	1.36317667	1.66781762	20008.46278128	5119.10003438	965.76091778	21346.48013981	7120.90502904	  212.68860137
25188.00000000	4.50185540	1.36270423	1.66713158	19992.35464884	5117.39594850	966.10198976	21338.41664541	7108.89282894	  212.68844980
25190.00000000	4.50149724	1.36202339	1.66678264	19975.95167417	5116.67975794	966.30390338	21327.13916130	7111.79957454	  212.68829924
25192.00000000	4.50113912	1.36153195	1.66624875	19962.28361330	5115.69223064	966.63334609	21337.57520821	7104.50532172	  212.68815021
25194.00000000	4.50078107	1.36111190	1.66568274	19949.24146572	5114.49782481	966.95480495	21351.64174050	7107.10320302	  212.68800139
25196.00000000	4.50042307	1.36058799	1.66557792	19935.01086428	5113.52776888	966.87274423	21350.29556219	7092.38932725	  212.68785327
25198.00000000	4.50006513	1.36022331	1.66485117	19921.26083977	5111.86462513	967.26098139	21339.64116653	7092.13252501	  212.68770494
25200.00000000	4.49970724	1.35982608	1.66426360	19906.71240916	5110.16098037	967.50692724	21326.22355478	7087.84984172	  212.68755795
25202.00000000	4.49934942	1.35953286	1.66381193	19892.34094584	5107.96928073	967.52887459	21338.26681073	7086.08295802	  212.68741338
25204.00000000	4.49899165	1.35927388	1.66336774	19878.56923361	5105.75508225	967.53914920	21347.13434582	7094.41970424	  212.68726926
25206.00000000	4.49863393	1.35902069	1.66281559	19864.27722002	5103.37615764	967.62246702	21352.22654313	7079.73777814	  212.68712524
25208.00000000	4.49827628	1.35871979	1.66222765	19851.20642764	5101.55292038	967.84564946	21341.68614300	7074.27986792	  212.68697980
25210.00000000	4.49791868	1.35852895	1.66181945	19838.40983371	5099.23740677	967.80132907	21331.23928987	7068.82314981	  212.68683541
25212.00000000	4.49756114	1.35839115	1.66096535	19823.73213787	5096.16689228	968.04502073	21335.16931898	7072.15582560	  212.68668670
25214.00000000	4.49720365	1.35819629	1.66055397	19809.63735600	5093.53587215	967.94335387	21341.10823111	7066.88561411	  212.68654112
25216.00000000	4.49684622	1.35799668	1.66007337	19795.15947864	5090.82934951	967.89407871	21353.49150307	7062.71838833	  212.68639657
25218.00000000	4.49648885	1.35776562	1.65978131	19780.47435630	5088.22826908	967.68212906	21344.94906680	7060.84946246	  212.68625202
25220.00000000	4.49613153	1.35762972	1.65894681	19765.60373089	5085.09402897	967.89342678	21337.10354656	7059.18817668	  212.68610649
25222.00000000	4.49577428	1.35745222	1.65824334	19749.20578014	5081.77728751	967.94280511	21328.37352503	7044.29325779	  212.68595762
25224.00000000	4.49541708	1.35723720	1.65784121	19732.58028453	5078.59115012	967.72500117	21337.69521016	7044.34419941	  212.68581225
25226.00000000	4.49505993	1.35693269	1.65749511	19716.35253034	5075.96007071	967.55846468	21352.08336195	7035.34059151	  212.68566735
25228.00000000	4.49470284	1.35672219	1.65689040	19700.78523595	5073.02003008	967.58297987	21349.01057084	7032.79012485	  212.68552480
25230.00000000	4.49434581	1.35640691	1.65660671	19684.41757409	5070.40362600	967.35833444	21339.24427354	7034.40737125	  212.68537766
25232.00000000	4.49398884	1.35607266	1.65617423	19668.59059412	5068.02053691	967.32193691	21325.81888377	7026.42917566	  212.68522921
25234.00000000	4.49363192	1.35574225	1.65582028	19652.35808279	5065.51134984	967.18528575	21337.83057907	7025.36289554	  212.68507903
25236.00000000	4.49327506	1.35519636	1.65537637	19632.11838465	5063.05754541	967.14599664	21347.56979044	7017.80577851	  212.68492733
25238.00000000	4.49291826	1.35471225	1.65500530	19607.46711753	5059.14863051	966.75798496	21352.14406103	7008.21776680	  212.68477462
25240.00000000	4.49256151	1.35425202	1.65452357	19575.34933130	5053.18665099	966.08398625	21341.23610081	7001.54793655	  212.68462251
25242.00000000	4.49220482	1.35371346	1.65425223	19539.08393525	5046.54225767	965.07551625	21330.90223232	6985.44396435	  212.68446907
25244.00000000	4.49184819	1.35322432	1.65392049	19499.85044981	5038.87315687	963.92863495	21334.88993016	6969.96634439	  212.68431424
25246.00000000	4.49149161	1.35268546	1.65353985	19470.04398757	5033.88283980	963.34061181	21341.46668110	6962.49946769	  212.68415853
25248.00000000	4.49113509	1.35210992	1.65323895	19453.25076240	5032.43655283	963.35366909	21353.25944892	6955.01749133	  212.68400380
25250.00000000	4.49077862	1.35152394	1.65284022	19448.28942789	5034.10210972	964.05682506	21345.30394866	6958.20751703	  212.68385167
25252.00000000	4.49042222	1.35091786	1.65268670	19448.17405639	5037.12419522	964.78366959	21337.19173618	6952.37243058	  212.68370168
25254.00000000	4.49006587	1.35030674	1.65254146	19444.73202735	5039.31139278	965.34279265	21328.60694905	6956.74831269	  212.68355219
25256.00000000	4.48970957	1.34969148	1.65238444	19439.02499607	5040.93288140	965.80505045	21337.85419262	6953.18058810	  212.68340076
25258.00000000	4.48935334	1.34902554	1.65214883	19428.21495305	5041.48583503	966.13858956	21352.12875770	6953.90623111	  212.68325068
25260.00000000	4.48899715	1.34843134	1.65197401	19414.40039171	5040.89549056	966.19436194	21348.88447216	6948.88451458	  212.68310126
25262.00000000	4.48864103	1.34784106	1.65198633	19399.38600486	5039.97112474	966.00527965	21338.99108000	6941.43961213	  212.68295301
25264.00000000	4.48828496	1.34719235	1.65155402	19384.12783303	5039.27500815	966.28950101	21325.76363478	6939.79180927	  212.68280494
25266.00000000	4.48792895	1.34652720	1.65145302	19370.53418727	5039.09174445	966.35196176	21337.42942442	6929.96396282	  212.68265654
25268.00000000	4.48757300	1.34591049	1.65110593	19357.53953015	5038.81781466	966.63487834	21347.05356848	6933.92984199	  212.68250719
25270.00000000	4.48721710	1.34536094	1.65067335	19343.16843408	5037.84475027	966.86636476	21351.94850725	6922.55103870	  212.68235764
25272.00000000	4.48686126	1.34472503	1.65056754	19327.21299896	5036.89125255	966.78565610	21341.09736987	6918.18635826	  212.68220989
25274.00000000	4.48650547	1.34413277	1.65035387	19310.16310620	5035.42922826	966.71157461	21330.68730736	6914.68237452	  212.68206095
25276.00000000	4.48614974	1.34346147	1.65022999	19293.07476559	5034.35158832	966.62442184	21334.12052595	6910.34005237	  212.68191455
25278.00000000	4.48579407	1.34290419	1.64986025	19276.46959533	5032.82255626	966.68820148	21341.08244682	6906.18097666	  212.68176437
25280.00000000	4.48543846	1.34226910	1.64957106	19260.67959985	5031.89468355	966.78952329	21352.95349843	6901.52001814	  212.68161184
25282.00000000	4.48508290	1.34165176	1.64957267	19244.87555285	5030.87064674	966.59120973	21344.78015544	6891.72714109	  212.68145815
25284.00000000	4.48472739	1.34104023	1.64924633	19229.99371253	5030.05543265	966.75002288	21336.54288916	6878.20176321	  212.68130161
25286.00000000	4.48437195	1.34048419	1.64874472	19216.34958190	5029.28218946	967.08638521	21327.66328666	6886.09358600	  212.68114790
25288.00000000	4.48401656	1.33989399	1.64856632	19204.51352757	5029.15177526	967.23385177	21337.29996575	6879.75957172	  212.68099129
25290.00000000	4.48366123	1.33920472	1.64811309	19191.64430516	5029.24698276	967.69064627	21351.11507515	6874.73492752	  212.68083300
25292.00000000	4.48330595	1.33867175	1.64780085	19178.24642764	5028.41531516	967.83276872	21349.09241217	6878.50541854	  212.68067110
25294.00000000	4.48295073	1.33815528	1.64731812	19163.78843441	5027.22025977	968.06995594	21338.94296821	6866.47028874	  212.68050945
25296.00000000	4.48259556	1.33750073	1.64719431	19148.96361119	5026.62039498	968.07429254	21325.71458109	6858.17332314	  212.68034865
25298.00000000	4.48224045	1.33690447	1.64698969	19134.36835098	5025.78487889	968.11145680	21337.19490818	6857.71658564	  212.68018949
25300.00000000	4.48188540	1.33634984	1.64645312	19119.55916326	5024.68121849	968.41835043	21346.97165139	6855.03047045	  212.68003182
25302.00000000	4.48153041	1.33590105	1.64601748	19105.34270593	5023.19893453	968.55451336	21352.11625738	6848.29439432	  212.67987422
25304.00000000	4.48117547	1.33533540	1.64564328	19090.99553183	5022.26682383	968.73722385	21341.16931186	6843.34622124	  212.67971594
25306.00000000	4.48082059	1.33483282	1.64526171	19077.84470690	5021.33020873	968.92620210	21331.70748080	6837.74366382	  212.67955878
25308.00000000	4.48046576	1.33432071	1.64493116	19064.69119007	5020.43850755	969.07440954	21334.80021237	6838.57330929	  212.67940278
25310.00000000	4.48011099	1.33386926	1.64446046	19050.00651871	5018.83675773	969.22133487	21340.49255672	6835.51664192	  212.67924728
25312.00000000	4.47975627	1.33341051	1.64403319	19034.45037959	5017.03942448	969.28829798	21353.02472597	6828.68760247	  212.67909155
25314.00000000	4.47940162	1.33299052	1.64341156	19018.32082524	5014.89381331	969.47624423	21345.62605614	6819.69438986	  212.67893621
25316.00000000	4.47904701	1.33251498	1.64277548	18999.01140505	5012.18507617	969.56911651	21336.55054310	6817.50665767	  212.67877867
25318.00000000	4.47869247	1.33209563	1.64249840	18980.93455341	5009.51650514	969.32144626	21327.41769101	6809.96215583	  212.67861769
25320.00000000	4.47833798	1.33175615	1.64198994	18963.54159624	5006.62545846	969.25473952	21337.42245980	6801.04336821	  212.67845911
25322.00000000	4.47798355	1.33134780	1.64132304	18948.23459546	5004.62739814	969.51428199	21351.54166440	6810.81697113	  212.67830104
25324.00000000	4.47762917	1.33106615	1.64110218	18935.22469778	5002.60002589	969.33559256	21349.36015918	6794.55822472	  212.67814615
25326.00000000	4.47727485	1.33072306	1.64047482	18920.06812447	5000.31097046	969.50008970	21339.13491256	6790.44664983	  212.67798689
25328.00000000	4.47692058	1.33043891	1.63998586	18902.43674149	4997.07096669	969.34574506	21326.10257687	6786.75432200	  212.67782714
25330.00000000	4.47656637	1.33014445	1.63944779	18881.54679221	4993.01850870	969.08093176	21337.76405644	6785.64406614	  212.67766670
25332.00000000	4.47621222	1.32979757	1.63879728	18860.72617247	4989.24308954	968.97829170	21345.40918852	6766.21032393	  212.67750893
25334.00000000	4.47585813	1.32941254	1.63861257	18840.36600926	4985.77647183	968.48390075	21352.17989508	6769.54253632	  212.67735284
25336.00000000	4.47550408	1.32918324	1.63801558	18823.10768563	4982.35167944	968.39659164	21341.87061150	6763.71313998	  212.67719302
25338.00000000	4.47515010	1.32887258	1.63765024	18809.78450423	4980.37212192	968.36555021	21332.72615356	6755.94852155	  212.67703087
25340.00000000	4.47479617	1.32850908	1.63701809	18796.66185236	4978.70699476	968.65393335	21332.48730453	6768.30493128	  212.67686427
25342.00000000	4.47444230	1.32829266	1.63676692	18782.82788347	4976.11957897	968.39372196	21339.10179747	6752.65758220	  212.67669649
25344.00000000	4.47408848	1.32795766	1.63629856	18766.17573411	4973.37372372	968.31277655	21352.50234749	6745.97275741	  212.67652753
25346.00000000	4.47373472	1.32759939	1.63583762	18749.35134073	4970.69547597	968.23751618	21346.24847523	6747.53537141	  212.67635832
25348.00000000	4.47338102	1.32720335	1.63541284	18733.88263082	4968.56186551	968.23311203	21337.49504099	6738.93491424	  212.67618849
25350.00000000	4.47302737	1.32691204	1.63494468	18721.38183083	4966.69308026	968.32216442	21325.58457109	6735.64531372	  212.67601808
25352.00000000	4.47267378	1.32649066	1.63444604	18708.21860612	4965.29276817	968.53198216	21336.69025196	6729.86134936	  212.67584657
25354.00000000	4.47232024	1.32602092	1.63399843	18693.81860356	4963.80205347	968.67469506	21348.99689856	6724.04971984	  212.67567598
25356.00000000	4.47196676	1.32557286	1.63348990	18678.13584498	4961.86049959	968.78833195	21350.67151531	6729.95072912	  212.67550797
25358.00000000	4.47161334	1.32514847	1.63311923	18662.36155915	4959.77449190	968.74006308	21339.41668710	6718.79298619	  212.67534408
25360.00000000	4.47125997	1.32471570	1.63268757	18645.57922633	4957.45934647	968.70592890	21327.65736388	6713.02042909	  212.67518094
25362.00000000	4.47090666	1.32427031	1.63223868	18629.66468385	4955.43460728	968.74505310	21335.87603865	6711.35723147	  212.67501908
25364.00000000	4.47055340	1.32363927	1.63177482	18614.77748136	4954.60022845	969.03132704	21343.02857794	6699.08704662	  212.67485374
25366.00000000	4.47020020	1.32320949	1.63136802	18598.49569301	4952.39457550	968.99405214	21352.48342433	6702.09181710	  212.67468827
25368.00000000	4.46984705	1.32274350	1.63088054	18581.46114242	4950.16479767	969.03003624	21343.26097279	6697.70097530	  212.67452429
25370.00000000	4.46949396	1.32216327	1.63052790	18563.43355395	4948.23245822	968.99341113	21333.80561062	6682.93365901	  212.67435906
25372.00000000	4.46914093	1.32164115	1.63001146	18543.57337198	4945.52005733	968.96253161	21329.05734703	6682.65695747	  212.67419429
25374.00000000	4.46878795	1.32109561	1.62957572	18521.09056171	4942.21939844	968.73786960	21337.66211447	6676.89560526	  212.67402454
25376.00000000	4.46843503	1.32054102	1.62907266	18497.40517133	4938.63726934	968.52282672	21351.06620079	6666.89128487	  212.67385540
25378.00000000	4.46808217	1.32004324	1.62838514	18478.33846465	4936.00309488	968.67199084	21347.57279436	6660.66444821	  212.67368654
25380.00000000	4.46772936	1.31941486	1.62818293	18462.22121107	4934.79774782	968.63128922	21337.90026244	6650.14086191	  212.67351817
25382.00000000	4.46737660	1.31875878	1.62779965	18448.20271165	4934.28692987	968.90231832	21325.13729679	6649.95328116	  212.67335339
25384.00000000	4.46702390	1.31820780	1.62733494	18435.85815383	4933.70280030	969.23792766	21335.94813579	6642.80266441	  212.67318847
25386.00000000	4.46667126	1.31760608	1.62695793	18421.70894974	4932.88360756	969.44241021	21345.75636574	6640.59065311	  212.67302373
25388.00000000	4.46631867	1.31699537	1.62652118	18404.76793806	4931.35788798	969.56593337	21351.38185998	6637.15831696	  212.67285595
25390.00000000	4.46596614	1.31639356	1.62633814	18388.05639415	4929.84615186	969.44613760	21340.33312178	6634.31487499	  212.67269089
25392.00000000	4.46561367	1.31575310	1.62579278	18372.09511008	4928.72256618	969.75391251	21330.55587600	6624.90765720	  212.67252559
25394.00000000	4.46526125	1.31530005	1.62562565	18359.06460818	4927.45872766	969.66729343	21332.62565633	6613.61356443	  212.67236266
25396.00000000	4.46490888	1.31466778	1.62532187	18345.75645381	4927.00110055	969.87181308	21339.95675729	6618.09073572	  212.67219652
25398.00000000	4.46455657	1.31399741	1.62501743	18331.73199399	4926.53618048	970.07558259	21351.97870714	6615.07534421	  212.67202832
25400.00000000	4.46420432	1.31336242	1.62481412	18317.81815169	4925.92382850	970.15222955	21345.05012773	6608.72553410	  212.67185893
25402.00000000	4.46385212	1.31277651	1.62444874	18304.13473466	4925.12900765	970.35016782	21336.50872380	6600.63788650	  212.67168851
25404.00000000	4.46349998	1.31214649	1.62395209	18290.42870796	4924.54267136	970.71664077	21326.38653576	6600.53778627	  212.67152021
25406.00000000	4.46314789	1.31155189	1.62378512	18276.52268108	4923.72538505	970.71759865	21336.80953970	6595.85208013	  212.67135382
25408.00000000	4.46279586	1.31085763	1.62332827	18260.96661057	4922.95116945	971.00847237	21350.15756235	6595.00951126	  212.67118854
25410.00000000	4.46244389	1.31034189	1.62326979	18245.04057296	4921.19506526	970.71886043	21350.19509034	6576.53437380	  212.67102461
25412.00000000	4.46209197	1.30974169	1.62293392	18227.87158941	4919.51594161	970.71362810	21339.17012464	6579.56756433	  212.67086097
25414.00000000	4.46174011	1.30912676	1.62264697	18212.04585068	4918.26817075	970.74593585	21326.97952878	6571.40180042	  212.67069886
25416.00000000	4.46138830	1.30851365	1.62228121	18196.93857198	4917.20224704	970.89059496	21337.33973114	6567.07473671	  212.67053948
25418.00000000	4.46103654	1.30794831	1.62185493	18181.50044574	4915.80884099	971.02931045	21344.55859146	6568.88325133	  212.67038096
25420.00000000	4.46068485	1.30738307	1.62154156	18165.23038383	4914.18675266	971.01313227	21352.56749321	6558.26512418	  212.67022267
25422.00000000	4.46033321	1.30687184	1.62129272	18149.20185318	4912.36129630	970.89400653	21342.88607240	6553.18353441	  212.67006275
25424.00000000	4.45998162	1.30634913	1.62100811	18132.21927055	4910.33069687	970.76892353	21334.05523253	6550.02698002	  212.66990237
25426.00000000	4.45963009	1.30573296	1.62042537	18113.82290489	4908.37232723	970.94740285	21330.98377985	6536.48444361	  212.66973581
25428.00000000	4.45927861	1.30523498	1.62009197	18096.47109280	4906.11296257	970.82407805	21338.12995615	6535.72075178	  212.66957208
25430.00000000	4.45892719	1.30471916	1.61977345	18079.49678296	4904.04002783	970.72303878	21352.39740901	6526.44603274	  212.66940836
25432.00000000	4.45857583	1.30425214	1.61961566	18062.95262410	4901.84118368	970.44089792	21347.86357104	6533.67169639	  212.66924632
25434.00000000	4.45822452	1.30373064	1.61907940	18044.36021693	4899.34999341	970.46799570	21338.16516791	6520.57231789	  212.66907974
25436.00000000	4.45787327	1.30328903	1.61868985	18024.57706432	4896.14024561	970.21007731	21325.13386484	6515.92014406	  212.66891249
25438.00000000	4.45752207	1.30281945	1.61849279	18002.59494435	4892.46597437	969.67305180	21337.17629905	6504.48092511	  212.66874682
25440.00000000	4.45717093	1.30236605	1.61817592	17979.75044624	4888.47357572	969.18883020	21347.34859796	6507.42026170	  212.66858426
25442.00000000	4.45681984	1.30196087	1.61801692	17958.19164726	4884.59072506	968.57300386	21351.09048768	6492.93519416	  212.66842409
25444.00000000	4.45646881	1.30153793	1.61767104	17937.28489422	4880.96806293	968.18948487	21340.30442098	6487.70004683	  212.66826043
25446.00000000	4.45611783	1.30113223	1.61712221	17920.54315686	4878.39118075	968.20957021	21330.26829495	6479.12899785	  212.66809598
25448.00000000	4.45576691	1.30069953	1.61712265	17908.02164771	4877.09240394	967.95137075	21333.59085529	6479.01191843	  212.66792975
25450.00000000	4.45541604	1.30029688	1.61659885	17897.60236588	4876.21781632	968.28485196	21339.74983445	6469.53647127	  212.66776247
25452.00000000	4.45506523	1.29993573	1.61621672	17886.08445511	4874.83995692	968.38121778	21352.13635308	6467.73754067	  212.66759463
25454.00000000	4.45471448	1.29951440	1.61599808	17873.84093810	4873.55593500	968.33784859	21344.75503077	6468.81084936	  212.66742621
25456.00000000	4.45436378	1.29917389	1.61573329	17861.10444634	4871.74175598	968.23372832	21336.69363518	6458.95317456	  212.66725647
25458.00000000	4.45401313	1.29880160	1.61511764	17847.42102113	4869.82217104	968.44826599	21325.47557624	6461.88941743	  212.66708551
25460.00000000	4.45366254	1.29841710	1.61464818	17832.43305512	4867.60380392	968.46164663	21336.30525554	6457.65951051	  212.66691199
25462.00000000	4.45331201	1.29810695	1.61422904	17816.30037320	4864.70870057	968.29140439	21348.89042410	6446.26730141	  212.66673838
25464.00000000	4.45296153	1.29764287	1.61397223	17798.45193716	4862.09111301	968.01895345	21349.97390276	6451.87328960	  212.66656594
25466.00000000	4.45261110	1.29726884	1.61370478	17780.63213022	4859.04024808	967.67030774	21338.91837978	6438.62641642	  212.66639700
25468.00000000	4.45226074	1.29691685	1.61333603	17762.67734830	4855.84254103	967.39014341	21327.39164944	6433.64007292	  212.66622860
25470.00000000	4.45191042	1.29658204	1.61298788	17744.05880525	4852.37706754	967.03636113	21335.54871702	6427.65820996	  212.66606109
25472.00000000	4.45156016	1.29627534	1.61260246	17726.99358151	4849.19737144	966.77521764	21342.13403025	6426.83029241	  212.66589076
25474.00000000	4.45120996	1.29588022	1.61210662	17708.80851934	4846.13729296	966.64432246	21352.14717323	6416.03921571	  212.66572126
25476.00000000	4.45085981	1.29541402	1.61176420	17690.56749604	4843.40299714	966.42979322	21342.96310733	6412.05526911	  212.66555448
25478.00000000	4.45050972	1.29514961	1.61147863	17673.05008658	4839.88652168	966.00395025	21334.35997660	6408.75941351	  212.66538741
25480.00000000	4.45015968	1.29473638	1.61089228	17656.67228010	4837.39988470	966.07392729	21327.73639921	6402.67790101	  212.66522276
25482.00000000	4.44980970	1.29437486	1.61044129	17638.54945112	4834.18211056	965.86680994	21337.01592927	6396.21897419	  212.66505322
25484.00000000	4.44945977	1.29392557	1.60978091	17619.46907033	4831.12286341	965.89321544	21350.17176718	6385.33896353	  212.66488423
25486.00000000	4.44910990	1.29352144	1.60988602	17601.00871507	4828.01190933	965.16978264	21348.05395941	6385.67933047	  212.66471475
25488.00000000	4.44876008	1.29320428	1.60924055	17580.24146587	4823.84508645	964.95944061	21338.16235336	6376.84594000	  212.66454541
25490.00000000	4.44841032	1.29282260	1.60877547	17558.57775747	4819.74005184	964.58678417	21325.55252593	6371.23331472	  212.66437742
25492.00000000	4.44806061	1.29236903	1.60830989	17534.28857730	4815.25631685	964.13822364	21335.34964164	6356.40600773	  212.66420949
25494.00000000	4.44771096	1.29188951	1.60788417	17503.49692424	4809.10587160	963.31675968	21344.08646341	6350.00570112	  212.66403922
25496.00000000	4.44736136	1.29142800	1.60761087	17458.54788165	4798.97030186	961.54924875	21351.69828440	6340.68774995	  212.66386576
25498.00000000	4.44701182	1.29092953	1.60706920	17399.73702179	4785.18918793	959.30746958	21341.30905674	6320.91475364	  212.66369255
25500.00000000	4.44666233	1.29051663	1.60642739	17329.83010612	4767.93201962	956.46152395	21332.82177289	6294.08604823	  212.66351810
25502.00000000	4.44631290	1.29007601	1.60582964	17268.09541615	4753.04084032	954.04441466	21329.67926615	6272.29328572	  212.66334727
25504.00000000	4.44596352	1.28962558	1.60551774	17224.43671882	4743.15979033	952.35805359	21337.97219458	6258.19517074	  212.66317238
25506.00000000	4.44561420	1.28919240	1.60526935	17201.73976008	4738.96200611	951.75157888	21351.00229923	6245.26942994	  212.66299619
25508.00000000	4.44526493	1.28874563	1.60489624	17197.71054209	4739.96917527	952.30910801	21346.71750608	6243.72094512	  212.66281648
25510.00000000	4.44491572	1.28829722	1.60423004	17203.96843192	4743.82068750	953.71807278	21337.40622386	6248.52579307	  212.66263677
25512.00000000	4.44456656	1.28772577	1.60393931	17204.20789550	4746.59839320	954.55399152	21324.77777995	6249.73698500	  212.66245722
25514.00000000	4.44421746	1.28725343	1.60352709	17195.82846445	4746.52795589	954.93338779	21336.08679936	6245.65901229	  212.66227915
25516.00000000	4.44386841	1.28664271	1.60307152	17180.74795177	4745.26244751	955.11380805	21347.07933057	6243.39666737	  212.66210150
25518.00000000	4.44351942	1.28621304	1.60259439	17160.90892172	4741.81998404	954.87640500	21350.96633464	6242.90619096	  212.66192406
25520.00000000	4.44317048	1.28573112	1.60212713	17138.90729940	4738.02338223	954.55779755	21339.97293192	6233.60992791	  212.66174458
25522.00000000	4.44282160	1.28522220	1.60160823	17115.85100558	4734.05813500	954.25396108	21330.53020320	6218.10345522	  212.66156602
25524.00000000	4.44247277	1.28475151	1.60130204	17091.21552116	4729.46984840	953.62102991	21333.33012191	6220.92845554	  212.66138837
25526.00000000	4.44212400	1.28423471	1.60087399	17067.06314503	4725.22775904	953.17360099	21339.34496487	6210.22332672	  212.66121233
25528.00000000	4.44177528	1.28381324	1.60041946	17045.19048033	4721.16145837	952.78632107	21351.85489175	6201.53957242	  212.66103717
25530.00000000	4.44142662	1.28326994	1.60003429	17027.07161136	4718.70587824	952.65761700	21345.37916012	6189.59691484	  212.66086291
25532.00000000	4.44107801	1.28279643	1.59978100	17012.83231305	4716.99279073	952.55300524	21336.32050649	6191.24964912	  212.66068658
25534.00000000	4.44072945	1.28229971	1.59944187	17002.38222564	4716.43751721	952.76392876	21325.11750967	6188.35396711	  212.66050695
25536.00000000	4.44038095	1.28179659	1.59911903	16994.53058419	4716.63194211	953.11085948	21336.53674310	6186.46084973	  212.66033053
25538.00000000	4.44003251	1.28124381	1.59893323	16988.31500122	4717.51389302	953.46621842	21348.65275568	6177.46126681	  212.66015525
25540.00000000	4.43968412	1.28078343	1.59849581	16985.12426475	4718.79977871	954.14337981	21349.62051956	6184.66655763	  212.65998441
25542.00000000	4.43933578	1.28026896	1.59815409	16984.30865701	4721.00139112	954.91480117	21338.89310207	6181.57535241	  212.65980944
25544.00000000	4.43898750	1.27968992	1.59805914	16985.71336313	4724.12651897	955.63765592	21328.03401734	6184.57606852	  212.65963526
25546.00000000	4.43863928	1.27919505	1.59782334	16988.95688478	4727.36745827	956.51877802	21334.43903635	6190.67351804	  212.65945872
25548.00000000	4.43829110	1.27871444	1.59709899	16994.34491904	4731.14002511	957.97576986	21340.68414643	6189.79215073	  212.65928667
25550.00000000	4.43794299	1.27819815	1.59683653	16995.77785590	4733.98241832	958.80291492	21351.67005126	6189.35786351	  212.65911594
25552.00000000	4.43759493	1.27773819	1.59651072	16993.87141341	4735.62910240	959.44898227	21343.80620126	6185.28246424	  212.65894509
25554.00000000	4.43724692	1.27717010	1.59604448	16985.86756473	4736.08848928	959.98953327	21335.55210393	6193.51710449	  212.65877106
25556.00000000	4.43689897	1.27667118	1.59583362	16974.42785949	4735.26071061	960.02415029	21325.99580416	6180.13708931	  212.65859386
25558.00000000	4.43655107	1.27619216	1.59541054	16960.54818175	4733.65576197	960.10488452	21336.24609187	6177.80470604	  212.65841597
25560.00000000	4.43620323	1.27575584	1.59494044	16946.00151063	4731.65986423	960.15132982	21349.28454088	6177.07214735	  212.65823623
25562.00000000	4.43585544	1.27519229	1.59476646	16931.19596658	4730.19080890	960.02023562	21349.20112436	6171.49597482	  212.65805577
25564.00000000	4.43550770	1.27472217	1.59415763	16915.42363578	4728.00659235	960.16133404	21338.21577828	6167.82300465	  212.65787322
25566.00000000	4.43516002	1.27416420	1.59385778	16897.99442673	4725.77107444	959.99515202	21326.89680479	6158.56704063	  212.65768847
25568.00000000	4.43481240	1.27361992	1.59343385	16879.58604054	4723.19295711	959.87827320	21334.24878823	6157.34883671	  212.65750056
25570.00000000	4.43446483	1.27318688	1.59321251	16861.64575986	4720.21655713	959.48573845	21341.43915100	6142.92395081	  212.65731062
25572.00000000	4.43411731	1.27263161	1.59279306	16843.67036097	4717.80348142	959.39756442	21351.38513534	6142.76461590	  212.65711995
25574.00000000	4.43376985	1.27206991	1.59250225	16825.77954555	4715.44031382	959.19589253	21342.73779462	6133.41701500	  212.65693115
25576.00000000	4.43342244	1.27157581	1.59213206	16808.39795023	4712.89717011	959.03354339	21334.99854896	6138.31673887	  212.65674465
25578.00000000	4.43307509	1.27113126	1.59167822	16790.24873598	4709.90164510	958.85904313	21326.64603434	6121.53416091	  212.65655887
25580.00000000	4.43272779	1.27064158	1.59132634	16771.27348349	4706.88313113	958.58177102	21336.25913080	6118.21165714	  212.65637053
25582.00000000	4.43238055	1.27010423	1.59120339	16753.33157431	4704.37493664	958.18876562	21348.99916451	6107.63953743	  212.65618460
25584.00000000	4.43203336	1.26981512	1.59041701	16735.42788998	4700.70633822	958.19475834	21348.15259845	6109.62660233	  212.65599858
25586.00000000	4.43168623	1.26935496	1.59034211	16715.11096687	4697.16061726	957.54370639	21337.62524152	6101.99644586	  212.65581633
25588.00000000	4.43133914	1.26886167	1.58989733	16694.99463148	4693.82251776	957.28890617	21325.55541931	6088.70533462	  212.65563567
25590.00000000	4.43099212	1.26842417	1.58962065	16675.09437129	4690.27904216	956.83092893	21334.00133574	6092.92203236	  212.65545706
25592.00000000	4.43064515	1.26801876	1.58941138	16658.18225119	4687.42207127	956.44822809	21341.80753351	6083.61959355	  212.65527613
25594.00000000	4.43029823	1.26757256	1.58911789	16639.95042076	4684.38150880	956.10839040	21351.18049244	6075.96088555	  212.65509613
25596.00000000	4.42995137	1.26712036	1.58881286	16621.83754238	4681.39893658	955.79112870	21341.49375302	6069.82879297	  212.65491988
25598.00000000	4.42960456	1.26671997	1.58822090	16603.56393752	4678.12503218	955.68826615	21333.53294801	6074.90868724	  212.65474350
25600.00000000	4.42925781	1.26640361	1.58804752	16587.23273324	4675.00239260	955.21594451	21326.87830261	6060.83519035	  212.65457361
25602.00000000	4.42891111	1.26597557	1.58774274	16569.00423789	4671.86414021	954.86570498	21336.11656242	6056.33232605	  212.65440016
25604.00000000	4.42856446	1.26554048	1.58738402	16549.85496294	4668.49552490	954.51954824	21348.71250316	6042.59622909	  212.65422655
25606.00000000	4.42821787	1.26523685	1.58687149	16531.06287980	4664.61058718	954.21416924	21347.59083827	6038.77383113	  212.65405040
25608.00000000	4.42787133	1.26478471	1.58635998	16509.82604297	4660.72498256	953.90712683	21337.25883525	6033.49897852	  212.65387086
25610.00000000	4.42752485	1.26439931	1.58607562	16490.29106050	4657.00472231	953.41677248	21325.16605385	6028.34199243	  212.65369188
25612.00000000	4.42717842	1.26408410	1.58588092	16472.36779816	4653.40958568	952.86625741	21333.88868678	6023.98602454	  212.65351336
25614.00000000	4.42683205	1.26359512	1.58545827	16455.01841253	4650.78202274	952.73080459	21342.39529025	6011.93238902	  212.65332941
25616.00000000	4.42648573	1.26312649	1.58531657	16441.42946303	4649.11949082	952.52519373	21350.82647425	6015.28578194	  212.65313927
25618.00000000	4.42613946	1.26274595	1.58494527	16428.71210097	4647.29155081	952.50427465	21341.19982843	6008.74766861	  212.65294730
25620.00000000	4.42579325	1.26219333	1.58447153	16413.68307608	4645.60677663	952.61014828	21333.19993760	6001.84678599	  212.65275237
25622.00000000	4.42544710	1.26183502	1.58416083	16397.71892838	4642.75165383	952.32052857	21327.76510934	6004.26757662	  212.65255837
25624.00000000	4.42510099	1.26136448	1.58376876	16380.83254297	4640.15338093	952.16081155	21336.26988248	5993.10986608	  212.65236506
25626.00000000	4.42475495	1.26093482	1.58348947	16362.20342841	4636.86823108	951.75248060	21349.63656939	5980.25083825	  212.65217251
25628.00000000	4.42440895	1.26035790	1.58329836	16342.06568233	4633.83400712	951.31146758	21347.72731888	5991.67704788	  212.65197994
25630.00000000	4.42406301	1.25993761	1.58291020	16317.95343181	4628.94197083	950.67608865	21337.14538479	5973.50562015	  212.65178668
25632.00000000	4.42371712	1.25949127	1.58268123	16287.77722223	4622.44458155	949.55907585	21324.74214720	5964.68365727	  212.65159496
25634.00000000	4.42337129	1.25903877	1.58201494	16244.33553146	4612.20243400	948.08658295	21335.85603322	5948.62584704	  212.65140628
25636.00000000	4.42302552	1.25856515	1.58184805	16182.11560166	4596.71311087	945.06029672	21344.20096512	5923.40107626	  212.65121988
25638.00000000	4.42267979	1.25810563	1.58134153	16116.53000706	4580.18698170	942.13971093	21350.94832236	5905.97864826	  212.65103686
25640.00000000	4.42233412	1.25772448	1.58094616	16056.98861827	4565.00544241	939.38821054	21341.45696239	5880.73424138	  212.65085279
25642.00000000	4.42198851	1.25743418	1.58062449	16012.02688308	4553.54450801	937.33124236	21333.16967248	5865.78255587	  212.65067069
25644.00000000	4.42164295	1.25709183	1.58030071	16002.89297226	4552.50527291	937.42078217	21329.14498997	5858.75883110	  212.65048237
25646.00000000	4.42129744	1.25660754	1.57980073	16020.33591335	4559.67511714	939.36669795	21336.80845567	5866.42624352	  212.65029940
25648.00000000	4.42095198	1.25618205	1.57947458	16045.91480810	4568.89892511	941.57399325	21350.98173681	5877.11782189	  212.65011669
25650.00000000	4.42060659	1.25553386	1.57913642	16062.53731742	4576.59754970	943.47954669	21347.41870693	5882.40069172	  212.64993685
25652.00000000	4.42026124	1.25508926	1.57863584	16066.96121066	4579.89377006	944.63182235	21337.40508073	5888.69907981	  212.64974879
25654.00000000	4.41991595	1.25460911	1.57823534	16064.76443283	4581.46684362	945.33480623	21324.97198664	5887.47643815	  212.64955803
25656.00000000	4.41957071	1.25415037	1.57780453	16059.95944296	4582.19808503	945.89310723	21335.66122429	5882.66892629	  212.64936519
25658.00000000	4.41922553	1.25366053	1.57737734	16054.80243062	4582.97104391	946.45689642	21343.64622562	5884.25112820	  212.64917513
25660.00000000	4.41888040	1.25322317	1.57720878	16049.63481671	4583.50011129	946.72572021	21350.78144399	5886.94969028	  212.64898670
25662.00000000	4.41853532	1.25268951	1.57694078	16045.04825475	4584.63628164	947.21421394	21341.03339774	5882.27896954	  212.64879590
25664.00000000	4.41819030	1.25224894	1.57659665	16041.49334008	4585.64035146	947.74775554	21332.93178478	5890.27452320	  212.64860327
25666.00000000	4.41784533	1.25175400	1.57630972	16035.89712416	4586.30998476	948.15816949	21327.95692324	5880.66498478	  212.64840883
25668.00000000	4.41750042	1.25122715	1.57587134	16028.73303667	4586.67690126	948.64980663	21336.16153941	5880.52724613	  212.64821626
25670.00000000	4.41715556	1.25076078	1.57541346	16020.26926170	4586.39342080	949.02561077	21349.54550753	5874.21120867	  212.64802438
25672.00000000	4.41681076	1.25020541	1.57532983	16008.83935427	4585.66720704	948.95469701	21346.83850030	5877.82376117	  212.64783352
25674.00000000	4.41646600	1.24973982	1.57456975	15995.30283785	4583.92346525	949.31513680	21336.86647306	5871.95482427	  212.64764519
25676.00000000	4.41612131	1.24930575	1.57425569	15979.71252327	4581.44385014	949.09964166	21324.56703411	5864.52379095	  212.64745699
25678.00000000	4.41577666	1.24882793	1.57375483	15962.98003857	4578.83390685	949.03417573	21334.30934723	5859.03165610	  212.64726868
25680.00000000	4.41543207	1.24844036	1.57335511	15944.66612682	4575.35369269	948.69198355	21342.27147409	5848.95118540	  212.64708208
25682.00000000	4.41508754	1.24787578	1.57311587	15926.60268817	4572.75129883	948.37923999	21350.59021714	5848.76859887	  212.64689799
25684.00000000	4.41474305	1.24743291	1.57265930	15908.80874085	4569.66569417	948.17210336	21341.10547176	5838.79838414	  212.64671823
25686.00000000	4.41439862	1.24703142	1.57198917	15891.23284664	4566.45020761	948.14007554	21333.06400802	5844.37852553	  212.64654217
25688.00000000	4.41405425	1.24647212	1.57192537	15875.32419905	4564.43093209	947.78127641	21327.24663347	5828.29087001	  212.64636783
25690.00000000	4.41370993	1.24607704	1.57145863	15859.37421473	4561.64687443	947.64538696	21335.83156971	5826.36519353	  212.64619004
25692.00000000	4.41336566	1.24562971	1.57115670	15843.21455116	4559.03782009	947.38937547	21349.42917036	5818.10609034	  212.64601321
25694.00000000	4.41302145	1.24521678	1.57096122	15827.96897365	4556.53186884	947.05374094	21347.11507737	5815.49637982	  212.64583670
25696.00000000	4.41267729	1.24479851	1.57038625	15811.59327494	4553.72196499	947.01406358	21337.05576092	5808.82519934	  212.64566193
25698.00000000	4.41233318	1.24435464	1.57010446	15795.14356003	4551.00406649	946.71557245	21324.87429498	5805.03171442	  212.64548804
25700.00000000	4.41198913	1.24399458	1.56963229	15778.35990411	4547.80541899	946.49698325	21334.10366432	5801.89394626	  212.64531520
