#This file has been produced by quickread.moulinex (v 2.0.4 - February 19th, 2016)
#E. Fonda, C. La Fontaine - Synchrotron SOLEIL. Covered by GPL licence.
#Interpolate over grid = 11300, 2, 11463, 17, 11480, 2, 11540, 0.25, 11605, 1, 11690, 2, 13000
#Average 500 scans - Elapsed time 250.05 s (exposure 125.03 s)
#No smoothing
#Dark = 	0	0	0
#offset = 0 
#d=3.1356 
#Data from HDF File: /nfs/ruche/rock-soleil/com-rock/2016/Projets/20160323_Camille/References/Pt_foil/Pt_foil_00002.nxs to Pt_foil_00051.nxs
#Direction is increasing angle
#Time at start=2016-03-24 20:05:22.017
#Time from start (seconds)=129.277505247
#Z0=Z+DeltaZ0+offset=9.443532
#Sample temperature (C)=1372.0
#Resistor temperature (C)=999.9
#Energy	Angle	mux	mus	I0	I1	I2	Direction	iFluo1	Time
11300.00000000	10.07629354	-1.38835624	2.43480602	13959.15198098	55951.85500792	4902.20727459	32520.30836595	  129.33481931
11302.00000000	10.07449183	-1.38917988	2.43474286	13956.58751296	55987.67081598	4905.65511312	32521.97702434	  129.33451746
11304.00000000	10.07269077	-1.38979925	2.43451704	13953.65649724	56010.59347793	4908.77196315	32523.45850055	  129.33422430
11306.00000000	10.07089036	-1.39062543	2.43458065	13949.34034556	56039.54746180	4910.99710863	32525.21768893	  129.33392914
11308.00000000	10.06909059	-1.39133675	2.43448704	13944.61556979	56060.42941893	4913.28698271	32527.20857896	  129.33362712
11310.00000000	10.06729147	-1.39218659	2.43441220	13938.92858272	56085.20942970	4915.82666738	32528.80314287	  129.33331925
11312.00000000	10.06549300	-1.39291695	2.43417529	13933.85074842	56105.74034549	4918.79137699	32530.09277634	  129.33301239
11314.00000000	10.06369517	-1.39382851	2.43408298	13928.35963767	56134.77732532	4921.79135119	32531.34799459	  129.33271226
11316.00000000	10.06189799	-1.39459375	2.43404932	13920.74963332	56147.05657570	4923.03368172	32533.95612192	  129.33240953
11318.00000000	10.06010146	-1.39530196	2.43395182	13914.10119802	56159.99983501	4924.64865147	32535.00846234	  129.33210495
11320.00000000	10.05830556	-1.39611160	2.43397380	13907.15104124	56177.41309894	4926.06735750	32536.43813151	  129.33179823
11322.00000000	10.05651032	-1.39697718	2.43380124	13901.03478463	56201.33202082	4929.01523018	32537.44202678	  129.33148914
11324.00000000	10.05471571	-1.39776012	2.43396866	13895.30770538	56222.17921422	4930.01811278	32539.71017279	  129.33118504
11326.00000000	10.05292176	-1.39852010	2.43373177	13891.39704951	56249.08803521	4933.54628528	32541.64272266	  129.33088463
11328.00000000	10.05112844	-1.39931395	2.43366373	13888.99871307	56284.04026540	4936.94780798	32543.50318373	  129.33058161
11330.00000000	10.04933577	-1.40007397	2.43357413	13885.30746533	56311.86378266	4939.83094306	32545.15017624	  129.33027442
11332.00000000	10.04754374	-1.40092732	2.43354006	13881.51954636	56344.56263121	4942.86775428	32547.81353552	  129.32996762
11334.00000000	10.04575235	-1.40174654	2.43338230	13877.05184335	56372.59139393	4946.10684539	32548.79372451	  129.32967164
11336.00000000	10.04396160	-1.40260034	2.43341760	13873.21548332	56405.14516536	4948.78841153	32550.60531720	  129.32938505
11338.00000000	10.04217150	-1.40337308	2.43331889	13869.36640606	56433.08707823	4951.72870208	32552.60029726	  129.32910038
11340.00000000	10.04038204	-1.40415370	2.43317396	13863.83083509	56454.61550904	4954.33571125	32553.95699272	  129.32882076
11342.00000000	10.03859322	-1.40496722	2.43314585	13856.63216536	56471.22372588	4955.93250353	32555.15922982	  129.32854333
11344.00000000	10.03680504	-1.40578153	2.43302714	13850.28803897	56491.35182924	4958.28748778	32556.52351347	  129.32827423
11346.00000000	10.03501750	-1.40662763	2.43302815	13844.90167856	56517.18153736	4960.54959334	32558.16822246	  129.32801627
11348.00000000	10.03323059	-1.40733668	2.43283132	13840.68152612	56540.02912452	4963.53182122	32559.49797529	  129.32776279
11350.00000000	10.03144433	-1.40803976	2.43283040	13837.22710333	56565.67413715	4965.78771799	32561.01686938	  129.32750808
11352.00000000	10.02965871	-1.40890579	2.43289092	13833.28054623	56598.53580589	4968.37187494	32562.89781325	  129.32725010
11354.00000000	10.02787373	-1.40982098	2.43272557	13829.38465544	56634.40326301	4972.34251042	32565.09642996	  129.32699127
11356.00000000	10.02608938	-1.41053503	2.43262123	13828.44299782	56670.99846277	4976.07464900	32567.11646423	  129.32673971
11358.00000000	10.02430568	-1.41136235	2.43259790	13826.42752042	56709.63645417	4979.58347961	32568.34890745	  129.32648882
11360.00000000	10.02252261	-1.41212217	2.43254401	13825.68136156	56749.67882274	4983.36808473	32570.81891105	  129.32623667
11362.00000000	10.02074018	-1.41289156	2.43242091	13824.75773803	56789.56445121	4987.48449354	32572.80818680	  129.32598316
11364.00000000	10.01895839	-1.41373663	2.43231639	13822.00730748	56826.26803184	4991.22960862	32574.41267148	  129.32572709
11366.00000000	10.01717723	-1.41461018	2.43240878	13817.40845356	56857.00663211	4993.46812977	32575.74058342	  129.32547444
11368.00000000	10.01539671	-1.41532800	2.43219527	13814.06370836	56884.06136708	4996.91095605	32577.60471737	  129.32522920
11370.00000000	10.01361683	-1.41615188	2.43213240	13808.77278364	56909.14119290	4999.42839139	32579.15123543	  129.32498388
11372.00000000	10.01183758	-1.41684605	2.43210531	13803.57057157	56927.20493643	5001.15073551	32580.33430064	  129.32473539
11374.00000000	10.01005896	-1.41773935	2.43202936	13797.62079707	56953.52164339	5003.84275630	32582.07975007	  129.32448316
11376.00000000	10.00828099	-1.41852161	2.43189734	13792.25417614	56975.92149476	5006.47167116	32583.71251125	  129.32423409
11378.00000000	10.00650364	-1.41927028	2.43182954	13787.14427403	56997.46925000	5008.70462528	32584.64138106	  129.32399245
11380.00000000	10.00472694	-1.41999814	2.43177300	13782.10994892	57018.14259524	5010.80465447	32586.48841124	  129.32375190
11382.00000000	10.00295086	-1.42082534	2.43165954	13776.06341115	57040.29157925	5013.31986490	32588.21313566	  129.32351270
11384.00000000	10.00117542	-1.42150680	2.43150855	13770.65045490	57056.74790425	5015.52347412	32588.94565652	  129.32327331
11386.00000000	9.99940061	-1.42235762	2.43130647	13764.97767145	57081.78925548	5018.73881812	32590.45108614	  129.32303396
11388.00000000	9.99762644	-1.42299685	2.43138970	13759.61147901	57096.02213317	5019.57237860	32591.20439956	  129.32280039
11390.00000000	9.99585290	-1.42384141	2.43146468	13752.99065197	57116.76687475	5021.01968041	32592.57021835	  129.32256989
11392.00000000	9.99407999	-1.42446316	2.43133595	13746.53821073	57125.47632957	5022.43178976	32594.04768469	  129.32233694
11394.00000000	9.99230771	-1.42514221	2.43118087	13740.83653174	57140.57054459	5024.53801044	32595.81672416	  129.32209876
11396.00000000	9.99053607	-1.42593012	2.43116256	13733.38981775	57154.61869091	5025.86533362	32597.07003754	  129.32185743
11398.00000000	9.98876506	-1.42656474	2.43101767	13725.63550011	57158.60937970	5026.94453856	32597.72209173	  129.32161985
11400.00000000	9.98699467	-1.42722757	2.43104727	13720.16007344	57173.69176647	5028.12217337	32598.56091037	  129.32138596
11402.00000000	9.98522492	-1.42794340	2.43093837	13715.90811931	57196.90210608	5030.71120690	32600.28954926	  129.32115064
11404.00000000	9.98345580	-1.42868089	2.43091543	13711.44029821	57220.45472491	5032.89822967	32600.73968741	  129.32091665
11406.00000000	9.98168731	-1.42944994	2.43082016	13706.32342448	57243.10655948	5035.37028327	32602.88065161	  129.32068143
11408.00000000	9.97991945	-1.43012426	2.43075814	13699.94308767	57255.05517111	5036.73368859	32603.79950259	  129.32044959
11410.00000000	9.97815221	-1.43086948	2.43075877	13694.51349639	57275.03023331	5038.48773246	32604.86213530	  129.32022486
11412.00000000	9.97638561	-1.43156172	2.43056885	13689.48257286	57293.63658595	5041.08183284	32606.27815253	  129.32000293
11414.00000000	9.97461964	-1.43226945	2.43061852	13685.28496950	57316.61869091	5042.85347845	32607.80621006	  129.31977856
11416.00000000	9.97285429	-1.43297572	2.43044458	13681.14248119	57339.75219954	5045.76642755	32609.18404964	  129.31955053
11418.00000000	9.97108957	-1.43375301	2.43039679	13677.63632779	57369.63338378	5048.63718377	32611.26453493	  129.31932164
11420.00000000	9.96932548	-1.43444496	2.43001165	13675.15855574	57398.94402448	5053.16233665	32612.37126043	  129.31909777
11422.00000000	9.96756202	-1.43513744	2.42966109	13672.30042018	57426.70018724	5057.37851671	32614.19330243	  129.31887495
11424.00000000	9.96579918	-1.43589190	2.43010338	13668.17825430	57452.71603975	5057.43225413	32615.41929337	  129.31865078
11426.00000000	9.96403697	-1.43663216	2.43020178	13665.16017653	57482.56574145	5059.56201160	32617.16296802	  129.31842645
11428.00000000	9.96227539	-1.43739765	2.43000080	13663.42447162	57519.27817829	5063.81099512	32618.90194867	  129.31819906
11430.00000000	9.96051443	-1.43808661	2.43002197	13660.95490650	57548.51687803	5066.27783306	32620.64563951	  129.31797439
11432.00000000	9.95875410	-1.43884056	2.42981982	13657.28350977	57576.44427151	5069.76119063	32621.58357169	  129.31775616
11434.00000000	9.95699439	-1.43951697	2.42978221	13652.71198248	57596.11700207	5071.68416668	32623.75062159	  129.31753809
11436.00000000	9.95523531	-1.44025962	2.42973548	13647.68427407	57617.68045687	5073.82005890	32624.41260405	  129.31731739
11438.00000000	9.95347685	-1.44099504	2.42953244	13641.46953204	57633.81268285	5076.27120144	32626.46016349	  129.31709298
11440.00000000	9.95171902	-1.44169476	2.42953405	13635.16539541	57647.50147187	5077.46872189	32627.49839171	  129.31686819
11442.00000000	9.94996181	-1.44248287	2.42898107	13628.33655559	57664.05772797	5081.73627402	32628.34330259	  129.31665080
11444.00000000	9.94820523	-1.44321012	2.42875577	13621.14385503	57675.55366098	5083.89464230	32629.69253299	  129.31643530
11446.00000000	9.94644927	-1.44389947	2.42918671	13614.09956752	57685.47781813	5082.57870424	32630.58667288	  129.31622103
11448.00000000	9.94469393	-1.44462537	2.42922015	13607.72452435	57700.33511602	5083.71771618	32632.04764448	  129.31600785
11450.00000000	9.94293921	-1.44524254	2.42906682	13600.20736356	57704.06255613	5084.82574393	32632.64731159	  129.31579506
11452.00000000	9.94118512	-1.44594068	2.42899869	13590.17511574	57701.76661000	5084.96982873	32634.01098563	  129.31558631
11454.00000000	9.93943165	-1.44665756	2.42897867	13579.62482664	57698.31962422	5084.76785570	32634.71834580	  129.31538464
11456.00000000	9.93767880	-1.44734701	2.42881851	13565.93487953	57679.90624139	5083.95935876	32635.10623560	  129.31518348
11458.00000000	9.93592657	-1.44795337	2.42875546	13545.86642780	57629.51261355	5079.83789033	32634.41098302	  129.31497989
11460.00000000	9.93417496	-1.44861109	2.42846443	13509.59374679	57513.00950603	5071.04413360	32632.22564619	  129.31477250
11480.00000000	9.91669296	-1.45441428	2.42956509	12982.60327513	55591.17843609	4896.20019959	32584.03399971	  129.31276432
11482.00000000	9.91494816	-1.45502843	2.42990605	13208.58684474	56593.58111472	4982.78774717	32611.91407821	  129.31256409
11484.00000000	9.91320398	-1.45580843	2.42846977	13403.45608807	57473.33044150	5067.51852051	32638.67501932	  129.31236549
11486.00000000	9.91146042	-1.45633455	2.42798410	13451.81826711	57711.05986949	5090.95144998	32646.27880564	  129.31217152
11488.00000000	9.90971747	-1.45687411	2.42796239	13469.64217796	57818.71638947	5100.55901119	32649.89893857	  129.31197787
11490.00000000	9.90797514	-1.45731222	2.42782954	13478.50021595	57882.09277977	5106.82826610	32653.57403527	  129.31178582
11492.00000000	9.90623342	-1.45776115	2.42764818	13483.08589844	57927.78552089	5111.78663663	32655.70490264	  129.31159432
11494.00000000	9.90449232	-1.45825059	2.42766132	13484.72098190	57963.17278654	5114.84214715	32657.81954571	  129.31140280
11496.00000000	9.90275183	-1.45857732	2.42763174	13484.70919976	57982.06318284	5116.66040952	32659.51113339	  129.31121612
11498.00000000	9.90101196	-1.45892798	2.42748259	13482.52859498	57993.01941907	5118.39060806	32661.23404071	  129.31103323
11500.00000000	9.89927270	-1.45918126	2.42730440	13480.04047572	57997.00478751	5119.65453267	32662.35373734	  129.31084928
11502.00000000	9.89753406	-1.45950786	2.42736728	13476.30779424	57999.88513055	5119.58690414	32664.57371938	  129.31066354
11504.00000000	9.89579603	-1.45975473	2.42723844	13474.67304914	58007.16773331	5120.88944938	32665.51756911	  129.31047529
11506.00000000	9.89405861	-1.45992870	2.42719542	13472.49412040	58007.87833516	5121.17250586	32666.79497388	  129.31028855
11508.00000000	9.89232181	-1.45995882	2.42720767	13468.28977067	57991.52258302	5119.66584602	32668.23733559	  129.31010514
11510.00000000	9.89058562	-1.45993987	2.42696245	13463.67167692	57970.53941191	5119.06848461	32668.68552463	  129.30992090
11512.00000000	9.88885004	-1.45992160	2.42698893	13459.21371941	57950.28620553	5117.14453017	32669.32088697	  129.30973713
11514.00000000	9.88711507	-1.45978523	2.42681756	13455.46239275	57926.23449040	5115.89735717	32670.96105596	  129.30955295
11516.00000000	9.88538072	-1.45953392	2.42677833	13451.24450765	57893.52534651	5113.20916292	32671.21045221	  129.30936845
11518.00000000	9.88364698	-1.45923384	2.42679023	13447.37215015	57859.49362600	5110.14263865	32671.38926703	  129.30918799
11520.00000000	9.88191385	-1.45875996	2.42665724	13443.87419548	57817.03835617	5107.07212094	32672.24890154	  129.30901041
11522.00000000	9.88018133	-1.45812902	2.42662367	13438.18624747	57756.12415584	5101.86277784	32672.22025559	  129.30883157
11524.00000000	9.87844942	-1.45742450	2.42659252	13432.60445626	57691.47538066	5096.31080176	32672.68865829	  129.30865019
11526.00000000	9.87671812	-1.45627276	2.42645198	13427.75762912	57604.27529945	5089.32298225	32671.10996534	  129.30846667
11528.00000000	9.87498742	-1.45499123	2.42636523	13422.30281500	57507.13017558	5081.18096945	32670.46189071	  129.30828476
11530.00000000	9.87325734	-1.45333461	2.42631128	13416.91136168	57388.88035469	5071.00634175	32668.33366503	  129.30810605
11532.00000000	9.87152787	-1.45141078	2.42627701	13414.01883773	57266.23162627	5060.34220066	32667.26049674	  129.30792698
11534.00000000	9.86979901	-1.44902178	2.42612495	13409.66407068	57111.03912032	5047.39605363	32664.67145847	  129.30774842
11536.00000000	9.86807076	-1.44593081	2.42612270	13406.16774142	56919.93826960	5030.51811843	32660.79568380	  129.30756910
11540.00000000	9.86461607	-1.43752242	2.42576943	13397.78427399	56408.04331242	4987.03889950	32650.92644957	  129.30721403
11540.25000000	9.86440023	-1.43685333	2.42568696	13397.51927933	56369.19910840	4984.01572505	32650.25227449	  129.30719253
11540.50000000	9.86418441	-1.43616659	2.42562091	13396.99250404	56328.28637825	4980.72729165	32649.51732120	  129.30717100
11540.75000000	9.86396859	-1.43549754	2.42566585	13396.30397621	56287.71937790	4976.91655380	32648.21702425	  129.30714939
11541.00000000	9.86375278	-1.43481373	2.42562335	13396.14886331	56248.59139738	4973.66827208	32648.00671806	  129.30712780
11541.25000000	9.86353698	-1.43412200	2.42564642	13395.10313618	56205.30809388	4969.72635022	32646.43741627	  129.30710595
11541.50000000	9.86332119	-1.43331985	2.42571185	13394.60906264	56158.16961062	4965.23346308	32645.27263964	  129.30708397
11541.75000000	9.86310541	-1.43252544	2.42560653	13394.02355195	56111.12175532	4961.59625923	32644.56796747	  129.30706230
11542.00000000	9.86288964	-1.43172267	2.42549424	13393.49872127	56063.89858053	4957.97727143	32643.21501315	  129.30704076
11542.25000000	9.86267388	-1.43089307	2.42547114	13393.13132776	56015.87067827	4953.84439404	32642.06343895	  129.30701925
11542.50000000	9.86245813	-1.43005438	2.42543464	13392.77518167	55967.42233038	4949.74043402	32641.31981997	  129.30699795
11542.75000000	9.86224239	-1.42917828	2.42542878	13392.58916229	55917.63423010	4945.36616575	32640.22836507	  129.30697645
11543.00000000	9.86202665	-1.42833817	2.42542039	13391.49461041	55866.11062814	4940.85086330	32638.74815399	  129.30695449
11543.25000000	9.86181093	-1.42741410	2.42538188	13390.79853586	55811.60903032	4936.22080175	32636.73174852	  129.30693256
11543.50000000	9.86159522	-1.42643548	2.42540095	13389.96146164	55753.53193058	4930.99015970	32636.46430745	  129.30691009
11543.75000000	9.86137951	-1.42538885	2.42534976	13389.36342981	55692.72139288	4925.86406140	32634.56269468	  129.30688755
11544.00000000	9.86116382	-1.42434839	2.42533146	13388.46906493	55631.08960041	4920.50296866	32633.58119238	  129.30686569
11544.25000000	9.86094813	-1.42324648	2.42531024	13388.04890833	55568.07896366	4915.03401915	32632.42352365	  129.30684398
11544.50000000	9.86073246	-1.42221203	2.42528973	13387.02165981	55506.36693475	4909.67623944	32630.78912742	  129.30682223
11544.75000000	9.86051679	-1.42113514	2.42525330	13386.22626241	55443.33032402	4904.27917866	32629.19248222	  129.30680065
11545.00000000	9.86030113	-1.41991554	2.42521128	13385.82065787	55374.07533498	4898.35900980	32627.56130648	  129.30677861
11545.25000000	9.86008549	-1.41863636	2.42515183	13384.96494362	55299.75187370	4892.07522689	32625.90919548	  129.30675602
11545.50000000	9.85986985	-1.41728849	2.42505571	13384.38778694	55222.88371640	4885.74467333	32624.08492594	  129.30673341
11545.75000000	9.85965422	-1.41589958	2.42502559	13383.82772332	55143.92975571	4878.90630915	32622.26963096	  129.30671025
11546.00000000	9.85943860	-1.41444661	2.42498386	13383.72447772	55063.44075726	4871.98830163	32620.56418587	  129.30668719
11546.25000000	9.85922299	-1.41300117	2.42498407	13382.70879150	54979.73482816	4864.58100959	32618.51141447	  129.30666472
11546.50000000	9.85900739	-1.41156454	2.42501134	13381.57776390	54896.16585553	4857.05441302	32616.64892048	  129.30664225
11546.75000000	9.85879180	-1.41005995	2.42500568	13380.74294392	54810.21227056	4849.47695254	32614.05961730	  129.30662002
11547.00000000	9.85857622	-1.40849555	2.42498787	13380.41140974	54723.17840944	4841.86262369	32612.94250032	  129.30659803
11547.25000000	9.85836065	-1.40682259	2.42494572	13379.73585011	54628.94700778	4833.72885617	32610.46925403	  129.30657530
11547.50000000	9.85814509	-1.40503865	2.42491182	13378.94731145	54528.36482052	4824.99260409	32607.51458387	  129.30655210
11547.75000000	9.85792953	-1.40317808	2.42485514	13378.36008084	54424.61638470	4816.08527567	32605.29564453	  129.30652908
11548.00000000	9.85771399	-1.40126526	2.42467510	13377.30392647	54316.32308856	4807.36776774	32602.30612582	  129.30650604
11548.25000000	9.85749846	-1.39928644	2.42451645	13376.26510476	54204.73775273	4798.25286247	32599.70934305	  129.30648307
11548.50000000	9.85728293	-1.39717792	2.42452908	13375.95488031	54089.31200337	4787.97478816	32596.86984111	  129.30646036
11548.75000000	9.85706742	-1.39503428	2.42442852	13375.39756202	53971.23919501	4778.00347308	32593.92261082	  129.30643763
11549.00000000	9.85685191	-1.39279661	2.42434912	13375.01225753	53849.05310619	4767.56504405	32591.10377701	  129.30641513
11549.25000000	9.85663642	-1.39048487	2.42434296	13374.30687636	53721.87874393	4756.33485614	32587.49997701	  129.30639263
11549.50000000	9.85642093	-1.38803362	2.42423798	13373.79180890	53588.29000678	4745.00551314	32584.30516385	  129.30637016
11549.75000000	9.85620546	-1.38557323	2.42414576	13372.96588517	53453.30275832	4733.48948958	32580.94928846	  129.30634769
11550.00000000	9.85598999	-1.38300640	2.42405880	13372.23197620	53313.34698439	4721.50644168	32577.63576925	  129.30632531
11550.25000000	9.85577453	-1.38026673	2.42397242	13372.00653483	53166.58982010	4708.91616240	32574.15125078	  129.30630298
11550.50000000	9.85555908	-1.37742881	2.42388132	13371.66259888	53014.55765194	4695.87858955	32570.34545887	  129.30628070
11550.75000000	9.85534364	-1.37452049	2.42380735	13370.85127122	52857.39067832	4682.30354146	32566.32520492	  129.30625858
11551.00000000	9.85512821	-1.37147278	2.42383418	13370.10946186	52693.61874438	4667.67075179	32561.85345810	  129.30623637
11551.25000000	9.85491279	-1.36814782	2.42376685	13369.66935042	52516.97672824	4652.33680567	32557.85436074	  129.30621386
11551.50000000	9.85469738	-1.36470301	2.42362839	13368.81609205	52333.03656022	4636.68401184	32552.96445531	  129.30619138
11551.75000000	9.85448198	-1.36110170	2.42352839	13368.40301634	52143.29704563	4620.33519223	32548.37821841	  129.30616920
11552.00000000	9.85426659	-1.35743927	2.42347592	13367.42354071	51948.86849801	4603.34868549	32543.24924742	  129.30614704
11552.25000000	9.85405121	-1.35348177	2.42334828	13367.31241888	51743.25709293	4585.71414509	32538.47416360	  129.30612499
11552.50000000	9.85383584	-1.34946545	2.42315160	13366.11249524	51531.23002684	4567.82165141	32532.45360920	  129.30610309
11552.75000000	9.85362047	-1.34512332	2.42305302	13364.86975322	51303.18963401	4548.05609400	32526.86291507	  129.30608079
11553.00000000	9.85340512	-1.34043855	2.42303704	13364.81029350	51063.18069532	4526.85147057	32521.28069186	  129.30605822
11553.25000000	9.85318978	-1.33556198	2.42287892	13364.07926355	50811.99421050	4505.29564846	32514.56096942	  129.30603566
11553.50000000	9.85297444	-1.33030646	2.42255190	13362.83383815	50540.94072582	4482.72812335	32508.02851369	  129.30601288
11553.75000000	9.85275912	-1.32480684	2.42230540	13362.34998233	50261.92798157	4459.08010140	32500.77520246	  129.30599023
11554.00000000	9.85254380	-1.31903043	2.42216233	13361.48638833	49969.20180984	4433.74464646	32493.30232973	  129.30596804
11554.25000000	9.85232849	-1.31297737	2.42185915	13361.21140520	49666.62647208	4408.23357527	32485.19090273	  129.30594582
11554.50000000	9.85211320	-1.30655271	2.42166026	13360.61580221	49346.35822534	4380.67890009	32477.40327206	  129.30592393
11554.75000000	9.85189791	-1.29990242	2.42142543	13359.89274381	49016.62676737	4352.42924827	32469.72454137	  129.30590215
11555.00000000	9.85168263	-1.29259797	2.42108788	13359.31640571	48657.79229228	4322.02517841	32460.12212886	  129.30587983
11555.25000000	9.85146736	-1.28482005	2.42083128	13358.90657324	48279.32281243	4289.50820880	32450.09420180	  129.30585736
11555.50000000	9.85125210	-1.27645198	2.42048934	13358.02154747	47873.83173212	4254.93595073	32439.82169446	  129.30583477
11555.75000000	9.85103685	-1.26740832	2.41999439	13356.66914316	47438.02604804	4218.28967339	32428.59039200	  129.30581187
11556.00000000	9.85082161	-1.25787294	2.41951014	13355.85880590	46984.98544135	4180.02801410	32416.94556559	  129.30578930
11556.25000000	9.85060638	-1.24779966	2.41909264	13355.85816992	46514.06594650	4139.86060306	32404.66228584	  129.30576729
11556.50000000	9.85039116	-1.23715100	2.41875331	13355.68050310	46020.76924044	4097.34618973	32391.53183741	  129.30574521
11556.75000000	9.85017595	-1.22564352	2.41820928	13354.68491984	45490.83033864	4052.36835719	32378.09776692	  129.30572330
11557.00000000	9.84996075	-1.21354353	2.41757211	13353.92473139	44941.15001555	4005.95397488	32364.10318416	  129.30570142
11557.25000000	9.84974555	-1.19965831	2.41680514	13353.30475367	44319.38696962	3953.56250467	32347.99396858	  129.30567865
11557.50000000	9.84953037	-1.18489158	2.41597755	13352.43724583	43666.90570600	3898.58223464	32331.35161299	  129.30565576
11557.75000000	9.84931520	-1.16870335	2.41520978	13351.57195588	42962.92239751	3838.67668898	32313.12181653	  129.30563290
11558.00000000	9.84910003	-1.15120512	2.41450826	13350.75471610	42215.10259794	3774.50700407	32293.36072724	  129.30560992
11558.25000000	9.84888488	-1.13231990	2.41354248	13349.81897455	41422.43847332	3707.21250757	32272.76762510	  129.30558723
11558.50000000	9.84866973	-1.11190959	2.41234923	13348.88888689	40582.73567868	3636.39758205	32251.15330135	  129.30556475
11558.75000000	9.84845459	-1.09001982	2.41117536	13348.01833627	39701.45176503	3561.60893908	32228.34091433	  129.30554235
11559.00000000	9.84823947	-1.06632681	2.40985126	13347.24141256	38769.60413113	3482.62136848	32204.12144927	  129.30552037
11559.25000000	9.84802435	-1.04076036	2.40840017	13346.81101625	37789.74775338	3399.53163816	32178.25367707	  129.30549827
11559.50000000	9.84780924	-1.01136479	2.40668615	13346.38417461	36693.89119144	3306.61214306	32150.27505339	  129.30547553
11559.75000000	9.84759414	-0.97974638	2.40486422	13346.40072405	35551.88281680	3209.54409932	32120.03452366	  129.30545279
11560.00000000	9.84737905	-0.94500666	2.40295225	13345.44271401	34335.56218914	3105.66967795	32088.75874150	  129.30543031
11560.25000000	9.84716397	-0.90735472	2.40072497	13344.71514345	33064.99464344	2997.41481527	32055.68661371	  129.30540782
11560.50000000	9.84694890	-0.86646409	2.39860146	13343.81914910	31738.08520545	2883.24363185	32021.02923154	  129.30538566
11560.75000000	9.84673384	-0.82225960	2.39616170	13343.17357006	30364.20693603	2765.17191827	31985.66472692	  129.30536368
11561.00000000	9.84651879	-0.77409012	2.39363962	13342.46455808	28934.70950484	2641.64619052	31948.46588975	  129.30534170
11561.25000000	9.84630375	-0.72142606	2.39130669	13341.57648891	27448.49299756	2511.81243372	31909.21023824	  129.30531977
11561.50000000	9.84608872	-0.66483661	2.38869612	13340.92741149	25937.06881755	2379.70624947	31869.71417567	  129.30529790
11561.75000000	9.84587370	-0.60382535	2.38630502	13339.72403550	24399.72102134	2244.01500963	31830.09832891	  129.30527625
11562.00000000	9.84565868	-0.53825920	2.38383371	13339.38677300	22850.66611561	2106.75017699	31789.88871775	  129.30525458
11562.25000000	9.84544368	-0.46875009	2.38190067	13338.09394075	21314.21533072	1968.89716526	31749.40500342	  129.30523309
11562.50000000	9.84522868	-0.39442294	2.37989768	13337.16933633	19786.06230462	1831.39887830	31709.27997006	  129.30521162
11562.75000000	9.84501370	-0.31650477	2.37887620	13336.61712423	18302.14351230	1695.77859337	31670.78381098	  129.30519011
11563.00000000	9.84479872	-0.23419596	2.37828178	13336.11459830	16855.41035392	1562.66065908	31633.19413237	  129.30516865
11563.25000000	9.84458376	-0.14908263	2.37846698	13335.43601540	15479.35933809	1434.82157274	31597.37056769	  129.30514698
11563.50000000	9.84436880	-0.06053820	2.37986210	13334.37888587	14166.55324762	1311.30349480	31562.58534877	  129.30512509
11563.75000000	9.84415385	0.02770348	2.38235661	13333.74019307	12969.41897400	1197.50184525	31531.03778854	  129.30510347
11564.00000000	9.84393891	0.11277460	2.38604005	13333.66003484	11911.65182501	1095.79158769	31504.42953050	  129.30508216
11564.25000000	9.84372398	0.19740410	2.39098411	13333.18107204	10944.65981376	1001.86928490	31479.59443736	  129.30506082
11564.50000000	9.84350907	0.27398278	2.39768822	13332.61903123	10137.39242869	921.77196684	31457.62051106	  129.30503964
11564.75000000	9.84329416	0.34835879	2.40562524	13331.87173714	9410.24276210	848.88930414	31438.84564028	  129.30501844
11565.00000000	9.84307926	0.41201788	2.41439902	13331.68895981	8829.74338735	789.56504381	31423.42325564	  129.30499674
11565.25000000	9.84286436	0.46992397	2.42410799	13331.08017798	8332.58888304	737.90972040	31410.20362676	  129.30497505
11565.50000000	9.84264948	0.51462450	2.43406296	13330.55321687	7968.00488524	698.63361912	31400.83014408	  129.30495299
11565.75000000	9.84243461	0.55009484	2.44437651	13329.82327633	7689.90968593	667.33209115	31393.87981573	  129.30493066
11566.00000000	9.84221975	0.57331984	2.45310855	13329.52711092	7513.20262036	646.32892574	31389.23291426	  129.30490892
11566.25000000	9.84200490	0.58550099	2.45952999	13329.40690331	7422.17132469	634.41094954	31386.80637017	  129.30488758
11566.50000000	9.84179005	0.59037779	2.46548326	13328.96534289	7385.81834815	627.55652260	31385.88465326	  129.30486616
11566.75000000	9.84157522	0.58594769	2.47109166	13328.42101955	7418.30790876	626.79190985	31386.04161279	  129.30484492
11567.00000000	9.84136039	0.57728983	2.47506083	13327.55327094	7482.32624416	629.69664384	31387.05295231	  129.30482352
11567.25000000	9.84114558	0.56168543	2.47655226	13327.51124214	7599.97516013	638.64452404	31390.99547418	  129.30480142
11567.50000000	9.84093077	0.54382519	2.47781937	13327.21854293	7736.76204232	649.31578273	31395.18649143	  129.30477937
11567.75000000	9.84071597	0.52206294	2.47826298	13326.62102985	7906.62235271	663.27718398	31399.02818680	  129.30475695
11568.00000000	9.84050119	0.49898705	2.47825334	13326.55182704	8091.15403965	678.76387315	31404.29305459	  129.30473440
11568.25000000	9.84028641	0.47562916	2.47748032	13326.04969146	8282.05877808	695.31608822	31409.06543503	  129.30471233
11568.50000000	9.84007164	0.45213632	2.47585836	13325.96585036	8478.87800661	712.99545458	31414.38090783	  129.30469040
11568.75000000	9.83985688	0.42929698	2.47448569	13325.60363650	8674.52259033	730.44934059	31419.50353704	  129.30466860
11569.00000000	9.83964213	0.40747450	2.47326959	13324.74668322	8865.33265223	747.42514192	31423.72265559	  129.30464717
11569.25000000	9.83942739	0.38624462	2.47145595	13324.29474619	9055.24750111	764.82248015	31428.75719146	  129.30462535
11569.50000000	9.83921266	0.36539673	2.46960347	13323.40074843	9245.39148024	782.33029419	31434.25354055	  129.30460276
11569.75000000	9.83899794	0.34569083	2.46799360	13322.63420850	9428.84476995	799.13929238	31439.30174753	  129.30458031
11570.00000000	9.83878323	0.32767275	2.46647595	13322.40220612	9600.10701194	814.89036071	31443.62001084	  129.30455804
11570.25000000	9.83856853	0.31052148	2.46510138	13321.80798154	9765.74556996	830.09056887	31448.04357058	  129.30453575
11570.50000000	9.83835383	0.29499496	2.46383970	13321.44196711	9918.28436076	844.12073302	31451.91480245	  129.30451379
11570.75000000	9.83813915	0.28030666	2.46262930	13321.11249365	10064.79332968	857.62719842	31455.66983643	  129.30449186
11571.00000000	9.83792448	0.26676399	2.46144210	13320.64524154	10201.66677942	870.32290562	31459.41727213	  129.30447007
11571.25000000	9.83770981	0.25396727	2.46040598	13319.67898373	10332.30394584	882.38158008	31462.65132971	  129.30444836
11571.50000000	9.83749516	0.24190572	2.45951588	13319.10345754	10457.23027432	893.84557689	31465.83165302	  129.30442670
11571.75000000	9.83728051	0.23076908	2.45873353	13319.04671183	10574.29451166	904.55920659	31469.42039899	  129.30440511
11572.00000000	9.83706587	0.22017260	2.45796732	13318.32475447	10686.36137404	914.84646049	31472.40512055	  129.30438358
11572.25000000	9.83685125	0.21048659	2.45709421	13317.80737137	10789.95333715	924.52169690	31475.02012136	  129.30436229
11572.50000000	9.83663663	0.20135956	2.45636131	13317.64884398	10888.75468829	933.67138822	31478.63349407	  129.30434098
11572.75000000	9.83642202	0.19303872	2.45534009	13316.63964969	10978.90420467	942.36325209	31479.90121205	  129.30431972
11573.00000000	9.83620742	0.18522909	2.45457318	13316.39343577	11064.77649711	950.46265724	31482.67252760	  129.30429848
11573.25000000	9.83599283	0.17831262	2.45365936	13315.61341696	11140.91829210	957.87815058	31484.54173917	  129.30427706
11573.50000000	9.83577825	0.17193877	2.45307155	13314.81613265	11211.48436372	964.51209856	31486.33796357	  129.30425554
11573.75000000	9.83556368	0.16649031	2.45224644	13313.81660683	11271.89016917	970.50918700	31487.82759461	  129.30423427
11574.00000000	9.83534912	0.16194591	2.45107722	13313.30876535	11322.79872110	976.03294678	31489.26142833	  129.30421313
11574.25000000	9.83513457	0.15823107	2.45024842	13313.05034147	11364.71881103	980.45874611	31490.45359481	  129.30419203
11574.50000000	9.83492003	0.15546893	2.44966307	13311.87215214	11395.14462440	983.65926288	31491.12767788	  129.30417115
11574.75000000	9.83470549	0.15343724	2.44891765	13311.12827761	11417.68142356	986.33966601	31492.46466262	  129.30415014
11575.00000000	9.83449097	0.15265096	2.44799597	13311.00592304	11426.55741534	988.01665397	31492.21461839	  129.30412868
11575.25000000	9.83427646	0.15251200	2.44718914	13310.87797312	11428.03555032	988.94204458	31492.07844627	  129.30410725
11575.50000000	9.83406195	0.15341457	2.44660324	13310.64530642	11417.52595204	988.61164674	31491.98494268	  129.30408575
11575.75000000	9.83384746	0.15491767	2.44612115	13310.06418320	11399.87950170	987.55966448	31491.94454652	  129.30406416
11576.00000000	9.83363297	0.15734476	2.44563243	13310.20857507	11372.36790620	985.65795617	31490.97857460	  129.30404306
11576.25000000	9.83341849	0.16039462	2.44547983	13310.17813228	11337.71066625	982.80413131	31489.57124490	  129.30402213
11576.50000000	9.83320403	0.16392574	2.44520149	13309.64829781	11297.29675381	979.57349025	31488.90661450	  129.30400126
11576.75000000	9.83298957	0.16796863	2.44469621	13309.60586663	11251.67932584	976.11114944	31488.09421953	  129.30398059
11577.00000000	9.83277512	0.17241677	2.44460566	13309.53022104	11201.67770347	971.86137695	31486.60741970	  129.30395973
11577.25000000	9.83256068	0.17728753	2.44451856	13308.24493622	11146.17321435	967.13002316	31485.51596613	  129.30393853
11577.50000000	9.83234625	0.18235689	2.44421144	13306.91554557	11088.70453131	962.43912434	31484.08252283	  129.30391736
11577.75000000	9.83213183	0.18774423	2.44478264	13307.10010985	11029.27950145	956.73471938	31482.30606926	  129.30389588
11578.00000000	9.83191742	0.19312016	2.44463871	13306.98110275	10970.04779331	951.73363685	31481.45610836	  129.30387435
11578.25000000	9.83170302	0.19792170	2.44507219	13306.41631957	10917.03754768	946.72412143	31479.81897419	  129.30385359
11578.50000000	9.83148863	0.20252633	2.44562924	13306.14630725	10866.66369139	941.83091371	31478.05585752	  129.30383299
11578.75000000	9.83127424	0.20674279	2.44635599	13305.24777284	10820.21060231	937.12344843	31477.06881053	  129.30381227
11579.00000000	9.83105987	0.21056451	2.44676360	13304.41677608	10778.26443784	933.11012976	31476.02670033	  129.30379167
11579.25000000	9.83084551	0.21374813	2.44721712	13304.06763792	10743.72316653	929.69804763	31475.00150658	  129.30377067
11579.50000000	9.83063115	0.21605835	2.44824901	13303.68021520	10718.61936748	926.56909962	31474.86509422	  129.30374916
11579.75000000	9.83041681	0.21756915	2.44909621	13302.98459158	10701.87825164	924.33848329	31474.84565209	  129.30372778
11580.00000000	9.83020247	0.21806474	2.44983051	13301.81463688	10695.63509932	923.12115840	31473.90789684	  129.30370639
11580.25000000	9.82998815	0.21790373	2.45049335	13301.71786433	10697.27950448	922.65131598	31473.36456888	  129.30368502
11580.50000000	9.82977383	0.21644650	2.45117745	13300.75195082	10712.10142042	923.29787361	31474.63732319	  129.30366402
11580.75000000	9.82955952	0.21425754	2.45196968	13299.43901447	10734.51567559	924.49709929	31474.59266832	  129.30364301
11581.00000000	9.82934522	0.21115073	2.45220803	13299.34190973	10767.83897888	927.14602068	31475.98072016	  129.30362226
11581.25000000	9.82913094	0.20730698	2.45255247	13299.64560625	10809.55436897	930.41731638	31477.00375435	  129.30360170
11581.50000000	9.82891666	0.20249106	2.45311771	13299.15523666	10861.33746054	934.34620002	31478.10974108	  129.30358071
11581.75000000	9.82870239	0.19695988	2.45345822	13298.31797741	10920.89229984	939.14955324	31480.23998623	  129.30355937
11582.00000000	9.82848813	0.19112130	2.45348951	13297.89650708	10984.49317660	944.58939889	31482.16929230	  129.30353827
11582.25000000	9.82827388	0.18491970	2.45328520	13297.47446875	11052.47542348	950.62960052	31483.70509591	  129.30351743
11582.50000000	9.82805963	0.17869265	2.45310750	13296.76054192	11120.91742570	956.68631876	31485.27576701	  129.30349660
11582.75000000	9.82784540	0.17257069	2.45306554	13296.42588142	11188.92646117	962.57724381	31487.36915847	  129.30347615
11583.00000000	9.82763118	0.16664660	2.45258071	13295.85136128	11254.92101489	968.72427934	31489.41226381	  129.30345568
11583.25000000	9.82741697	0.16095563	2.45204149	13295.42330255	11318.79068739	974.74706942	31490.89863816	  129.30343526
11583.50000000	9.82720276	0.15546019	2.45178979	13293.87054148	11379.83442116	980.25071303	31492.64198115	  129.30341481
11583.75000000	9.82698857	0.15073829	2.45097593	13293.36803541	11433.26368876	985.65493413	31494.26066920	  129.30339460
11584.00000000	9.82677438	0.14645594	2.45028607	13293.22889378	11482.20972964	990.55764989	31495.16686216	  129.30337451
11584.25000000	9.82656020	0.14276310	2.44992223	13292.58488889	11524.13183700	994.53601321	31496.42856872	  129.30335440
11584.50000000	9.82634604	0.13971651	2.44933720	13292.31693443	11559.06158358	998.13422600	31497.40332279	  129.30333433
11584.75000000	9.82613188	0.13709730	2.44862773	13292.16645492	11589.24571524	1001.45089592	31497.60112458	  129.30331427
11585.00000000	9.82591773	0.13523096	2.44820931	13291.45702147	11610.27570522	1003.68802079	31498.83819181	  129.30329432
11585.25000000	9.82570359	0.13360689	2.44819641	13290.56564448	11628.36699112	1005.26494718	31499.65437114	  129.30327434
11585.50000000	9.82548947	0.13256944	2.44728167	13290.26935849	11640.17757329	1007.20687383	31499.97932449	  129.30325404
11585.75000000	9.82527535	0.13180043	2.44734172	13289.97551406	11648.87486495	1007.89891186	31499.98491376	  129.30323371
11586.00000000	9.82506124	0.13150469	2.44667712	13289.59242239	11651.98457617	1008.83822682	31500.20400845	  129.30321368
11586.25000000	9.82484713	0.13150352	2.44609907	13288.94222113	11651.42816198	1009.37335126	31500.86855235	  129.30319369
11586.50000000	9.82463304	0.13197999	2.44607192	13288.57528656	11645.55632302	1008.89205419	31500.37986323	  129.30317383
11586.75000000	9.82441896	0.13282479	2.44546564	13288.32538180	11635.50353708	1008.63247947	31499.62568605	  129.30315418
11587.00000000	9.82420489	0.13394378	2.44491632	13287.97122603	11622.18103346	1008.03119372	31499.78136649	  129.30313421
11587.25000000	9.82399083	0.13542793	2.44522808	13287.45239489	11604.49155399	1006.18318680	31499.37238167	  129.30311384
11587.50000000	9.82377677	0.13724809	2.44510753	13286.60216781	11582.64757054	1004.41024607	31498.35870636	  129.30309347
11587.75000000	9.82356273	0.13966106	2.44458141	13286.44567124	11554.59663020	1002.50505407	31498.27099378	  129.30307263
11588.00000000	9.82334869	0.14230370	2.44433256	13286.53117584	11524.17639538	1000.11457092	31497.62317794	  129.30305183
11588.25000000	9.82313467	0.14558515	2.44397204	13285.80650777	11485.79591988	997.14318246	31496.29007566	  129.30303173
11588.50000000	9.82292065	0.14918178	2.44392217	13285.26705250	11444.09522930	993.57247527	31495.75414899	  129.30301169
11588.75000000	9.82270664	0.15338319	2.44347383	13284.81189843	11395.72432908	989.81660650	31494.49234919	  129.30299161
11589.00000000	9.82249264	0.15805034	2.44297953	13284.48565655	11342.38422649	985.67065390	31493.03090320	  129.30297167
11589.25000000	9.82227866	0.16337857	2.44276166	13283.77808708	11281.50911875	980.59413501	31491.37439365	  129.30295125
11589.50000000	9.82206468	0.16937091	2.44251482	13283.10189613	11213.53778888	974.92664868	31489.81762430	  129.30293044
11589.75000000	9.82185071	0.17594786	2.44219788	13282.88165399	11139.84426658	968.82660726	31488.15537515	  129.30290959
11590.00000000	9.82163675	0.18338880	2.44191164	13282.11718836	11056.62458363	961.86431154	31485.44096237	  129.30288827
11590.25000000	9.82142280	0.19113727	2.44165275	13281.39802720	10970.68966457	954.63557638	31483.61712389	  129.30286707
11590.50000000	9.82120885	0.19915315	2.44144764	13281.33277141	10883.04796877	947.20352099	31481.23742713	  129.30284639
11590.75000000	9.82099492	0.20746913	2.44168622	13281.21091923	10792.82099931	939.12656090	31479.42083442	  129.30282569
11591.00000000	9.82078100	0.21593693	2.44187757	13280.60653340	10701.32841073	930.98726263	31476.99717976	  129.30280522
11591.25000000	9.82056709	0.22444955	2.44201526	13279.89275776	10610.04848524	922.91906514	31474.03850116	  129.30278496
11591.50000000	9.82035318	0.23324496	2.44239154	13279.73015411	10517.00913894	914.48183451	31471.59152943	  129.30276394
11591.75000000	9.82013929	0.24225128	2.44297679	13279.10111278	10422.22109877	905.70953814	31469.35170372	  129.30274244
11592.00000000	9.81992540	0.25083414	2.44345161	13278.39776294	10332.60412504	897.49541740	31467.20360932	  129.30272117
11592.25000000	9.81971152	0.25900021	2.44403531	13278.23615159	10248.44619012	889.66596254	31464.79895232	  129.30269995
11592.50000000	9.81949766	0.26686546	2.44492094	13277.56104214	10167.63876257	881.86973269	31462.32942614	  129.30267881
11592.75000000	9.81928380	0.27370259	2.44556226	13277.26904846	10098.13635993	875.28006111	31461.23595453	  129.30265800
11593.00000000	9.81906995	0.28012294	2.44650840	13277.14098564	10033.41374339	868.84763409	31458.87520400	  129.30263715
11593.25000000	9.81885611	0.28525344	2.44726727	13276.48409809	9981.57519920	863.70296454	31458.13625903	  129.30261635
11593.50000000	9.81864229	0.28971684	2.44796986	13275.95840386	9936.72927263	859.21857292	31456.68437889	  129.30259553
11593.75000000	9.81842847	0.29294903	2.44887670	13275.62708961	9904.41654818	855.64823991	31456.04952406	  129.30257484
11594.00000000	9.81821465	0.29535142	2.44984156	13274.92870309	9880.13109121	852.72704462	31455.15395200	  129.30255418
11594.25000000	9.81800085	0.29659652	2.45066247	13274.23113700	9867.31845154	850.92240325	31455.19114552	  129.30253359
11594.50000000	9.81778706	0.29664576	2.45167037	13273.79276174	9866.50671320	849.99525758	31454.97060162	  129.30251309
11594.75000000	9.81757328	0.29596070	2.45249195	13273.27570787	9872.88355773	849.84611912	31454.27312613	  129.30249259
11595.00000000	9.81735951	0.29427296	2.45273862	13272.64855702	9889.09320518	851.03147652	31456.02714694	  129.30247215
11595.25000000	9.81714574	0.29183008	2.45338920	13271.82556957	9912.66592420	852.50528110	31456.51238549	  129.30245169
11595.50000000	9.81693199	0.28843269	2.45365616	13270.97877799	9945.76577349	855.12360825	31457.28705620	  129.30243111
11595.75000000	9.81671824	0.28463275	2.45410185	13270.80726336	9983.50203713	857.98563649	31457.77329400	  129.30241051
11596.00000000	9.81650451	0.28018193	2.45417593	13270.13297159	10027.52626681	861.70526353	31459.64996185	  129.30239013
11596.25000000	9.81629078	0.27528174	2.45455245	13269.34574609	10076.18589828	865.56081444	31460.61430346	  129.30236979
11596.50000000	9.81607706	0.27006578	2.45460714	13268.96195116	10128.58714327	870.01458747	31461.88544471	  129.30234947
11596.75000000	9.81586336	0.26467041	2.45413806	13268.44913141	10182.98880662	875.09791785	31464.33292924	  129.30232926
11597.00000000	9.81564966	0.25902216	2.45410081	13267.80379622	10240.16947764	880.04464610	31465.89989033	  129.30230879
11597.25000000	9.81543597	0.25305405	2.45437839	13266.91854256	10300.77940992	885.00779345	31466.74505554	  129.30228800
11597.50000000	9.81522229	0.24710454	2.45411640	13265.70786951	10361.30104264	890.44085968	31468.62988739	  129.30226724
11597.75000000	9.81500862	0.24133003	2.45384681	13265.44147041	10421.09627447	895.82108085	31470.39366277	  129.30224630
11598.00000000	9.81479496	0.23567419	2.45395117	13265.14642867	10479.97023293	900.78800665	31471.51451109	  129.30222538
11598.25000000	9.81458131	0.23022680	2.45323251	13264.26487729	10536.51418354	906.29924084	31472.95628889	  129.30220494
11598.50000000	9.81436767	0.22504865	2.45266399	13263.86437089	10590.89552571	911.49490611	31474.59903559	  129.30218450
11598.75000000	9.81415403	0.22016692	2.45256257	13263.22896787	10642.21400517	916.00448092	31476.03397628	  129.30216428
11599.00000000	9.81394041	0.21555790	2.45230304	13262.20582321	10690.55261993	920.40395477	31477.61990077	  129.30214427
11599.25000000	9.81372680	0.21124842	2.45177652	13261.52091927	10736.16836580	924.81805324	31479.04468582	  129.30212383
11599.50000000	9.81351319	0.20722259	2.45143075	13261.17981010	10779.20013571	928.84594302	31479.61924262	  129.30210306
11599.75000000	9.81329959	0.20349899	2.45116630	13260.60951358	10818.94707441	932.51751784	31480.31448920	  129.30208232
11600.00000000	9.81308601	0.20010166	2.45068325	13260.09781052	10855.34623779	936.10694436	31481.99225895	  129.30206137
11600.25000000	9.81287243	0.19697287	2.45043658	13260.05164151	10889.32568049	939.26881259	31483.07612112	  129.30204051
11600.50000000	9.81265886	0.19431356	2.45025960	13259.13188492	10917.56495590	941.87129152	31483.50783728	  129.30202025
11600.75000000	9.81244531	0.19182756	2.44962594	13257.98205710	10943.79063037	944.73226368	31484.10829381	  129.30199998
11601.00000000	9.81223176	0.18968950	2.44965408	13257.64391093	10966.93442029	946.70353144	31485.02935822	  129.30197969
11601.25000000	9.81201822	0.18765481	2.44928241	13256.74521070	10988.52648390	948.92005022	31485.17381462	  129.30195954
11601.50000000	9.81180469	0.18579733	2.44903016	13256.20816215	11008.51051585	950.88561500	31485.93976694	  129.30193875
11601.75000000	9.81159117	0.18401474	2.44922165	13256.04618757	11028.01690142	952.38813307	31486.86571877	  129.30191752
11602.00000000	9.81137766	0.18217036	2.44926038	13255.21729917	11047.68468275	954.04970526	31487.01305730	  129.30189647
11602.25000000	9.81116415	0.18035218	2.44918599	13254.38604282	11067.09557597	955.79707706	31487.85806806	  129.30187546
11602.50000000	9.81095066	0.17853391	2.44915972	13253.89653017	11086.82730832	957.52634504	31489.08614509	  129.30185449
11602.75000000	9.81073718	0.17673502	2.44916468	13252.73262605	11105.81394842	959.16139206	31488.86338030	  129.30183370
11603.00000000	9.81052370	0.17488294	2.44926973	13251.53805347	11125.39891323	960.75192396	31489.40866604	  129.30181289
11603.25000000	9.81031024	0.17294478	2.44895714	13250.97960298	11146.51286039	962.87619393	31490.11365379	  129.30179246
11603.50000000	9.81009678	0.17086792	2.44872885	13250.66716254	11169.42334165	965.07557421	31491.44123826	  129.30177215
11603.75000000	9.80988334	0.16855969	2.44891889	13249.51104678	11194.25786470	967.03757276	31491.74434282	  129.30175132
11604.00000000	9.80966990	0.16611020	2.44889381	13248.45689379	11220.81891337	969.35640974	31492.15977510	  129.30173025
11604.25000000	9.80945647	0.16370228	2.44878009	13248.16821736	11247.62526736	971.78268520	31492.85167522	  129.30170940
11604.50000000	9.80924306	0.16126402	2.44904885	13247.81302052	11274.78102640	973.86714590	31493.45163482	  129.30168861
11605.00000000	9.80881625	0.15618466	2.44882964	13246.64543325	11331.19664375	978.95465911	31495.36877051	  129.30164772
11606.00000000	9.80796275	0.14713291	2.44804860	13244.33189951	11432.23237783	988.45532085	31498.04528842	  129.30156690
11607.00000000	9.80710939	0.14090072	2.44698924	13241.22918015	11501.00774049	995.45577634	31499.74401642	  129.30148728
11608.00000000	9.80625618	0.13949301	2.44604233	13238.58305543	11514.90764135	997.60306102	31501.52170291	  129.30140739
11609.00000000	9.80540313	0.14317833	2.44494189	13236.45356614	11470.70424419	994.86765246	31499.66404688	  129.30132884
11610.00000000	9.80455022	0.15198179	2.44411743	13234.43380661	11368.43058978	986.81058531	31497.27839449	  129.30124840
11611.00000000	9.80369746	0.16379942	2.44427302	13232.61341341	11233.32804128	974.93162620	31493.99358647	  129.30116866
11612.00000000	9.80284485	0.17829081	2.44372014	13231.12253180	11070.46789408	961.32847268	31489.59326677	  129.30108825
11613.00000000	9.80199239	0.19413093	2.44384368	13229.16283818	10894.87792798	945.96385603	31485.47085603	  129.30100634
11614.00000000	9.80114008	0.21040991	2.44461235	13225.94610900	10716.34995031	929.74795656	31481.31822696	  129.30092530
11615.00000000	9.80028792	0.22665303	2.44526879	13223.56382564	10541.78989311	914.00298040	31476.80680003	  129.30084346
11616.00000000	9.79943591	0.24174675	2.44583933	13220.90894359	10381.78508844	899.61669896	31472.35972445	  129.30076329
11617.00000000	9.79858404	0.25475702	2.44702576	13218.92867376	10246.05523958	886.80249613	31469.64117031	  129.30068443
11618.00000000	9.79773233	0.26424012	2.44753911	13215.85125635	10146.98732317	877.77738320	31467.22771968	  129.30060599
11619.00000000	9.79688076	0.26980940	2.44883680	13213.34411530	10088.71865761	871.60497359	31465.18685673	  129.30052852
11620.00000000	9.79602935	0.27110207	2.44990161	13210.93081151	10073.84547858	869.39378952	31465.08062850	  129.30044999
11621.00000000	9.79517808	0.26891703	2.45025561	13208.18010014	10093.77920424	870.80579556	31465.37439731	  129.30037252
11622.00000000	9.79432696	0.26405399	2.45091606	13206.46155880	10141.66545204	874.35935528	31466.44426707	  129.30029541
11623.00000000	9.79347598	0.25771120	2.45043150	13204.62593982	10204.77772851	880.22696757	31469.17113422	  129.30021807
11624.00000000	9.79262516	0.25107212	2.45012811	13202.94622586	10271.44668305	886.24642837	31470.93629645	  129.30014109
11625.00000000	9.79177449	0.24429939	2.44991827	13200.67553062	10339.47002021	892.30287565	31472.87796735	  129.30006297
11626.00000000	9.79092396	0.23767031	2.44998109	13198.67649084	10406.66269619	898.04523190	31475.28587602	  129.29998647
11627.00000000	9.79007358	0.23122411	2.44937451	13195.94073731	10471.79190143	904.21388384	31475.99835129	  129.29990900
11628.00000000	9.78922335	0.22526327	2.44954250	13192.90244718	10531.97344590	909.25764980	31478.67808487	  129.29983375
11629.00000000	9.78837327	0.21981563	2.44875547	13189.81124806	10587.02318987	914.72989780	31479.57365503	  129.29975984
11630.00000000	9.78752334	0.21467786	2.44869805	13187.05494247	10639.33305379	919.30231592	31481.37331830	  129.29968608
11631.00000000	9.78667356	0.21025060	2.44850946	13185.17024091	10685.01332966	923.42349633	31481.89369981	  129.29961242
11632.00000000	9.78582392	0.20654754	2.44826054	13183.19977322	10723.05109456	926.94151744	31483.79352601	  129.29953887
11633.00000000	9.78497443	0.20276786	2.44827239	13181.30967053	10762.11430188	930.30725905	31484.95016379	  129.29946381
11634.00000000	9.78412509	0.19886832	2.44803361	13179.02968392	10802.29474007	934.00356273	31486.09746828	  129.29938951
11635.00000000	9.78327590	0.19354006	2.44819370	13176.07066448	10857.56739720	938.63235278	31487.79646973	  129.29931264
11636.00000000	9.78242686	0.18752125	2.44809676	13174.16005586	10921.53020491	944.25344625	31489.71806412	  129.29923733
11637.00000000	9.78157796	0.18007746	2.44802163	13171.87098584	11001.21926032	951.21465654	31491.35185965	  129.29915950
11638.00000000	9.78072922	0.17203743	2.44762960	13169.65110719	11088.15694797	959.10761091	31494.08320250	  129.29908341
11639.00000000	9.77988062	0.16356446	2.44773796	13166.68692002	11179.98873557	966.94612398	31496.58588844	  129.29900800
11640.00000000	9.77903217	0.15511063	2.44743310	13163.37478763	11272.06688600	975.20713118	31498.93094263	  129.29893312
11641.00000000	9.77818386	0.14714242	2.44726238	13161.13899327	11360.31396001	983.00965945	31501.90651837	  129.29885838
11642.00000000	9.77733571	0.13998731	2.44652878	13158.03551683	11439.19164433	990.56136586	31503.97657396	  129.29878350
11643.00000000	9.77648770	0.13341313	2.44643751	13155.12829873	11512.09857891	996.96563263	31505.93021617	  129.29870785
11644.00000000	9.77563984	0.12839530	2.44585308	13152.50427451	11567.70168412	1002.36659110	31507.71185657	  129.29863336
11645.00000000	9.77479213	0.12425388	2.44531968	13149.34457912	11612.91724563	1006.82151706	31508.53355607	  129.29855716
11646.00000000	9.77394457	0.12108053	2.44495421	13145.99889957	11646.86347394	1010.13370899	31510.58618861	  129.29848299
11647.00000000	9.77309715	0.11863338	2.44454916	13143.01083420	11672.74622566	1012.78866328	31510.72198339	  129.29840571
11648.00000000	9.77224988	0.11723157	2.44442503	13140.19896017	11686.61983453	1014.11828920	31511.57578931	  129.29832994
11649.00000000	9.77140276	0.11685017	2.44405520	13137.34938152	11688.54269484	1014.66032503	31511.42022308	  129.29825346
11650.00000000	9.77055579	0.11785015	2.44373368	13134.57608023	11674.39517020	1013.75809837	31511.74514537	  129.29817807
11651.00000000	9.76970896	0.11988852	2.44351446	13131.27068943	11647.69076353	1011.66094408	31510.72211130	  129.29810383
11652.00000000	9.76886228	0.12379242	2.44342865	13128.71968754	11600.05398773	1007.60991074	31509.79691735	  129.29803035
11653.00000000	9.76801575	0.12901488	2.44322147	13126.97822616	11538.10042920	1002.43613285	31508.63720675	  129.29795634
11654.00000000	9.76716937	0.13520603	2.44311817	13124.09290562	11464.36653260	996.13298884	31506.65111683	  129.29788309
11655.00000000	9.76632313	0.14288782	2.44285803	13121.82360217	11374.66989303	988.59643575	31504.63092635	  129.29780762
11656.00000000	9.76547705	0.15044804	2.44344938	13119.86957169	11287.31812233	980.42456543	31502.34697037	  129.29773396
11657.00000000	9.76463110	0.15835950	2.44369773	13117.00027281	11195.92212592	972.24434869	31500.45652839	  129.29765718
11658.00000000	9.76378531	0.16600322	2.44375903	13114.54644503	11108.59141831	964.60149842	31498.30086478	  129.29758087
11659.00000000	9.76293966	0.17276201	2.44408079	13111.89679877	11031.53470834	957.60219672	31495.68704172	  129.29750367
11660.00000000	9.76209416	0.17838964	2.44464851	13109.30255805	10967.45729277	951.49956196	31493.86810455	  129.29742646
11661.00000000	9.76124881	0.18282679	2.44504940	13107.26730438	10917.20562892	946.76027452	31493.88824310	  129.29735045
11662.00000000	9.76040361	0.18601587	2.44552470	13105.24492888	10880.76610255	943.15178955	31493.24548632	  129.29727538
11663.00000000	9.75955855	0.18800489	2.44577281	13102.95555612	10857.24854989	940.87980271	31492.04415257	  129.29720020
11664.00000000	9.75871364	0.18900144	2.44563979	13100.60011936	10844.48437236	939.89868833	31492.41353873	  129.29712572
11665.00000000	9.75786887	0.18908960	2.44601916	13098.09128095	10841.45181804	939.27944453	31492.46567137	  129.29704955
11666.00000000	9.75702426	0.18839751	2.44606880	13096.91771458	10847.98555666	939.79886637	31492.95292776	  129.29697511
11667.00000000	9.75617979	0.18740332	2.44591053	13095.16211313	10857.32034177	940.75644872	31493.57221706	  129.29689976
11668.00000000	9.75533546	0.18600740	2.44592446	13092.76346864	10870.49529882	941.88490799	31493.90837797	  129.29682465
11669.00000000	9.75449129	0.18427595	2.44636094	13090.30778398	10887.29096627	942.92852574	31494.07561091	  129.29674915
11670.00000000	9.75364726	0.18257258	2.44606355	13087.98452860	10903.91628187	944.64930054	31494.69978588	  129.29667255
11671.00000000	9.75280337	0.18089422	2.44587817	13085.74370453	10920.36231308	946.24947972	31495.53239833	  129.29659714
11672.00000000	9.75195964	0.17896025	2.44589555	13082.84465554	10939.07843008	947.85476339	31495.86995036	  129.29652118
11673.00000000	9.75111605	0.17690614	2.44581796	13080.72635808	10959.79674697	949.72366009	31496.98848214	  129.29644685
11674.00000000	9.75027260	0.17510541	2.44560596	13078.72057094	10977.86655655	951.49119257	31497.58865882	  129.29637365
11675.00000000	9.74942931	0.17341584	2.44571889	13077.09486326	10995.06326233	952.87408295	31498.05672896	  129.29630031
11676.00000000	9.74858616	0.17192614	2.44543798	13074.52878284	11009.29401009	954.37542692	31498.62428927	  129.29622728
11677.00000000	9.74774315	0.17086376	2.44513514	13072.11126680	11018.95850587	955.50254191	31499.16585058	  129.29615374
11678.00000000	9.74690030	0.17040364	2.44478011	13069.75433728	11022.04209630	956.10932208	31499.68110326	  129.29607913
11679.00000000	9.74605759	0.17035701	2.44485411	13068.17818929	11021.22677622	955.96785554	31500.01866154	  129.29600487
11680.00000000	9.74521502	0.17122858	2.44454124	13066.08362725	11009.86025050	955.28076474	31499.39952066	  129.29592810
11681.00000000	9.74437261	0.17233746	2.44443424	13064.89398471	10996.65709076	954.23728294	31498.66933683	  129.29585259
11682.00000000	9.74353034	0.17414111	2.44462706	13062.37993128	10974.72857738	952.15081618	31498.89472558	  129.29577464
11683.00000000	9.74268821	0.17609822	2.44478703	13060.74562370	10951.90041466	950.01829656	31498.35730788	  129.29569841
11684.00000000	9.74184623	0.17842255	2.44444902	13059.14551876	10925.13548274	948.01696562	31497.85186561	  129.29562292
11685.00000000	9.74100440	0.18058238	2.44471702	13057.24180413	10899.97531579	945.58026967	31497.30917826	  129.29554786
11686.00000000	9.74016271	0.18250169	2.44474226	13055.72548590	10877.81165620	943.63374379	31495.95918881	  129.29547279
11687.00000000	9.73932118	0.18380646	2.44507621	13053.65833379	10861.90777640	941.93948821	31496.53962788	  129.29539755
11688.00000000	9.73847978	0.18453950	2.44514209	13051.77156054	10852.37959146	941.05121722	31496.45528855	  129.29532153
11690.00000000	9.73679743	0.18376833	2.44524842	13047.58755805	10857.27027488	941.37520464	31496.90494931	  129.29517058
11692.00000000	9.73511567	0.17938918	2.44554177	13042.21531362	10900.43009453	944.84014660	31498.31494378	  129.29501877
11694.00000000	9.73343449	0.17149458	2.44560014	13035.63842859	10981.28480777	951.79300722	31500.53318056	  129.29486604
11696.00000000	9.73175389	0.16083192	2.44528298	13019.95317054	11085.64599515	961.14320696	31503.82533561	  129.29471605
11698.00000000	9.73007387	0.14844945	2.44517787	12958.47251714	11170.76808457	968.62523872	31505.38740720	  129.29456827
11700.00000000	9.72839444	0.13498832	2.44563723	12961.82260029	11325.08295289	981.55500087	31510.40001586	  129.29441960
11702.00000000	9.72671559	0.12188832	2.44452344	13012.73980158	11519.49179670	999.51721636	31515.96540606	  129.29426975
11704.00000000	9.72503732	0.11114878	2.44420704	13010.16981502	11641.57297671	1010.42954423	31519.41838992	  129.29411648
11706.00000000	9.72335964	0.10418362	2.44297953	13004.45196282	11717.78921849	1018.29392128	31521.86993585	  129.29396323
11708.00000000	9.72168253	0.10138376	2.44202634	12999.11342022	11745.81961657	1021.70322274	31522.23497946	  129.29381353
11710.00000000	9.72000601	0.10213562	2.44239160	12994.89385048	11733.18184754	1020.23121910	31522.86073339	  129.29366440
11712.00000000	9.71833007	0.10597565	2.44218477	12990.13545123	11683.93249390	1016.15900306	31521.95853501	  129.29351608
11714.00000000	9.71665471	0.11176517	2.44210940	12985.33125990	11612.18747050	1009.99541773	31520.43318407	  129.29336791
11716.00000000	9.71497993	0.11865582	2.44178675	12979.33371695	11527.12046038	1002.92006014	31518.94656402	  129.29321850
11718.00000000	9.71330573	0.12591172	2.44244815	12974.23090949	11439.28436912	994.61980485	31516.63877458	  129.29307072
11720.00000000	9.71163211	0.13285757	2.44243568	12969.52051022	11355.97975830	987.38896529	31515.37562485	  129.29292779
11722.00000000	9.70995907	0.13868094	2.44240942	12964.38846589	11285.57437362	981.29307367	31513.35596577	  129.29278554
11724.00000000	9.70828660	0.14357852	2.44291891	12958.34890084	11225.20570740	975.54679234	31512.83509570	  129.29264191
11726.00000000	9.70661472	0.14775139	2.44266515	12952.62556850	11173.52479647	971.30181578	31511.16252423	  129.29249535
11728.00000000	9.70494342	0.15128996	2.44295344	12947.78254335	11129.89333609	967.23010072	31510.54518982	  129.29234760
11730.00000000	9.70327269	0.15441563	2.44272399	12943.67869428	11091.64266555	964.12716449	31509.79246986	  129.29220370
11732.00000000	9.70160254	0.15626829	2.44322710	12938.34746065	11066.55265223	961.46240620	31509.17372914	  129.29206155
11734.00000000	9.69993297	0.15685399	2.44293036	12926.81449781	11050.21417032	960.32784358	31508.72766970	  129.29191937
11736.00000000	9.69826398	0.15620452	2.44328067	12909.64340185	11042.70534074	959.33915648	31509.37509905	  129.29177742
11738.00000000	9.69659556	0.15454286	2.44322146	12902.05825640	11054.57084193	960.42684554	31509.58245762	  129.29163429
11740.00000000	9.69492772	0.15250729	2.44323229	12913.60627869	11087.01065294	963.23479822	31511.28435801	  129.29149250
11742.00000000	9.69326046	0.15120317	2.44329266	12912.38592894	11100.42985198	964.34243137	31511.83970991	  129.29135463
11744.00000000	9.69159377	0.15112285	2.44255837	12909.11851109	11098.51236053	964.88409385	31511.94770577	  129.29121813
11746.00000000	9.68992766	0.15259868	2.44232202	12904.91292345	11078.53446864	963.37492308	31511.57200004	  129.29108060
11748.00000000	9.68826212	0.15574508	2.44261444	12899.47035806	11039.07410923	959.66283161	31511.24380764	  129.29094076
11750.00000000	9.68659716	0.15991356	2.44227348	12895.24009820	10989.54864841	955.68321614	31509.95413081	  129.29079960
11752.00000000	9.68493278	0.16343922	2.44268693	12891.36558760	10947.58114344	951.64006358	31508.73125400	  129.29065973
11754.00000000	9.68326897	0.16519355	2.44325615	12886.30921804	10924.10589749	949.05905257	31508.64375715	  129.29052198
11756.00000000	9.68160573	0.16411749	2.44348234	12880.97196820	10931.33783658	949.47256154	31509.17660241	  129.29038370
11758.00000000	9.67994307	0.15883306	2.44342325	12875.41074471	10984.51204778	954.14754112	31511.27316360	  129.29024609
11760.00000000	9.67828098	0.14992849	2.44364232	12869.74526515	11077.88458728	962.04738090	31513.59067684	  129.29010827
11762.00000000	9.67661946	0.13856456	2.44331716	12863.93075101	11199.42876642	972.91905550	31517.63938739	  129.28996917
11764.00000000	9.67495852	0.12720695	2.44314869	12859.58908597	11323.52953290	983.86570309	31520.36228194	  129.28983243
11766.00000000	9.67329815	0.11691837	2.44264224	12855.84145920	11437.29985048	994.25426333	31523.88240245	  129.28969846
11768.00000000	9.67163836	0.10862011	2.44192796	12851.20405809	11528.44432808	1002.89361986	31526.34384588	  129.28956459
11770.00000000	9.66997913	0.10222003	2.44119921	12846.39018860	11598.11770189	1009.69025945	31528.87613515	  129.28942894
11772.00000000	9.66832048	0.09715947	2.44114373	12842.70093813	11653.61183337	1014.57766151	31529.65388958	  129.28929026
11774.00000000	9.66666240	0.09365189	2.44100186	12838.48398922	11690.71961671	1017.95271767	31530.95710660	  129.28915028
11776.00000000	9.66500489	0.09075705	2.44074636	12834.74744446	11721.19900924	1020.86747022	31532.67232967	  129.28901386
11778.00000000	9.66334795	0.08827550	2.44048174	12829.55390547	11745.56721306	1023.26057877	31533.55398741	  129.28887771
11780.00000000	9.66169158	0.08684277	2.44008588	12825.65353377	11758.83157689	1024.82175398	31534.43830925	  129.28874187
11782.00000000	9.66003579	0.08568236	2.44027286	12821.15979033	11768.35975672	1025.46041442	31535.35427749	  129.28860550
11784.00000000	9.65838056	0.08516507	2.44037410	12816.38000233	11770.05944529	1025.50469356	31535.16327680	  129.28846695
11786.00000000	9.65672590	0.08490011	2.44031480	12811.99699252	11769.15219166	1025.48644693	31535.37689713	  129.28832966
11788.00000000	9.65507182	0.08478795	2.44011074	12808.17385167	11766.95997460	1025.50468446	31535.96593287	  129.28819613
11790.00000000	9.65341830	0.08537897	2.44006387	12803.56871321	11755.77922079	1024.57828201	31536.13682706	  129.28806354
11792.00000000	9.65176535	0.08659827	2.43945013	12798.06114772	11736.40339280	1023.51755676	31535.04930005	  129.28792894
11794.00000000	9.65011297	0.08842952	2.43974288	12792.02957781	11709.40973737	1020.86456921	31535.52473328	  129.28779184
11796.00000000	9.64846116	0.09147597	2.43971655	12787.07611695	11669.27141623	1017.39197395	31534.25471843	  129.28765271
11798.00000000	9.64680991	0.09574115	2.43962170	12781.15149053	11614.22217353	1012.68852188	31533.56561187	  129.28751541
11800.00000000	9.64515924	0.10113539	2.43908299	12776.66220761	11547.68347194	1007.42932515	31531.64488792	  129.28737972
11802.00000000	9.64350913	0.10723400	2.43967703	12772.44867595	11473.68787924	1000.37944816	31530.59519268	  129.28724348
11804.00000000	9.64185959	0.11420391	2.43955856	12769.78479903	11391.61897820	993.34161129	31528.18417519	  129.28710778
11806.00000000	9.64021062	0.12096315	2.43981051	12765.24884147	11310.86076942	986.05108377	31527.03713498	  129.28697182
11808.00000000	9.63856221	0.12745940	2.44027746	12759.81097095	11232.83358034	978.79172142	31525.58357485	  129.28683469
11810.00000000	9.63691437	0.13291429	2.44019596	12754.80052375	11167.33970706	973.16412169	31523.99851589	  129.28669962
11812.00000000	9.63526709	0.13695734	2.44038406	12750.67165494	11118.68035526	968.74152326	31522.36845989	  129.28656715
11814.00000000	9.63362038	0.13900081	2.44081868	12745.27003472	11091.28218117	965.93448569	31522.54571979	  129.28643493
11816.00000000	9.63197424	0.13908193	2.44116132	12741.97615455	11087.51629931	965.27571882	31521.78988878	  129.28630089
11818.00000000	9.63032866	0.13769961	2.44122390	12737.71746354	11099.14260463	966.22742895	31523.00245474	  129.28616414
11820.00000000	9.62868365	0.13442220	2.44114274	12732.59758808	11131.10284233	969.08835057	31524.33199392	  129.28602615
11822.00000000	9.62703920	0.13001436	2.44148486	12728.43376285	11176.61904961	972.71820519	31525.19828853	  129.28589174
11824.00000000	9.62539531	0.12407804	2.44140889	12723.68483299	11238.96954357	978.21897609	31527.28390281	  129.28575826
11826.00000000	9.62375199	0.11768712	2.44081427	12718.44875524	11306.37214687	984.67090915	31529.33439914	  129.28562518
11828.00000000	9.62210923	0.10970973	2.44084900	12714.27775951	11393.19067001	992.19746776	31532.05906833	  129.28549190
11830.00000000	9.62046704	0.10092879	2.44054580	12708.65080862	11488.58738582	1000.80866427	31533.55397491	  129.28535691
11832.00000000	9.61882541	0.09182918	2.44035099	12703.34181380	11588.76285229	1009.73196980	31537.43816293	  129.28522322
11834.00000000	9.61718434	0.08288298	2.43978150	12696.80582414	11686.88734727	1018.86165130	31540.06099191	  129.28509316
11836.00000000	9.61554384	0.07517588	2.43918502	12692.38959725	11773.21091996	1026.99972768	31542.94846237	  129.28496414
11838.00000000	9.61390389	0.06850972	2.43856380	12686.90381690	11846.83269304	1034.06408073	31545.23854966	  129.28483369
11840.00000000	9.61226451	0.06350319	2.43814880	12681.88272620	11901.58075722	1039.27403660	31547.19154681	  129.28470116
11842.00000000	9.61062569	0.06018717	2.43785055	12677.49712142	11936.98271004	1042.67635373	31547.68781375	  129.28456698
11844.00000000	9.60898744	0.05844504	2.43776345	12671.75053259	11952.37625071	1044.11189028	31548.76110071	  129.28443392
11846.00000000	9.60734974	0.05794952	2.43737276	12667.14867831	11953.95762165	1044.65809300	31549.19462684	  129.28430288
11848.00000000	9.60571260	0.05844834	2.43742017	12661.43390998	11942.60586269	1043.61658209	31549.42456964	  129.28417111
11850.00000000	9.60407603	0.05990216	2.43737419	12657.44504874	11921.49911664	1041.82004295	31548.83139085	  129.28404046
11852.00000000	9.60244001	0.06166594	2.43696130	12652.88954206	11896.20777577	1040.03916415	31548.64398784	  129.28390919
11854.00000000	9.60080456	0.06301484	2.43704560	12647.51294821	11875.12356328	1038.10834115	31548.54331606	  129.28377645
11856.00000000	9.59916966	0.06378499	2.43784801	12643.73091276	11862.43308205	1036.16718835	31549.23503037	  129.28364478
11858.00000000	9.59753533	0.06267765	2.43786988	12637.51783540	11869.74044671	1036.78280152	31548.62958708	  129.28351658
11860.00000000	9.59590155	0.06071940	2.43782143	12632.67764270	11888.45214803	1038.46752146	31550.05792515	  129.28338846
11862.00000000	9.59426833	0.05773023	2.43759101	12627.80456049	11919.44221397	1041.41446843	31550.55031955	  129.28325879
11864.00000000	9.59263567	0.05460699	2.43739653	12618.53065224	11947.94662356	1044.10796943	31551.39953128	  129.28312557
11866.00000000	9.59100357	0.05184031	2.43684344	12582.24983863	11946.60053879	1044.56791909	31552.09780031	  129.28299043
11868.00000000	9.58937203	0.05052673	2.43648850	12509.57298804	11893.20773478	1040.26861367	31550.12124740	  129.28285813
11870.00000000	9.58774104	0.05091457	2.43768629	12494.15743712	11873.94563634	1037.34054758	31549.49230789	  129.28272688
11872.00000000	9.58611061	0.05174889	2.43711443	12575.30562599	11941.09876497	1043.80396032	31552.20736980	  129.28259452
11874.00000000	9.58448074	0.05406186	2.43661896	12592.66670535	11929.95875955	1043.34700654	31552.41594043	  129.28246246
11876.00000000	9.58285143	0.05701970	2.43657779	12591.62089311	11893.73611065	1040.22193694	31551.98558676	  129.28232873
11878.00000000	9.58122267	0.06040521	2.43658635	12587.99494980	11850.12441640	1036.39880905	31551.16960074	  129.28219522
11880.00000000	9.57959447	0.06375629	2.43695047	12583.15085113	11805.93526347	1032.15817204	31550.89368446	  129.28206436
11882.00000000	9.57796682	0.06707327	2.43672267	12577.28813211	11761.35775041	1028.49515762	31549.74163230	  129.28193506
11884.00000000	9.57633973	0.07024257	2.43685527	12571.65348407	11718.88906349	1024.64552595	31549.22255930	  129.28180477
11886.00000000	9.57471320	0.07359448	2.43700796	12566.87982693	11675.23912257	1020.67311239	31548.05588347	  129.28167372
11888.00000000	9.57308722	0.07678747	2.43693337	12562.29534914	11633.77403538	1017.12401524	31547.48279789	  129.28153966
11890.00000000	9.57146179	0.07913201	2.43696406	12557.11691691	11601.74568775	1014.29269691	31546.31554648	  129.28140520
11892.00000000	9.56983692	0.08116045	2.43740107	12553.29178063	11574.70921549	1011.48688256	31545.89761003	  129.28127376
11894.00000000	9.56821260	0.08200965	2.43717617	12547.83414211	11559.85620310	1010.41613263	31545.82114228	  129.28114303
11896.00000000	9.56658884	0.08146104	2.43738289	12542.27766253	11561.07802694	1010.31405114	31546.25176079	  129.28101254
11898.00000000	9.56496563	0.07986323	2.43785152	12537.37414228	11575.03797469	1011.06007247	31546.78858001	  129.28088247
11900.00000000	9.56334298	0.07669201	2.43773439	12532.35435565	11607.15409006	1013.98412812	31547.67942556	  129.28074998
11902.00000000	9.56172088	0.07220712	2.43768333	12527.93242565	11655.21390412	1018.23455062	31549.39004906	  129.28061889
11904.00000000	9.56009933	0.06679640	2.43745397	12524.09091393	11714.85458805	1023.67970351	31551.16209657	  129.28049115
11906.00000000	9.55847833	0.06028044	2.43746413	12518.86752736	11786.51957793	1029.93154952	31553.26187943	  129.28036466
11908.00000000	9.55685788	0.05337084	2.43679998	12513.77553376	11863.41432904	1037.33949215	31555.95680571	  129.28023643
11910.00000000	9.55523799	0.04612655	2.43701607	12507.87976015	11944.03844947	1044.16363300	31557.99960692	  129.28010616
11912.00000000	9.55361865	0.03957003	2.43634617	12502.07135309	12017.02401900	1051.24812116	31559.89015343	  129.27997423
11914.00000000	9.55199986	0.03359351	2.43622927	12496.61302354	12083.78102281	1057.21159829	31562.14999789	  129.27984332
11916.00000000	9.55038162	0.02889849	2.43593226	12491.48402284	12135.66501527	1062.06632877	31563.53325253	  129.27971446
11918.00000000	9.54876393	0.02517490	2.43579368	12485.87524536	12175.46825756	1065.69743491	31565.79588266	  129.27958509
11920.00000000	9.54714680	0.02271391	2.43518150	12480.74608321	12200.45482466	1068.53840055	31565.77435390	  129.27945698
11922.00000000	9.54553021	0.02108081	2.43478437	12474.22395050	12214.00963168	1070.15045316	31566.61633302	  129.27932823
11924.00000000	9.54391417	0.02050402	2.43438069	12454.52436785	12201.75677295	1069.50855041	31566.48183560	  129.27919803
11926.00000000	9.54229868	0.02043888	2.43476400	12439.87977980	12188.20334889	1067.91114887	31566.35437585	  129.27906847
11928.00000000	9.54068375	0.02081220	2.43438250	12455.09907809	12198.55985661	1069.22640112	31567.66200288	  129.27894274
11930.00000000	9.53906936	0.02108915	2.43452517	12455.19050356	12195.27143643	1068.78567752	31566.92275193	  129.27881754
11932.00000000	9.53745552	0.02158996	2.43451234	12451.01019490	12185.07448930	1067.90571664	31567.44936191	  129.27869087
11934.00000000	9.53584223	0.02200743	2.43434606	12446.40757825	12175.48616001	1067.24283938	31567.80079474	  129.27856115
11936.00000000	9.53422948	0.02201605	2.43444457	12441.81844495	12170.89201817	1066.73505448	31567.92178881	  129.27843023
11938.00000000	9.53261729	0.02196929	2.43413838	12437.17677549	12166.92039024	1066.71351712	31568.44118586	  129.27830179
11940.00000000	9.53100564	0.02189559	2.43448455	12432.28874677	12163.03495583	1066.00378922	31568.05460145	  129.27817511
11942.00000000	9.52939454	0.02149987	2.43429623	12428.48034523	12164.12165377	1066.29982221	31568.34002871	  129.27804806
11944.00000000	9.52778399	0.02070915	2.43399544	12424.74704530	12170.08712911	1067.14368544	31568.70860103	  129.27792173
11946.00000000	9.52617398	0.01911597	2.43443937	12420.83020167	12185.64894381	1068.03399645	31569.48571310	  129.27779556
11948.00000000	9.52456452	0.01698941	2.43400804	12416.18440346	12207.02261525	1070.36891792	31570.67493357	  129.27766894
11950.00000000	9.52295561	0.01458284	2.43442276	12411.53152467	12231.84945567	1072.10113309	31570.81604915	  129.27754437
11952.00000000	9.52134724	0.01228138	2.43434571	12407.27306886	12255.82647904	1074.28544778	31572.14149933	  129.27742232
11954.00000000	9.51973942	0.01025721	2.43387111	12402.23317092	12275.67104456	1076.53572699	31572.84381085	  129.27730094
11956.00000000	9.51813214	0.00882709	2.43364320	12397.63544940	12288.68201920	1077.92239485	31573.63524693	  129.27717824
11958.00000000	9.51652541	0.00829444	2.43362377	12391.99876793	12289.63912135	1078.02729392	31573.94597924	  129.27705282
11960.00000000	9.51491923	0.00878466	2.43322379	12386.15572965	12277.82413186	1077.42176312	31573.84981013	  129.27692574
11962.00000000	9.51331358	0.01009901	2.43350964	12382.04441343	12257.62735907	1075.34199490	31573.53261561	  129.27680194
11964.00000000	9.51170849	0.01172281	2.43350500	12377.89167042	12233.63523515	1073.24218275	31573.12124130	  129.27667933
11966.00000000	9.51010393	0.01354352	2.43305581	12371.87067685	12205.44159410	1071.24987237	31573.19083859	  129.27655553
11968.00000000	9.50849993	0.01530082	2.43319904	12366.68552917	12178.90541293	1068.76775252	31573.06823758	  129.27643236
11970.00000000	9.50689646	0.01658811	2.43310562	12359.59539206	12156.26412007	1066.88051250	31571.91081940	  129.27630768
11972.00000000	9.50529354	0.01745806	2.43348244	12354.31433561	12140.50370884	1065.09589449	31571.70841326	  129.27618313
11974.00000000	9.50369116	0.01811051	2.43325672	12349.34144696	12127.70167982	1064.21294911	31571.68060648	  129.27606050
11976.00000000	9.50208932	0.01821113	2.43293751	12345.59671762	12122.80430516	1064.12282422	31571.99193587	  129.27593937
11978.00000000	9.50048803	0.01802893	2.43243657	12341.22598988	12120.72055565	1064.47302482	31572.23722760	  129.27581770
11980.00000000	9.49888728	0.01759642	2.43349305	12335.01908867	12119.86537780	1063.27399199	31572.27908704	  129.27569472
11982.00000000	9.49728707	0.01728431	2.43330481	12329.39900935	12118.12492244	1063.32144823	31572.41089169	  129.27556860
11984.00000000	9.49568740	0.01727093	2.43337779	12323.37884055	12112.37004484	1062.73891250	31572.66592127	  129.27544096
11986.00000000	9.49408827	0.01704208	2.43326132	12316.64752001	12108.52464902	1062.52526075	31572.85653303	  129.27531637
11988.00000000	9.49248968	0.01666024	2.43334066	12309.99671130	12106.60813450	1062.27280416	31573.11623847	  129.27519247
11990.00000000	9.49089164	0.01612032	2.43333115	12301.03973722	12104.33282577	1062.08326063	31573.23491478	  129.27506803
11992.00000000	9.48929413	0.01479992	2.43326052	12287.26692657	12106.75548695	1062.37086868	31573.79732125	  129.27494336
11994.00000000	9.48769717	0.01330571	2.43264717	12250.72624345	12088.80124083	1061.44621634	31572.67209476	  129.27481723
11996.00000000	9.48610074	0.01104096	2.43335859	12207.88654998	12073.84112446	1059.37872923	31572.83068924	  129.27469142
11998.00000000	9.48450486	0.00751884	2.43268993	12180.28912375	12089.05088509	1061.42274893	31573.20667777	  129.27456848
12000.00000000	9.48290951	0.00412023	2.43253397	12101.08704253	12051.33039711	1058.27591184	31571.51869904	  129.27444672
12002.00000000	9.48131471	0.00085051	2.43486836	12090.98965262	12080.71047692	1058.38233720	31572.78702155	  129.27432410
12004.00000000	9.47972044	-0.00417400	2.43380858	12192.58094084	12243.57916420	1073.78852658	31578.18580366	  129.27420105
12006.00000000	9.47812671	-0.00936990	2.43338962	12231.28703937	12346.43158083	1083.26265216	31581.33708508	  129.27407546
12008.00000000	9.47653352	-0.01503461	2.43276982	12265.05495828	12450.84841835	1093.10136945	31584.63167691	  129.27394916
12010.00000000	9.47494087	-0.02033256	2.43261021	12271.06608549	12523.12207667	1099.62201238	31586.87336608	  129.27382578
12012.00000000	9.47334875	-0.02569667	2.43221266	12267.72988737	12587.05492514	1105.67525674	31588.22469714	  129.27370348
12014.00000000	9.47175717	-0.03027430	2.43182047	12262.85052585	12639.77651938	1110.74197052	31590.16243925	  129.27358159
12016.00000000	9.47016613	-0.03443329	2.43191806	12257.54101757	12686.95924775	1114.77943831	31592.13849427	  129.27345954
12018.00000000	9.46857563	-0.03751872	2.43140712	12253.33392926	12721.79647375	1118.41181973	31593.36615400	  129.27333625
12020.00000000	9.46698566	-0.03968711	2.43018222	12248.27213059	12744.14542295	1121.74977320	31593.73329925	  129.27321389
12022.00000000	9.46539623	-0.04102551	2.42927457	12242.84524711	12755.55953416	1123.77398064	31594.36645275	  129.27309449
12024.00000000	9.46380734	-0.04191297	2.43091023	12237.68960910	12761.50818031	1122.46059340	31594.36416134	  129.27297640
12026.00000000	9.46221898	-0.04235294	2.43096498	12234.15648412	12763.43815905	1122.56888515	31595.65486632	  129.27285749
12028.00000000	9.46063115	-0.04224863	2.43049803	12230.76154153	12758.56548472	1122.66443330	31595.81076344	  129.27273783
12030.00000000	9.45904387	-0.04200265	2.43038219	12226.31097042	12750.78599701	1122.10986746	31595.77460319	  129.27261602
12032.00000000	9.45745711	-0.04148155	2.43026901	12222.61929333	12740.29531006	1121.31355462	31594.86870238	  129.27249375
12034.00000000	9.45587090	-0.04109096	2.43018668	12217.17383458	12729.64615548	1120.46853388	31595.66618339	  129.27237391
12036.00000000	9.45428521	-0.04049208	2.43039080	12212.51735046	12717.17591230	1119.14243499	31595.42622707	  129.27225467
12038.00000000	9.45270006	-0.03993570	2.43050392	12208.15598171	12705.56329249	1117.99402553	31595.83996030	  129.27213589
12040.00000000	9.45111545	-0.03951777	2.43051023	12203.58449798	12695.49862722	1117.10136386	31595.65813301	  129.27201677
12042.00000000	9.44953136	-0.03891202	2.43048868	12199.95907449	12684.04140056	1116.11727730	31595.51058072	  129.27189577
12044.00000000	9.44794782	-0.03880745	2.43026025	12194.80646400	12677.35853199	1115.78406785	31595.74181223	  129.27177581
12046.00000000	9.44636480	-0.03842330	2.43048068	12190.01879363	12667.51422596	1114.67189545	31596.01706573	  129.27165840
12048.00000000	9.44478232	-0.03808580	2.43039922	12184.70334698	12657.71792996	1113.90061178	31595.64027139	  129.27154189
12050.00000000	9.44320037	-0.03773134	2.43008272	12179.19277664	12647.50963458	1113.35458570	31595.66838289	  129.27142395
12052.00000000	9.44161895	-0.03738283	2.43027825	12174.57918371	12638.31321369	1112.32751104	31595.96274630	  129.27130516
12054.00000000	9.44003806	-0.03695184	2.43005068	12170.91731425	12629.06776903	1111.76678398	31595.86466246	  129.27118398
12056.00000000	9.43845771	-0.03668478	2.43034659	12166.29646445	12620.90194468	1110.71920193	31595.68057333	  129.27106184
12058.00000000	9.43687789	-0.03652643	2.43019465	12161.71735464	12614.15414176	1110.29404035	31595.99641604	  129.27094185
12060.00000000	9.43529860	-0.03663733	2.43041858	12156.18673736	12609.81609944	1109.66368953	31596.09105606	  129.27082240
12062.00000000	9.43371984	-0.03700647	2.42978501	12151.56065923	12609.67127738	1110.35420709	31596.18919844	  129.27070303
12064.00000000	9.43214161	-0.03729831	2.43001997	12148.44792793	12610.12075531	1110.13292252	31596.83055630	  129.27058302
12066.00000000	9.43056391	-0.03794489	2.43026241	12142.96107983	12612.57789447	1110.08006930	31596.99469442	  129.27046111
12068.00000000	9.42898674	-0.03867299	2.43013804	12137.76766419	12616.36619880	1110.55161164	31597.03354796	  129.27033972
12070.00000000	9.42741010	-0.03942355	2.42972501	12132.20271382	12620.05031885	1111.33481837	31597.43818690	  129.27022102
12072.00000000	9.42583399	-0.04002647	2.42959675	12126.76350848	12622.00021762	1111.64909750	31597.99446945	  129.27010320
12074.00000000	9.42425841	-0.04054868	2.42949964	12121.20294572	12622.80256656	1111.82773163	31598.18374957	  129.26998418
12076.00000000	9.42268336	-0.04133854	2.42969015	12115.98542477	12627.33912126	1112.01544399	31598.74722538	  129.26986447
12078.00000000	9.42110884	-0.04206238	2.42972891	12111.35233069	12631.65040348	1112.35199655	31598.80758470	  129.26974210
12080.00000000	9.41953484	-0.04303031	2.43010637	12105.72970024	12638.01307572	1112.49230254	31598.45871090	  129.26961891
12082.00000000	9.41796138	-0.04423293	2.42959815	12100.84034901	12648.11046389	1113.94713593	31599.97304188	  129.26949834
12084.00000000	9.41638844	-0.04595154	2.42959999	12095.39372256	12664.16360004	1115.35891616	31600.36474618	  129.26937838
12086.00000000	9.41481603	-0.04812700	2.43002178	12091.29175959	12687.43972336	1116.93767740	31601.23418184	  129.26925834
12088.00000000	9.41324415	-0.05036878	2.42964758	12086.29030423	12710.65425424	1119.40016814	31602.70485662	  129.26913767
12090.00000000	9.41167279	-0.05291565	2.42960435	12082.18274556	12738.73706958	1121.92186486	31603.46932224	  129.26901553
12092.00000000	9.41010197	-0.05552939	2.42940005	12077.74728733	12767.38767882	1124.67491834	31603.99373665	  129.26889346
12094.00000000	9.40853167	-0.05822983	2.42936397	12071.74131627	12795.54578721	1127.19602519	31605.06040353	  129.26877370
12096.00000000	9.40696189	-0.06059778	2.42905032	12066.71240716	12820.53775590	1129.75192962	31606.61749497	  129.26865509
12098.00000000	9.40539264	-0.06308380	2.42875169	12061.33469142	12846.72169812	1132.39739104	31607.70424476	  129.26853526
12100.00000000	9.40382392	-0.06555053	2.42907221	12054.89426395	12871.57341094	1134.22439312	31608.57868724	  129.26841467
12102.00000000	9.40225572	-0.06812175	2.42857817	12043.69595757	12892.72392985	1136.64955144	31608.65882670	  129.26829090
12104.00000000	9.40068805	-0.07045721	2.42784412	12003.71580355	12879.97097321	1136.35906239	31608.75197458	  129.26816537
12106.00000000	9.39912090	-0.07273479	2.42773443	11918.27282195	12817.45023555	1130.96710586	31606.65474757	  129.26804221
12108.00000000	9.39755428	-0.07442672	2.42948316	11903.26651662	12822.98907132	1129.47894867	31607.61961838	  129.26791946
12110.00000000	9.39598818	-0.07666648	2.42884772	11991.66723034	12947.18629393	1141.14343426	31611.36555140	  129.26779559
12112.00000000	9.39442261	-0.07889815	2.42814549	12012.38086889	12998.52657829	1146.47328705	31613.33773324	  129.26767155
12114.00000000	9.39285756	-0.08123185	2.42851595	12012.61022970	13029.14536180	1148.74822343	31614.34490841	  129.26754606
12116.00000000	9.39129303	-0.08339158	2.42824310	12011.37362689	13055.97106399	1151.42750287	31615.11438512	  129.26742069
12118.00000000	9.38972903	-0.08549028	2.42811588	12007.61232906	13079.30344545	1153.63198559	31615.93066063	  129.26729710
12120.00000000	9.38816555	-0.08784795	2.42826857	12002.99293139	13105.13297742	1155.73373934	31617.63646222	  129.26717523
12122.00000000	9.38660260	-0.09010091	2.42760378	11998.13144609	13129.37174433	1158.64134121	31617.89660640	  129.26705377
12124.00000000	9.38504017	-0.09226321	2.42775423	11994.00335343	13153.26500683	1160.57524623	31618.87014971	  129.26693071
12126.00000000	9.38347825	-0.09455476	2.42760185	11989.07881701	13178.02794460	1162.93739620	31619.46657820	  129.26680506
12128.00000000	9.38191687	-0.09659352	2.42746646	11983.93226853	13199.25379187	1164.96825028	31620.55865125	  129.26667755
12130.00000000	9.38035600	-0.09831554	2.42741749	11977.72392129	13215.15304254	1166.42864798	31621.60415819	  129.26655286
12132.00000000	9.37879565	-0.09985627	2.42755812	11972.84906385	13230.14285388	1167.58749682	31621.99951759	  129.26642997
12134.00000000	9.37723583	-0.10102677	2.42737630	11968.10008687	13240.38396263	1168.70377929	31622.21494819	  129.26630657
12136.00000000	9.37567653	-0.10171454	2.42716951	11964.16083805	13245.13249222	1169.36470469	31622.95563139	  129.26618438
12138.00000000	9.37411775	-0.10220194	2.42714201	11959.11992579	13246.00637761	1169.47401419	31623.25704317	  129.26606246
12140.00000000	9.37255949	-0.10267644	2.42706716	11954.60565199	13247.29061687	1169.67494908	31623.86082791	  129.26594064
12142.00000000	9.37100175	-0.10296182	2.42690525	11948.80714968	13244.64441098	1169.63065993	31623.06838061	  129.26582078
12144.00000000	9.36944452	-0.10318296	2.42684470	11943.18695545	13241.34258828	1169.40988220	31624.11602515	  129.26570409
12146.00000000	9.36788782	-0.10350781	2.42704893	11936.22678855	13237.92553191	1168.86936376	31623.83698928	  129.26558832
12148.00000000	9.36633164	-0.10378081	2.42608868	11922.35857056	13226.15514592	1168.95202074	31624.62221491	  129.26547155
12150.00000000	9.36477598	-0.10429597	2.42663690	11874.94357899	13180.34321225	1164.26463603	31622.88976244	  129.26535237
12152.00000000	9.36322084	-0.10417559	2.42660511	11839.67904745	13139.62030145	1160.70433655	31621.78724354	  129.26523245
12154.00000000	9.36166621	-0.10431134	2.42781143	11888.94039026	13196.08143520	1164.28655415	31623.86054014	  129.26511516
12156.00000000	9.36011211	-0.10443798	2.42669644	11918.86927617	13230.97636366	1168.66764331	31624.98809885	  129.26499943
12158.00000000	9.35855852	-0.10447135	2.42637945	11914.81190656	13226.91371425	1168.67920453	31625.51031074	  129.26488381
12160.00000000	9.35700545	-0.10426689	2.42638562	11911.41747316	13220.44217500	1168.10018958	31625.93798028	  129.26476955
12162.00000000	9.35545290	-0.10409064	2.42633853	11906.52148785	13212.67925736	1167.46926868	31625.97295326	  129.26465549
12164.00000000	9.35390087	-0.10390352	2.42622933	11901.62207373	13204.77117182	1166.89793540	31625.57830946	  129.26454043
12166.00000000	9.35234935	-0.10407450	2.42629060	11896.29540649	13201.11818578	1166.50364309	31625.99070370	  129.26442572
12168.00000000	9.35079835	-0.10395734	2.42606480	11892.50890488	13195.37031265	1166.25905612	31625.96879766	  129.26431445
12170.00000000	9.34924787	-0.10412400	2.42593546	11887.97224200	13192.53512340	1166.15928750	31626.00208156	  129.26420362
12172.00000000	9.34769790	-0.10431968	2.42584164	11883.18664066	13189.80517707	1166.02736929	31626.06638602	  129.26409101
12174.00000000	9.34614845	-0.10462892	2.42626406	11878.06642107	13188.19965468	1165.39303940	31626.67634153	  129.26397643
12176.00000000	9.34459951	-0.10495240	2.42617426	11873.41821638	13187.30388624	1165.41853706	31626.88374680	  129.26386073
12178.00000000	9.34305109	-0.10542201	2.42596960	11867.94785634	13187.41969850	1165.66730636	31627.46849752	  129.26374566
12180.00000000	9.34150319	-0.10554130	2.42559656	11862.30597338	13182.72296634	1165.68692736	31627.21202055	  129.26363229
12182.00000000	9.33995580	-0.10634231	2.42589354	11858.39466018	13188.93659308	1165.89007124	31627.68373747	  129.26351919
12184.00000000	9.33840893	-0.10684932	2.42561731	11854.68150735	13191.49322352	1166.43823575	31627.48758617	  129.26340682
12186.00000000	9.33686257	-0.10789728	2.42541485	11849.35521127	13199.39157056	1167.37295888	31627.88222029	  129.26329439
12188.00000000	9.33531672	-0.10876838	2.42572591	11844.84298829	13205.86388405	1167.58213012	31629.16189004	  129.26317948
12190.00000000	9.33377139	-0.11015678	2.42562948	11840.15716837	13218.98010610	1168.85448922	31629.68671254	  129.26306560
12192.00000000	9.33222658	-0.11170555	2.42613367	11834.63693152	13233.29643442	1169.53056310	31629.97487313	  129.26295456
12194.00000000	9.33068227	-0.11312812	2.42602853	11832.45451570	13249.69129708	1171.10262709	31631.31467798	  129.26284416
12196.00000000	9.32913848	-0.11482872	2.42580188	11827.46351975	13266.64462057	1172.86688235	31631.55676294	  129.26273278
12198.00000000	9.32759521	-0.11640701	2.42544286	11822.16602367	13281.64830744	1174.61495862	31631.93773668	  129.26262055
12200.00000000	9.32605244	-0.11836523	2.42553013	11818.29833464	13303.32848880	1176.42965819	31633.25449977	  129.26250640
12202.00000000	9.32451019	-0.12042946	2.42532367	11813.08664402	13324.93931318	1178.58403247	31634.07102253	  129.26239173
12204.00000000	9.32296845	-0.12273013	2.42527338	11809.30392918	13351.35419712	1180.97980904	31634.47973071	  129.26227952
12206.00000000	9.32142723	-0.12505873	2.42529194	11804.37269418	13376.89228269	1183.21679288	31635.90153962	  129.26216803
12208.00000000	9.31988651	-0.12748972	2.42514461	11800.01380259	13404.49938211	1185.83339877	31636.38260442	  129.26205673
12210.00000000	9.31834631	-0.13002789	2.42506087	11796.67159811	13434.75910274	1188.60986778	31637.98238329	  129.26194525
12212.00000000	9.31680661	-0.13242436	2.42485762	11791.66430814	13461.27749665	1191.19810702	31638.69812154	  129.26183296
12214.00000000	9.31526743	-0.13480980	2.42491870	11786.12668980	13487.09007910	1193.40938021	31639.35900652	  129.26172122
12216.00000000	9.31372876	-0.13694009	2.42491910	11780.15556407	13509.00469030	1195.34802796	31640.35805840	  129.26161151
12218.00000000	9.31219060	-0.13872153	2.42452440	11775.29533779	13527.50807314	1197.45784581	31641.99764270	  129.26150343
12220.00000000	9.31065295	-0.14069434	2.42469809	11770.59127093	13548.80698923	1199.13493152	31641.91514146	  129.26139589
12222.00000000	9.30911581	-0.14234186	2.42446117	11766.55250545	13566.49068287	1200.98453063	31642.47443419	  129.26128719
12224.00000000	9.30757918	-0.14403050	2.42442879	11762.45041373	13584.68142828	1202.63381507	31642.98589176	  129.26117611
12226.00000000	9.30604306	-0.14560469	2.42397945	11758.39104960	13601.38750296	1204.65396703	31642.99978719	  129.26106330
12228.00000000	9.30450745	-0.14720643	2.42419651	11754.10346316	13618.22331300	1205.88330570	31644.29483313	  129.26095296
12230.00000000	9.30297235	-0.14859589	2.42389782	11749.04196666	13631.28607296	1207.40058697	31645.00461253	  129.26084378
12232.00000000	9.30143775	-0.15015103	2.42390718	11743.31408319	13645.84525243	1208.67887318	31645.49303971	  129.26073379
12234.00000000	9.29990367	-0.15163496	2.42383310	11738.66820547	13660.70311679	1210.08454258	31646.41854950	  129.26062425
12236.00000000	9.29837009	-0.15292793	2.42344675	11733.83778594	13672.74889133	1211.61959471	31647.36249894	  129.26051487
12238.00000000	9.29683702	-0.15459418	2.42346497	11729.90100046	13690.95506831	1213.21084251	31647.80577890	  129.26040392
12240.00000000	9.29530446	-0.15606071	2.42379711	11725.58676828	13706.00515100	1214.14115591	31648.44444633	  129.26029311
12242.00000000	9.29377241	-0.15758331	2.42363577	11722.15263758	13722.86952169	1215.83122549	31648.62036960	  129.26018534
12244.00000000	9.29224086	-0.15929824	2.42331797	11718.24634954	13741.84265082	1217.89920715	31649.32641235	  129.26007783
12246.00000000	9.29070982	-0.16098920	2.42374477	11713.36282391	13759.36270578	1218.93161071	31650.65696906	  129.25996808
12248.00000000	9.28917929	-0.16295591	2.42332704	11708.32301677	13780.51811023	1221.31583220	31651.13005489	  129.25985648
12250.00000000	9.28764926	-0.16471956	2.42360345	11703.95658513	13799.69538716	1222.67742633	31652.02372639	  129.25974350
12252.00000000	9.28611974	-0.16659672	2.42332647	11700.59326337	13821.65083864	1224.96197053	31653.00304054	  129.25963083
12254.00000000	9.28459073	-0.16843705	2.42331465	11695.71487225	13841.33728294	1226.72120654	31652.86740476	  129.25951947
12256.00000000	9.28306222	-0.17042734	2.42309706	11690.51448907	13862.74634577	1228.88599126	31654.46764108	  129.25940860
12258.00000000	9.28153421	-0.17196863	2.42299711	11685.37536497	13878.02595471	1230.36345479	31655.16924523	  129.25929809
12260.00000000	9.28000672	-0.17338949	2.42286383	11679.77711233	13891.10044993	1231.68672565	31655.93980190	  129.25918734
12262.00000000	9.27847972	-0.17456724	2.42256443	11671.43456277	13897.53668362	1232.62639793	31656.57550787	  129.25907456
12264.00000000	9.27695323	-0.17543556	2.42222141	11647.43391037	13881.00622222	1231.58263829	31655.71308530	  129.25896270
12266.00000000	9.27542725	-0.17630544	2.42276748	11634.30029003	13877.42051928	1230.59231728	31655.76594598	  129.25885356
12268.00000000	9.27390177	-0.17684386	2.42252790	11650.70149407	13904.46840335	1233.28625824	31657.09517095	  129.25874530
12270.00000000	9.27237679	-0.17725152	2.42252132	11649.84921716	13909.12028708	1233.70697982	31657.36663309	  129.25863651
12272.00000000	9.27085232	-0.17755409	2.42229238	11645.92298732	13908.64027717	1233.94686521	31658.41122320	  129.25852729
12274.00000000	9.26932835	-0.17778309	2.42202072	11640.47296900	13905.31535320	1233.98707406	31657.71249418	  129.25841569
12276.00000000	9.26780489	-0.17785439	2.42204882	11636.26261523	13901.27684335	1233.59401996	31658.09472057	  129.25830268
12278.00000000	9.26628193	-0.17777068	2.42187002	11630.44538296	13893.16433131	1233.09457868	31658.24121016	  129.25819273
12280.00000000	9.26475947	-0.17751478	2.42197658	11625.85422658	13884.12655098	1232.16112142	31658.23154642	  129.25808390
12282.00000000	9.26323751	-0.17728593	2.42207365	11620.53454545	13874.59801819	1231.19597946	31658.51143681	  129.25797436
12284.00000000	9.26171605	-0.17688589	2.42150844	11615.33504375	13862.84304139	1230.84836057	31658.77046085	  129.25786553
12286.00000000	9.26019510	-0.17665712	2.42181977	11610.16605500	13853.50431052	1229.63631519	31658.30062038	  129.25775685
12288.00000000	9.25867465	-0.17640501	2.42192813	11605.58972854	13844.55299163	1228.70865300	31658.30002654	  129.25764754
12290.00000000	9.25715470	-0.17626026	2.42160168	11600.17374146	13836.08920159	1228.35841194	31658.08931230	  129.25753919
12292.00000000	9.25563525	-0.17615944	2.42193558	11596.69977026	13830.55114737	1227.45683845	31658.27389096	  129.25743367
12294.00000000	9.25411630	-0.17614511	2.42179169	11591.98698856	13824.73240177	1227.11697791	31658.62392262	  129.25732841
12296.00000000	9.25259785	-0.17635142	2.42173868	11587.32228399	13822.02057356	1226.94131094	31658.37711344	  129.25722167
12298.00000000	9.25107990	-0.17645787	2.42163372	11581.66884831	13816.74748179	1226.60196852	31658.46294282	  129.25711299
12300.00000000	9.24956246	-0.17682359	2.42149268	11576.32195216	13815.42044912	1226.65715715	31659.36897168	  129.25700321
12302.00000000	9.24804551	-0.17735781	2.42145810	11572.10257615	13817.76473622	1226.90772954	31658.93335017	  129.25689415
12304.00000000	9.24652906	-0.17808158	2.42138457	11568.24227412	13823.15644197	1227.47672821	31660.09909552	  129.25678642
12306.00000000	9.24501312	-0.17898191	2.42155413	11562.69200812	13828.96933270	1227.78469619	31659.41414938	  129.25667898
12308.00000000	9.24349767	-0.18004194	2.42148638	11558.35575021	13838.44451006	1228.70917852	31660.52739620	  129.25657186
12310.00000000	9.24198272	-0.18125209	2.42138116	11553.22401550	13849.04976290	1229.78020750	31660.99547071	  129.25646447
12312.00000000	9.24046827	-0.18259885	2.42156487	11548.15415921	13861.62823767	1230.67105392	31661.36230723	  129.25635450
12314.00000000	9.23895431	-0.18382533	2.42093529	11543.91678905	13873.54711207	1232.50495738	31662.66324593	  129.25624537
12316.00000000	9.23744086	-0.18545459	2.42112666	11537.78034786	13888.78231321	1233.62233687	31662.49762561	  129.25613868
12318.00000000	9.23592790	-0.18723157	2.42116136	11532.92797105	13907.63290316	1235.25380233	31663.49656372	  129.25603250
12320.00000000	9.23441544	-0.18911077	2.42099409	11528.62598554	13928.59516139	1237.32258759	31664.46355339	  129.25592569
12322.00000000	9.23290348	-0.19116974	2.42087136	11524.80194583	13952.67355307	1239.61368242	31665.22494051	  129.25581821
12324.00000000	9.23139202	-0.19344564	2.42085992	11519.81312772	13978.41108070	1241.91452221	31666.18776194	  129.25570835
12326.00000000	9.22988105	-0.19592842	2.42108167	11514.93965949	14007.23120665	1244.19911958	31666.82058371	  129.25559648
12328.00000000	9.22837058	-0.19819468	2.42102052	11508.95828991	14031.71884123	1246.45045367	31667.54385116	  129.25548724
12330.00000000	9.22686061	-0.20052637	2.42080511	11503.94632701	14058.34969780	1249.08514378	31668.93160373	  129.25537891
12332.00000000	9.22535113	-0.20277953	2.42055202	11498.63395756	14083.55459338	1251.64133141	31669.76081150	  129.25526971
12334.00000000	9.22384215	-0.20522976	2.42070830	11493.52661322	14111.83391280	1253.95860738	31670.36334624	  129.25516079
12336.00000000	9.22233366	-0.20716665	2.42023912	11487.81675815	14132.16934640	1256.35489841	31671.73040995	  129.25505260
12338.00000000	9.22082567	-0.20935390	2.42047184	11482.60917563	14156.69345277	1258.24224762	31672.02309519	  129.25494302
12340.00000000	9.21931818	-0.21121963	2.42022312	11478.29975453	14177.80768043	1260.43232805	31673.37773222	  129.25483380
12342.00000000	9.21781118	-0.21325070	2.42045310	11474.55475753	14201.99800138	1262.29256326	31674.16894984	  129.25472760
12344.00000000	9.21630467	-0.21487079	2.42023203	11470.84019697	14220.42018884	1264.20938998	31674.60351619	  129.25462201
12346.00000000	9.21479866	-0.21629463	2.41961137	11466.89600426	14235.78556539	1266.36113186	31675.91860795	  129.25451490
12348.00000000	9.21329314	-0.21816055	2.41987012	11461.48144001	14255.63872429	1267.79910064	31675.63237734	  129.25440602
12350.00000000	9.21178812	-0.21942765	2.42000183	11456.02431818	14266.91736089	1268.63505030	31676.61010429	  129.25429652
12352.00000000	9.21028359	-0.22092967	2.41972151	11450.79506380	14281.84048744	1270.31808001	31677.55355753	  129.25418663
12354.00000000	9.20877956	-0.22218010	2.41969285	11447.34610683	14295.40305260	1271.56085734	31677.97422180	  129.25407860
12356.00000000	9.20727602	-0.22349263	2.41943903	11443.54904413	14309.43055365	1273.13170304	31678.17482194	  129.25397118
12358.00000000	9.20577297	-0.22469806	2.41973362	11439.17662390	14321.21599960	1273.80496047	31679.03898945	  129.25386383
12360.00000000	9.20427041	-0.22584313	2.41944839	11434.50289033	14331.76617751	1275.10699296	31679.57743488	  129.25375597
12362.00000000	9.20276835	-0.22724575	2.41951213	11428.97140603	14344.93951116	1276.19769028	31680.50554985	  129.25364695
12364.00000000	9.20126678	-0.22834742	2.41928782	11423.69822319	14354.12568600	1277.30141629	31681.07514919	  129.25353868
12366.00000000	9.19976570	-0.22974221	2.41927181	11418.63922512	14367.79515051	1278.53826734	31681.40303130	  129.25343207
12368.00000000	9.19826511	-0.23090749	2.41920460	11414.14736258	14378.88871465	1279.61144143	31682.21532256	  129.25332700
12370.00000000	9.19676501	-0.23230400	2.41901896	11409.53349080	14393.16257244	1281.11950414	31682.14918383	  129.25322229
12372.00000000	9.19526541	-0.23346142	2.41888923	11405.08786290	14404.21658244	1282.26975083	31683.34091395	  129.25311616
12374.00000000	9.19376630	-0.23484414	2.41891440	11400.10946622	14417.85106090	1283.45119523	31683.36586270	  129.25300690
12376.00000000	9.19226768	-0.23617618	2.41859214	11395.09571281	14430.71967719	1285.01077249	31684.51676939	  129.25289649
12378.00000000	9.19076954	-0.23730096	2.41870200	11390.43555798	14441.05197162	1285.78957386	31685.32671358	  129.25278763
12380.00000000	9.18927190	-0.23868343	2.41889057	11385.91334288	14455.28875063	1286.81449938	31685.32408129	  129.25267961
12382.00000000	9.18777475	-0.23977313	2.41829374	11381.47188164	14465.40430853	1288.48376597	31685.69427401	  129.25257095
12384.00000000	9.18627809	-0.24116410	2.41882610	11377.39557003	14480.35128775	1289.12867684	31686.36589905	  129.25246352
12386.00000000	9.18478192	-0.24221472	2.41856055	11373.33853177	14490.40355374	1290.36620497	31686.98404171	  129.25235574
12388.00000000	9.18328624	-0.24348305	2.41860903	11368.54879059	14502.68367086	1291.39713296	31688.40763539	  129.25224569
12390.00000000	9.18179104	-0.24438802	2.41844442	11364.09333386	14510.12516583	1292.27246871	31688.22205637	  129.25213638
12392.00000000	9.18029634	-0.24539229	2.41822782	11359.87251633	14519.30994490	1293.37057625	31688.63702664	  129.25202943
12394.00000000	9.17880212	-0.24649245	2.41841549	11354.83993850	14528.85289732	1293.97779474	31688.75488185	  129.25192319
12396.00000000	9.17730840	-0.24739198	2.41830053	11349.86492500	14535.55660864	1294.72367925	31690.09391551	  129.25181594
12398.00000000	9.17581516	-0.24839633	2.41798955	11345.91814971	14545.10299338	1295.97696866	31691.15301391	  129.25170840
12400.00000000	9.17432241	-0.24950884	2.41846233	11340.26809104	14554.04235449	1296.16052042	31690.34962183	  129.25159831
12402.00000000	9.17283014	-0.25024940	2.41781656	11334.73812141	14557.72209298	1297.32573899	31690.73345564	  129.25148616
12404.00000000	9.17133837	-0.25106071	2.41780442	11329.77499163	14563.15818506	1297.82592998	31691.47679343	  129.25137677
12406.00000000	9.16984708	-0.25179997	2.41772384	11324.59516159	14567.26510797	1298.29654797	31691.88572111	  129.25126819
12408.00000000	9.16835628	-0.25246248	2.41751662	11317.76803444	14568.13141150	1298.64282621	31692.30744151	  129.25115875
12410.00000000	9.16686597	-0.25325464	2.41776455	11313.13497115	14573.70793511	1298.81788539	31692.41917210	  129.25104986
12412.00000000	9.16537614	-0.25383927	2.41766694	11308.30684283	14576.00741814	1299.14962298	31692.78715516	  129.25094171
12414.00000000	9.16388680	-0.25450452	2.41751991	11302.51398415	14578.23549877	1299.53925942	31692.64803654	  129.25083253
12416.00000000	9.16239794	-0.25530034	2.41784912	11295.73694156	14581.09366121	1299.36621287	31693.40621619	  129.25072369
12418.00000000	9.16090957	-0.25583779	2.41715150	11283.13889759	14572.66140853	1299.52103644	31693.19639251	  129.25061818
12420.00000000	9.15942169	-0.25645785	2.41727615	11262.39897873	14554.89708769	1297.77513100	31692.95888098	  129.25051320
12422.00000000	9.15793429	-0.25723344	2.41719628	11253.70258428	14554.94260735	1297.88283779	31693.29724091	  129.25040683
12424.00000000	9.15644737	-0.25758261	2.41702241	11239.29652668	14541.38704824	1296.89955122	31692.92401496	  129.25029939
12426.00000000	9.15496095	-0.25794085	2.41709890	11241.37070367	14549.28186703	1297.50440635	31692.98453603	  129.25019127
12428.00000000	9.15347500	-0.25886244	2.41742193	11258.98778647	14585.51871784	1300.31590721	31694.78527467	  129.25008277
12430.00000000	9.15198954	-0.25943786	2.41719539	11267.10229830	14604.43197216	1302.29702595	31696.01902850	  129.24997656
12432.00000000	9.15050457	-0.26000055	2.41726079	11264.12856255	14608.79524253	1302.60091662	31695.61901087	  129.24987118
12434.00000000	9.14902007	-0.26060159	2.41702666	11259.89572712	14612.08541359	1303.19937568	31696.43794748	  129.24976565
12436.00000000	9.14753607	-0.26140312	2.41693107	11255.55942562	14618.17029189	1303.86669289	31696.99307919	  129.24966036
12438.00000000	9.14605254	-0.26223779	2.41692877	11250.64846354	14623.99337705	1304.38907869	31697.19165911	  129.24955482
12440.00000000	9.14456950	-0.26322099	2.41707112	11245.80322705	14632.07453557	1304.92411468	31698.06292529	  129.24944920
12442.00000000	9.14308694	-0.26421543	2.41694278	11240.70540162	14639.99306852	1305.79788142	31697.46602923	  129.24934467
12444.00000000	9.14160487	-0.26519479	2.41681091	11236.07503287	14648.30132740	1306.71123131	31698.88158224	  129.24924272
12446.00000000	9.14012327	-0.26626008	2.41688365	11231.09883649	14657.42007142	1307.42956405	31697.94692938	  129.24914101
12448.00000000	9.13864216	-0.26739538	2.41689919	11226.90175950	14668.58633873	1308.40525704	31699.82922272	  129.24903762
12450.00000000	9.13716153	-0.26845980	2.41659326	11222.89208550	14678.96370846	1309.73152410	31700.27847646	  129.24893229
12452.00000000	9.13568138	-0.26969934	2.41645588	11218.32922023	14691.19473149	1311.00292698	31701.12182254	  129.24882602
12454.00000000	9.13420172	-0.27104177	2.41619015	11214.09589638	14705.37861290	1312.61740871	31701.83181636	  129.24872013
12456.00000000	9.13272253	-0.27234570	2.41677527	11208.89640967	14717.73879479	1312.95223970	31701.95695496	  129.24861556
12458.00000000	9.13124383	-0.27361611	2.41629872	11203.12398366	14728.85912481	1314.57057690	31702.32650824	  129.24851142
12460.00000000	9.12976561	-0.27503037	2.41712627	11198.44786461	14743.54786712	1314.79306382	31703.37211843	  129.24840721
12462.00000000	9.12828787	-0.27622805	2.41643056	11193.40896642	14754.57453187	1316.69210852	31704.11025789	  129.24830219
12464.00000000	9.12681061	-0.27798493	2.41628686	11188.90744660	14774.57512174	1318.66643447	31704.11342394	  129.24819615
12466.00000000	9.12533382	-0.27934554	2.41589401	11185.20227995	14789.79210870	1320.54325830	31705.01753521	  129.24809048
12468.00000000	9.12385752	-0.28095169	2.41615421	11180.49397298	14807.33019470	1321.76522168	31706.00500097	  129.24798609
12470.00000000	9.12238170	-0.28234401	2.41609405	11175.70867863	14821.61469851	1323.11991660	31706.38593601	  129.24788332
12472.00000000	9.12090636	-0.28411716	2.41612377	11170.10316222	14840.47150249	1324.76388519	31707.38756505	  129.24778091
12474.00000000	9.11943149	-0.28564129	2.41608130	11164.68862956	14855.90292174	1326.19771450	31707.56789868	  129.24767721
12476.00000000	9.11795711	-0.28738021	2.41587621	11159.88691767	14875.35824083	1328.20688919	31708.42286855	  129.24757059
12478.00000000	9.11648321	-0.28894217	2.41577000	11155.12632058	14892.25569873	1329.85688085	31709.02873665	  129.24746305
12480.00000000	9.11500978	-0.29066220	2.41562711	11150.36032718	14911.51923250	1331.76737168	31710.79919872	  129.24735675
12482.00000000	9.11353683	-0.29224395	2.41595554	11145.83420490	14929.06178064	1332.89627288	31710.41681714	  129.24725163
12484.00000000	9.11206436	-0.29413024	2.41570782	11139.49598438	14948.74325059	1334.98414784	31711.02075190	  129.24714688
12486.00000000	9.11059237	-0.29562801	2.41559923	11135.70308676	14966.05217715	1336.67504379	31712.35700104	  129.24704248
12488.00000000	9.10912085	-0.29733300	2.41553627	11132.20273749	14986.87855381	1338.61940151	31713.08251658	  129.24693746
12490.00000000	9.10764981	-0.29899197	2.41546347	11128.79561086	15007.16754509	1340.52918964	31714.16446871	  129.24683100
12492.00000000	9.10617925	-0.30054324	2.41497377	11123.74059200	15023.63839749	1342.65779990	31714.25593415	  129.24672528
12494.00000000	9.10470917	-0.30214333	2.41534645	11120.19800381	15042.90455111	1343.87867606	31715.05904913	  129.24662141
12496.00000000	9.10323956	-0.30375366	2.41527960	11115.50240435	15060.78586290	1345.56608697	31716.17336882	  129.24651893
12498.00000000	9.10177043	-0.30515155	2.41523258	11111.19760543	15076.01305294	1346.98984321	31716.26996763	  129.24641678
12500.00000000	9.10030177	-0.30645339	2.41510859	11108.39690187	15091.84741927	1348.57179753	31717.92744087	  129.24631333
12502.00000000	9.09883359	-0.30815900	2.41509032	11103.01811290	15110.29009426	1350.24445768	31717.52097384	  129.24620692
12504.00000000	9.09736589	-0.30942604	2.41491146	11098.78597914	15123.68064755	1351.68276407	31718.31668805	  129.24609998
12506.00000000	9.09589866	-0.31064249	2.41454630	11094.62100230	15136.40670142	1353.31425273	31719.17012174	  129.24599429
12508.00000000	9.09443191	-0.31197589	2.41460264	11089.61185197	15149.76005187	1354.43183147	31719.94230464	  129.24588966
12510.00000000	9.09296563	-0.31309961	2.41437078	11085.35941899	15160.97773242	1355.74903108	31720.22738244	  129.24578500
12512.00000000	9.09149983	-0.31436626	2.41465128	11080.63981969	15173.73068418	1356.50889863	31721.25801861	  129.24568095
12514.00000000	9.09003450	-0.31554663	2.41449564	11075.37527596	15184.43413159	1357.67705690	31721.17436472	  129.24557642
12516.00000000	9.08856965	-0.31658177	2.41399893	11070.11395379	15192.93945195	1359.11245508	31722.39914219	  129.24546995
12518.00000000	9.08710527	-0.31779729	2.41420810	11064.58012261	15203.81398262	1359.80079273	31722.88406435	  129.24536396
12520.00000000	9.08564136	-0.31897472	2.41416220	11060.12068598	15215.59106900	1360.91657675	31723.36910278	  129.24525991
12522.00000000	9.08417793	-0.31984817	2.41393689	11055.39303661	15222.37728742	1361.83035152	31723.77395510	  129.24515690
12524.00000000	9.08271497	-0.32105749	2.41383698	11048.37489383	15231.12209569	1362.74883613	31724.11362901	  129.24505417
12526.00000000	9.08125248	-0.32211723	2.41376256	11032.63156867	15225.54507074	1362.35123709	31724.17214694	  129.24494981
12528.00000000	9.07979047	-0.32305885	2.41378623	11012.75040820	15212.42582154	1361.14512759	31723.70490216	  129.24484241
12530.00000000	9.07832893	-0.32407680	2.41387780	10998.46870502	15208.17105484	1360.63983233	31724.14723487	  129.24473384
12532.00000000	9.07686786	-0.32486993	2.41439350	11007.80622879	15233.15971688	1362.17285979	31724.62230780	  129.24462662
12534.00000000	9.07540726	-0.32598210	2.41380620	11027.23961781	15277.03385532	1366.89869013	31726.84516059	  129.24452050
12536.00000000	9.07394714	-0.32680938	2.41362280	11025.99354860	15287.94961684	1368.12626590	31727.17457982	  129.24441407
12538.00000000	9.07248749	-0.32777175	2.41356099	11021.26697376	15296.10948268	1368.94109751	31727.58366255	  129.24430836
12540.00000000	9.07102831	-0.32881131	2.41347208	11015.61089002	15304.16100336	1369.78345932	31728.64125646	  129.24420221
12542.00000000	9.06956960	-0.32984050	2.41352883	11010.32541135	15312.56922109	1370.45826221	31728.13747975	  129.24409405
12544.00000000	9.06811136	-0.33071329	2.41336439	11005.12483314	15318.70074074	1371.23249009	31728.93499343	  129.24398686
12546.00000000	9.06665359	-0.33165117	2.41333117	11000.72681905	15326.94695318	1372.01621258	31729.06954194	  129.24388179
12548.00000000	9.06519630	-0.33259147	2.41319149	10997.01980105	15336.19589825	1373.03591949	31730.24257148	  129.24377779
12550.00000000	9.06373947	-0.33335451	2.41333955	10992.37994103	15341.42690561	1373.30090154	31730.84507812	  129.24367428
12552.00000000	9.06228311	-0.33433081	2.41312794	10987.58123092	15349.70822716	1374.33299821	31730.73545493	  129.24356959
12554.00000000	9.06082723	-0.33531700	2.41315685	10983.67369713	15359.38925391	1375.16004035	31731.91677968	  129.24346210
12556.00000000	9.05937181	-0.33597884	2.41309846	10978.34307337	15362.09889412	1375.48294239	31731.88787189	  129.24335371
12558.00000000	9.05791686	-0.33681341	2.41282922	10973.51908849	15368.16897709	1376.39697992	31732.52512626	  129.24324686
12560.00000000	9.05646239	-0.33782456	2.41301562	10969.82325052	15378.53527278	1377.06869102	31732.42842391	  129.24314128
12562.00000000	9.05500838	-0.33843942	2.41306314	10966.60428219	15383.47833384	1377.44585950	31733.28498916	  129.24303586
12564.00000000	9.05355484	-0.33927415	2.41283709	10961.65908615	15389.38206060	1378.28600255	31733.10755985	  129.24293103
12566.00000000	9.05210177	-0.33995831	2.41271422	10956.53167071	15392.71103326	1378.75354584	31733.81198446	  129.24282559
12568.00000000	9.05064916	-0.34073771	2.41269307	10951.39768171	15397.49447771	1379.21119036	31734.07701669	  129.24271875
12570.00000000	9.04919703	-0.34170715	2.41277849	10946.03671457	15404.88393281	1379.75521502	31734.48913437	  129.24261266
12572.00000000	9.04774536	-0.34243198	2.41252939	10941.74911562	15410.01537161	1380.55867294	31734.93970816	  129.24250841
12574.00000000	9.04629416	-0.34316927	2.41253852	10936.86488284	15414.49740349	1380.94760278	31735.30674264	  129.24240553
12576.00000000	9.04484343	-0.34400151	2.41246022	10931.44335923	15419.68366445	1381.52039616	31735.69577763	  129.24230298
12578.00000000	9.04339316	-0.34487261	2.41225659	10927.15365630	15427.06542503	1382.46324711	31735.51918202	  129.24219855
12580.00000000	9.04194337	-0.34575921	2.41261012	10922.32952780	15433.93237603	1382.58974866	31736.74744317	  129.24209180
12582.00000000	9.04049403	-0.34655419	2.41239505	10916.82346456	15438.42034132	1383.28925972	31737.60163957	  129.24198418
12584.00000000	9.03904517	-0.34758821	2.41241395	10911.79394211	15447.27212435	1384.05621359	31737.17036585	  129.24187770
12586.00000000	9.03759677	-0.34832735	2.41220976	10906.15566421	15450.70629428	1384.64661070	31737.26316632	  129.24177237
12588.00000000	9.03614884	-0.34946942	2.41198748	10901.06693401	15461.14474172	1385.89010479	31738.21189199	  129.24166754
12590.00000000	9.03470137	-0.35059207	2.41202642	10896.76496825	15472.40352315	1386.84530075	31739.04139810	  129.24156307
12592.00000000	9.03325437	-0.35175489	2.41237382	10892.70529575	15484.63461693	1387.45952982	31738.90436787	  129.24145790
12594.00000000	9.03180784	-0.35274238	2.41168103	10887.59627445	15492.66309885	1389.14094663	31739.87584126	  129.24135185
12596.00000000	9.03036177	-0.35394190	2.41210365	10883.47033134	15505.37986667	1389.69374689	31740.24732158	  129.24124617
12598.00000000	9.02891616	-0.35528913	2.41187611	10878.13185873	15518.66742446	1391.20119597	31741.07401100	  129.24114177
12600.00000000	9.02747102	-0.35650914	2.41180961	10871.04399328	15527.48810856	1392.08450520	31741.39661760	  129.24103937
12602.00000000	9.02602634	-0.35822772	2.41174364	10855.84263004	15532.44635150	1392.62090246	31741.84942393	  129.24093717
12604.00000000	9.02458213	-0.35931074	2.41152958	10820.04149469	15497.99786172	1389.82975384	31741.01921870	  129.24083330
12606.00000000	9.02313839	-0.36039192	2.41222713	10814.94401344	15507.45380305	1389.70801989	31741.16637622	  129.24072739
12608.00000000	9.02169510	-0.36184325	2.41175729	10850.73380977	15581.36988849	1396.98825151	31744.19470587	  129.24062073
12610.00000000	9.02025228	-0.36330274	2.41156786	10851.63053914	15605.41690509	1399.40931712	31744.64261592	  129.24051423
12612.00000000	9.01880992	-0.36458657	2.41160060	10848.39849819	15620.81060541	1400.74388603	31745.51537098	  129.24040943
12614.00000000	9.01736803	-0.36585381	2.41141058	10844.33774061	15634.76390917	1402.26153039	31746.28177086	  129.24030513
12616.00000000	9.01592660	-0.36737010	2.41134968	10839.58342458	15651.62379888	1403.85916330	31746.43864428	  129.24020066
12618.00000000	9.01448563	-0.36861993	2.41119837	10833.51736276	15662.42789937	1405.04080236	31747.89888751	  129.24009571
12620.00000000	9.01304513	-0.36984076	2.41118373	10829.14272935	15675.22843179	1406.20969430	31748.21552846	  129.23999059
12622.00000000	9.01160508	-0.37123578	2.41105539	10824.21487711	15689.96786009	1407.71261302	31748.91682591	  129.23988535
12624.00000000	9.01016550	-0.37251525	2.41094569	10819.77097040	15703.60586305	1409.09079239	31749.25959259	  129.23978080
12626.00000000	9.00872638	-0.37376876	2.41090444	10816.18343090	15718.08934257	1410.44858780	31749.20626968	  129.23967884
12628.00000000	9.00728772	-0.37502014	2.41102684	10811.98072978	15731.65600979	1411.49320118	31750.85799567	  129.23957694
12630.00000000	9.00584953	-0.37624382	2.41078885	10807.98359463	15745.09520635	1413.03525637	31750.73224011	  129.23947338
12632.00000000	9.00441179	-0.37763401	2.41079918	10804.22986980	15761.52307922	1414.49494418	31752.46460947	  129.23936827
12634.00000000	9.00297452	-0.37884944	2.41063830	10798.81438272	15772.78185652	1415.73309984	31752.16448210	  129.23926288
12636.00000000	9.00153770	-0.38038588	2.41058781	10793.85346948	15789.77740390	1417.33013819	31753.39327378	  129.23915645
12638.00000000	9.00010135	-0.38174169	2.41075963	10788.90616817	15803.95289270	1418.35884401	31753.14309789	  129.23905189
12640.00000000	8.99866545	-0.38318138	2.41042997	10785.39443001	15821.57046690	1420.40814530	31754.36328201	  129.23894791
12642.00000000	8.99723002	-0.38455846	2.41061042	10780.38319982	15836.01175477	1421.44810834	31754.74417936	  129.23884290
12644.00000000	8.99579505	-0.38597654	2.40937400	10775.74872246	15851.66683884	1424.61365278	31755.75710927	  129.23873821
12646.00000000	8.99436053	-0.38729296	2.40919520	10770.93828605	15865.46236765	1426.10844963	31756.32819815	  129.23863386
12648.00000000	8.99292648	-0.38843992	2.41012508	10766.02636013	15876.42626334	1425.76755740	31756.97064178	  129.23852839
12650.00000000	8.99149288	-0.38995587	2.41032145	10761.28711509	15893.51292135	1427.02174948	31757.21386378	  129.23842282
12652.00000000	8.99005975	-0.39098538	2.41012567	10756.16651557	15902.31351329	1428.09149764	31758.16838428	  129.23832009
12654.00000000	8.98862707	-0.39255581	2.41000927	10747.64562827	15914.68913836	1429.36924262	31757.43395837	  129.23821762
12656.00000000	8.98719485	-0.39386990	2.40995746	10734.77385237	15916.53119544	1429.60874531	31758.94394101	  129.23811386
12658.00000000	8.98576309	-0.39509508	2.41009103	10727.92151742	15925.87132301	1430.25662725	31759.32737430	  129.23801004
12660.00000000	8.98433179	-0.39651317	2.40981800	10723.93591748	15942.54655789	1432.14514037	31760.39592437	  129.23790417
12662.00000000	8.98290094	-0.39788896	2.41012762	10715.73234997	15952.28263027	1432.57613245	31760.42757743	  129.23779636
12664.00000000	8.98147055	-0.39886111	2.41004516	10705.16657084	15952.05392373	1432.67371803	31761.11391774	  129.23769109
12666.00000000	8.98004062	-0.40030277	2.40997679	10704.51283981	15974.09237021	1434.75111432	31760.97834076	  129.23758652
12668.00000000	8.97861115	-0.40140866	2.40987436	10707.10265082	15995.63671619	1436.83333360	31762.57512391	  129.23748107
12670.00000000	8.97718213	-0.40246560	2.40978212	10709.76867672	16016.53920306	1438.84365062	31763.58234084	  129.23737695
12672.00000000	8.97575357	-0.40371123	2.40969418	10707.77890589	16033.52279884	1440.49604510	31763.84973083	  129.23727277
12674.00000000	8.97432547	-0.40483647	2.40954961	10703.75508785	16045.54255294	1441.78435508	31764.69838357	  129.23716618
12676.00000000	8.97289782	-0.40601307	2.40992134	10699.38840092	16057.87929682	1442.35660404	31765.25420059	  129.23706044
12678.00000000	8.97147063	-0.40701159	2.40938692	10696.13480768	16069.03350426	1444.13007148	31765.61495014	  129.23695705
12680.00000000	8.97004390	-0.40794854	2.40921832	10690.96926616	16076.32886666	1445.02932332	31766.23766739	  129.23685463
12682.00000000	8.96861762	-0.40889811	2.40895437	10686.59071194	16085.01132308	1446.19142771	31766.63636378	  129.23675230
12684.00000000	8.96719179	-0.41005357	2.40935766	10681.64066571	16096.14836781	1446.60922298	31766.77473864	  129.23664908
12686.00000000	8.96576643	-0.41110821	2.40914471	10676.47977340	16105.34780230	1447.74427288	31768.07078462	  129.23654272
12688.00000000	8.96434151	-0.41200976	2.40927754	10672.43303495	16113.76415258	1448.30844714	31768.53973941	  129.23643553
12690.00000000	8.96291705	-0.41281654	2.40913617	10669.23140048	16121.93173464	1449.24741647	31768.43187268	  129.23632987
12692.00000000	8.96149305	-0.41390697	2.40909145	10663.55831580	16130.93947692	1450.12198749	31769.22276336	  129.23622533
12694.00000000	8.96006950	-0.41472792	2.40893890	10659.12141752	16137.47024353	1450.93040898	31769.89754782	  129.23612103
12696.00000000	8.95864640	-0.41548464	2.40863655	10654.78016627	16143.10899673	1451.87630692	31770.63071206	  129.23601689
12698.00000000	8.95722376	-0.41656539	2.40878073	10650.48730608	16154.05396850	1452.65121013	31770.34229537	  129.23591214
12700.00000000	8.95580157	-0.41729485	2.40886255	10646.65386918	16160.02344892	1453.06912271	31770.63206667	  129.23580637
12702.00000000	8.95437984	-0.41814770	2.40848403	10642.03621691	16166.79652780	1454.22848768	31771.42573550	  129.23570149
12704.00000000	8.95295855	-0.41909433	2.40864237	10638.08640786	16176.10165136	1454.83511637	31771.35927279	  129.23559782
12706.00000000	8.95153772	-0.41985797	2.40848574	10632.65954831	16180.20087210	1455.43174404	31772.12063776	  129.23549644
12708.00000000	8.95011735	-0.42068226	2.40856814	10628.24486315	16186.82001094	1455.90717575	31772.41832807	  129.23539510
12710.00000000	8.94869742	-0.42156852	2.40847827	10623.39306291	16193.77612996	1456.66373597	31773.32978705	  129.23529184
12712.00000000	8.94727795	-0.42247735	2.40882788	10619.42201079	16202.44156340	1456.93376856	31773.96614047	  129.23518707
12714.00000000	8.94585893	-0.42350824	2.40858928	10614.97392876	16212.35935505	1458.17346250	31775.24690157	  129.23508201
12716.00000000	8.94444037	-0.42440054	2.40879513	10610.38825757	16219.82210512	1458.54439492	31774.76415678	  129.23497633
12718.00000000	8.94302225	-0.42540206	2.40860935	10606.37295899	16229.93055875	1459.72454238	31774.47402372	  129.23487240
12720.00000000	8.94160459	-0.42625773	2.40865997	10602.09338264	16237.26966013	1460.31070308	31776.12555028	  129.23476909
12722.00000000	8.94018737	-0.42722100	2.40853667	10596.31113289	16244.05399298	1461.10100982	31775.54823148	  129.23466485
12724.00000000	8.93877061	-0.42832080	2.40877220	10591.66715289	16254.80209463	1461.72344572	31776.62807539	  129.23456099
12726.00000000	8.93735430	-0.42928685	2.40835821	10586.38648526	16262.40054019	1463.01228897	31776.64300645	  129.23445743
12728.00000000	8.93593844	-0.43018081	2.40770443	10580.68843262	16268.18400736	1464.48972101	31776.24794931	  129.23435285
12730.00000000	8.93452303	-0.43129609	2.40843686	10575.06775193	16277.68619210	1464.27225249	31777.92483418	  129.23424830
12732.00000000	8.93310807	-0.43206483	2.40793448	10570.80239140	16283.63378205	1465.54335463	31778.01002311	  129.23414647
12734.00000000	8.93169356	-0.43309368	2.40826962	10564.93210619	16291.34374727	1465.74594462	31779.60633228	  129.23404490
12736.00000000	8.93027950	-0.43421599	2.40818501	10559.65156488	16301.48604456	1466.78254849	31778.88175321	  129.23394201
12738.00000000	8.92886589	-0.43515467	2.40759801	10555.67771693	16310.65474952	1468.46927337	31779.49028875	  129.23383900
12740.00000000	8.92745273	-0.43632519	2.40810966	10550.41673189	16321.61897838	1468.70475228	31780.03784036	  129.23373363
12742.00000000	8.92604001	-0.43737403	2.40764367	10545.47558969	16331.09469379	1470.24237606	31781.30943746	  129.23362602
12744.00000000	8.92462775	-0.43837645	2.40778256	10540.46574843	16339.70744755	1470.81346920	31781.23820063	  129.23352088
12746.00000000	8.92321594	-0.43955974	2.40754654	10534.86185181	16350.35609374	1472.11941069	31781.49157895	  129.23341668
12748.00000000	8.92180457	-0.44076829	2.40769610	10529.27113560	16361.44075672	1472.89712694	31782.87218723	  129.23331166
12750.00000000	8.92039365	-0.44191090	2.40763386	10524.43785225	16372.62725005	1473.99589633	31783.08452921	  129.23320780
12752.00000000	8.91898318	-0.44314296	2.40771715	10519.88476728	16385.71985182	1475.05173448	31783.68684663	  129.23310337
12754.00000000	8.91757316	-0.44421882	2.40748904	10514.35486534	16394.73550939	1476.20002451	31784.41650609	  129.23299684
12756.00000000	8.91616359	-0.44528751	2.40749379	10509.49303397	16404.67664453	1477.08813059	31784.53251711	  129.23289145
12758.00000000	8.91475446	-0.44653757	2.40751079	10504.45666668	16417.32504811	1478.20185827	31785.47340685	  129.23278768
12760.00000000	8.91334578	-0.44755803	2.40728333	10499.67006987	16426.59818078	1479.37327346	31785.82192973	  129.23268540
12762.00000000	8.91193754	-0.44870618	2.40686745	10494.32404456	16437.09578919	1480.93443753	31786.71671419	  129.23258340
12764.00000000	8.91052976	-0.44999026	2.40702753	10488.96114336	16449.80537764	1481.84230140	31787.00487523	  129.23247981
12766.00000000	8.90912242	-0.45110982	2.40713148	10484.38661293	16461.04991891	1482.70111084	31787.94771014	  129.23237413
12768.00000000	8.90771552	-0.45244769	2.40700912	10478.82602912	16474.34529649	1484.08025209	31788.36365480	  129.23226800
12770.00000000	8.90630908	-0.45353190	2.40701411	10474.17533050	16484.89707647	1485.02338990	31788.63082459	  129.23216197
12772.00000000	8.90490308	-0.45475262	2.40691348	10468.99135380	16496.86399519	1486.25096711	31789.51196315	  129.23205792
12774.00000000	8.90349752	-0.45592161	2.40701549	10464.48617644	16509.05241162	1487.19733939	31789.87419966	  129.23195457
12776.00000000	8.90209241	-0.45704443	2.40670101	10459.82188116	16520.23278462	1488.67259786	31791.25780856	  129.23185042
12778.00000000	8.90068774	-0.45814391	2.40672304	10454.97609759	16530.74464318	1489.58702459	31790.92198316	  129.23174646
12780.00000000	8.89928352	-0.45923451	2.40657495	10449.48814104	16540.09616287	1490.65042800	31791.52906200	  129.23164318
12782.00000000	8.89787975	-0.46035588	2.40678212	10443.96993459	16549.90980772	1491.22589846	31792.11433289	  129.23153904
12784.00000000	8.89647642	-0.46143471	2.40641998	10439.25328537	16560.29167296	1492.70182071	31792.97369175	  129.23143492
12786.00000000	8.89507353	-0.46244255	2.40647636	10434.51640783	16569.46835662	1493.44477961	31793.26352361	  129.23133368
12788.00000000	8.89367109	-0.46359657	2.40628080	10429.38005713	16580.43521014	1494.72553227	31793.72250128	  129.23123264
12790.00000000	8.89226909	-0.46465624	2.40604540	10424.76191608	16590.66476594	1495.99983639	31795.06303988	  129.23113037
12792.00000000	8.89086754	-0.46592982	2.40643401	10418.24771544	16601.42734687	1496.38868675	31793.70139793	  129.23102835
12794.00000000	8.88946643	-0.46707446	2.40648844	10413.38705862	16612.68662939	1497.32206353	31795.17022091	  129.23092384
12796.00000000	8.88806576	-0.46821907	2.40606844	10406.74905358	16621.11071916	1498.71065683	31795.60715647	  129.23081752
12798.00000000	8.88666553	-0.46936473	2.40597820	10401.18444486	16631.26598885	1499.76167650	31796.85827289	  129.23071334
12800.00000000	8.88526575	-0.47062189	2.40614805	10393.96522525	16640.62937183	1500.35118777	31796.80702927	  129.23060997
12802.00000000	8.88386641	-0.47184550	2.40585295	10386.60867706	16649.21143748	1501.56801787	31797.30656018	  129.23050620
12804.00000000	8.88246752	-0.47296395	2.40568774	10379.78159410	16656.88738868	1502.50850932	31797.58372621	  129.23040305
12806.00000000	8.88106906	-0.47432271	2.40579916	10371.56239179	16666.32784523	1503.19257384	31798.20739751	  129.23029923
12808.00000000	8.87967105	-0.47567330	2.40578014	10360.27446269	16670.68902086	1503.61452360	31798.50892807	  129.23019356
12810.00000000	8.87827348	-0.47701668	2.40580284	10347.57327240	16672.63424684	1503.75583055	31798.60346101	  129.23008854
12812.00000000	8.87687635	-0.47815341	2.40547404	10331.59745503	16665.82677732	1503.63615615	31799.41416675	  129.22998470
12814.00000000	8.87547967	-0.47948092	2.40533810	10307.25771212	16648.65112629	1502.29073304	31798.45899358	  129.22988268
12816.00000000	8.87408342	-0.48087937	2.40478147	10266.13448142	16605.43305631	1499.22523373	31797.24371072	  129.22978076
12818.00000000	8.87268762	-0.48223709	2.40451904	10196.20290224	16514.72619362	1491.42708191	31794.39750916	  129.22967685
12820.00000000	8.87129225	-0.48308448	2.40516659	10120.66881645	16406.28060843	1480.67435959	31791.53978512	  129.22957089
12822.00000000	8.86989733	-0.48408288	2.40620477	10107.35246793	16401.06064190	1478.66733536	31791.57307546	  129.22946469
12824.00000000	8.86850284	-0.48535052	2.40593125	10144.45263716	16482.14281509	1486.38395167	31794.59664779	  129.22935761
12826.00000000	8.86710880	-0.48663673	2.40586874	10170.93334517	16546.43564991	1492.27525019	31796.38623448	  129.22925262
12828.00000000	8.86571520	-0.48781140	2.40526436	10174.00212492	16570.88193181	1495.38349681	31797.50337152	  129.22914811
12830.00000000	8.86432204	-0.48914800	2.40534612	10158.24816467	16567.35178514	1494.94270747	31797.09689889	  129.22904244
12832.00000000	8.86292931	-0.49026487	2.40517077	10140.01521228	16556.09600490	1494.18902678	31797.36748635	  129.22893752
12834.00000000	8.86153703	-0.49121833	2.40581308	10139.26450390	16570.66208333	1494.54334479	31797.91470360	  129.22883325
12836.00000000	8.86014518	-0.49243032	2.40539772	10150.94611237	16609.87224008	1498.70216399	31799.93594430	  129.22872744
12838.00000000	8.85875378	-0.49360501	2.40540486	10156.00067838	16637.67569838	1501.20014168	31800.46531158	  129.22862222
12840.00000000	8.85736281	-0.49453363	2.40512306	10158.90154635	16657.88947478	1503.44762661	31801.91085146	  129.22851977
12842.00000000	8.85597228	-0.49562827	2.40503537	10157.18748814	16673.32025328	1504.97228498	31801.74708860	  129.22841819
12844.00000000	8.85458219	-0.49681449	2.40502965	10150.49010710	16682.10323947	1505.77366278	31802.72271225	  129.22831686
12846.00000000	8.85319254	-0.49793649	2.40522493	10142.91063388	16688.36037564	1506.04432504	31802.31784219	  129.22821507
12848.00000000	8.85180332	-0.49892240	2.40483786	10134.51893457	16691.00094320	1506.86578205	31802.37661173	  129.22811049
12850.00000000	8.85041455	-0.49997245	2.40494357	10130.83249248	16702.45881481	1507.74080152	31804.54861733	  129.22800564
12852.00000000	8.84902621	-0.50115063	2.40478105	10128.87252230	16718.91373005	1509.47149616	31804.80676243	  129.22790225
12854.00000000	8.84763831	-0.50205914	2.40474537	10127.89465069	16732.49439514	1510.75153197	31805.22576899	  129.22780041
12856.00000000	8.84625084	-0.50308848	2.40478478	10125.99651384	16746.58758586	1511.96439134	31805.61538119	  129.22769940
12858.00000000	8.84486381	-0.50395531	2.40447033	10122.19197709	16754.81281096	1513.18275319	31806.94717012	  129.22759833
12860.00000000	8.84347722	-0.50485560	2.40445510	10119.15703154	16764.87568233	1514.11462578	31807.26204981	  129.22749675
12862.00000000	8.84209107	-0.50590622	2.40472290	10115.93506644	16777.15478236	1514.81789154	31807.81441306	  129.22739530
12864.00000000	8.84070535	-0.50690159	2.40441096	10112.37856451	16787.95841642	1516.26625779	31808.23762580	  129.22729383
12866.00000000	8.83932007	-0.50778793	2.40445361	10107.72014493	16795.10424347	1516.84696882	31808.63397440	  129.22719276
12868.00000000	8.83793522	-0.50873325	2.40451076	10101.44197702	16800.54687750	1517.25180228	31808.78817683	  129.22709429
12870.00000000	8.83655081	-0.50959483	2.40413469	10093.80571623	16802.31667703	1517.98240112	31809.35361814	  129.22699571
12872.00000000	8.83516683	-0.51043138	2.40418889	10087.37182390	16805.65950567	1518.20212071	31810.03698985	  129.22689574
12874.00000000	8.83378329	-0.51143064	2.40407641	10081.20577659	16812.17818291	1518.96184894	31810.80454701	  129.22679589
12876.00000000	8.83240019	-0.51238773	2.40446108	10076.18445523	16819.89468105	1519.07456127	31810.96625849	  129.22669370
12878.00000000	8.83101751	-0.51321806	2.40400247	10070.79902969	16824.86944778	1520.22089471	31810.61261612	  129.22658929
12880.00000000	8.82963528	-0.51418481	2.40408494	10067.19885504	16835.12219746	1521.02183826	31811.14526226	  129.22648730
12882.00000000	8.82825348	-0.51497888	2.40380892	10063.96805010	16843.08874264	1522.16168382	31811.87038775	  129.22638564
12884.00000000	8.82687211	-0.51610185	2.40428558	10060.65927413	16856.46977807	1522.64501909	31812.57017330	  129.22628338
12886.00000000	8.82549117	-0.51697920	2.40405200	10057.27863837	16865.59619911	1523.82529581	31812.97430660	  129.22618161
12888.00000000	8.82411067	-0.51803004	2.40387063	10053.28604382	16876.62607868	1525.09845131	31813.81564839	  129.22607890
12890.00000000	8.82273061	-0.51897786	2.40401465	10049.90736575	16886.95243378	1525.81185215	31813.94195992	  129.22597445
12892.00000000	8.82135097	-0.51993945	2.40373768	10046.17956480	16896.92873732	1527.13615979	31815.30124052	  129.22587066
12894.00000000	8.81997177	-0.52085863	2.40350937	10043.12445385	16907.32386016	1528.42459347	31815.21184974	  129.22576750
12896.00000000	8.81859301	-0.52214274	2.40388224	10039.58439172	16923.08144723	1529.27873888	31816.32512582	  129.22566630
12898.00000000	8.81721467	-0.52285496	2.40359132	10037.64026524	16931.85930778	1530.51716633	31816.35089602	  129.22556502
12900.00000000	8.81583677	-0.52397770	2.40332689	10033.86595644	16944.50629488	1532.06543452	31817.21378252	  129.22546144
12902.00000000	8.81445930	-0.52499646	2.40346106	10031.16681840	16957.21467065	1533.00878293	31817.68139693	  129.22535664
12904.00000000	8.81308226	-0.52600625	2.40320000	10026.87171250	16967.07850086	1534.30100667	31818.05279328	  129.22525101
12906.00000000	8.81170566	-0.52726186	2.40318383	10022.88740970	16981.64543575	1535.64310423	31819.33034993	  129.22514368
12908.00000000	8.81032949	-0.52836241	2.40310613	10018.59033771	16993.05631211	1536.79438466	31819.49793024	  129.22503856
12910.00000000	8.80895374	-0.52954637	2.40323467	10013.37543911	17004.33154949	1537.61641453	31820.14099507	  129.22493390
12912.00000000	8.80757843	-0.53040598	2.40291085	10007.98780417	17009.79809798	1538.60888750	31820.19548462	  129.22482802
12914.00000000	8.80620355	-0.53148748	2.40298348	10002.44522647	17018.77362327	1539.30896192	31820.57032448	  129.22472349
12916.00000000	8.80482910	-0.53271802	2.40298750	9997.15824500	17030.72211593	1540.38347138	31821.53992754	  129.22461854
12918.00000000	8.80345508	-0.53377250	2.40285874	9991.37605691	17038.82943370	1541.31520829	31821.30068088	  129.22451123
12920.00000000	8.80208150	-0.53478430	2.40258041	9986.20674453	17047.25360153	1542.50651095	31822.30623815	  129.22440521
12922.00000000	8.80070834	-0.53595525	2.40264438	9981.28354812	17058.81268798	1543.45370018	31823.21067370	  129.22430127
12924.00000000	8.79933561	-0.53708865	2.40272502	9975.25032629	17067.83512526	1544.14550482	31823.74220047	  129.22419883
12926.00000000	8.79796331	-0.53817107	2.40268190	9970.00882642	17077.34170790	1545.07220107	31824.16367219	  129.22409666
12928.00000000	8.79659145	-0.53911990	2.40251129	9964.79386554	17084.61186189	1545.99369595	31824.62978853	  129.22399280
12930.00000000	8.79522001	-0.54003476	2.40230118	9959.23775350	17090.71445240	1546.87091269	31825.54835474	  129.22388719
12932.00000000	8.79384900	-0.54119069	2.40253184	9953.73598077	17101.02922054	1547.44751360	31824.99528211	  129.22378131
12934.00000000	8.79247842	-0.54224198	2.40235354	9949.39995271	17111.55935990	1548.67647072	31825.64149126	  129.22367506
12936.00000000	8.79110827	-0.54349170	2.40240589	9945.34688342	17125.97801934	1549.90029244	31826.89247596	  129.22357096
12938.00000000	8.78973855	-0.54441252	2.40196244	9941.14378617	17134.51081743	1551.36030604	31826.81253406	  129.22346724
12940.00000000	8.78836925	-0.54569134	2.40234638	9936.08573471	17147.70760272	1551.95917364	31828.21748966	  129.22336244
12942.00000000	8.78700039	-0.54680174	2.40244299	9931.77021355	17159.30299372	1552.85859388	31828.40240714	  129.22325847
12944.00000000	8.78563195	-0.54772276	2.40203845	9928.04461293	17168.67154444	1554.33508272	31829.27146066	  129.22315489
12946.00000000	8.78426394	-0.54887895	2.40209489	9922.94616268	17179.70625599	1555.24631078	31829.66964017	  129.22304921
12948.00000000	8.78289636	-0.55009386	2.40217860	9919.26991702	17194.21831699	1556.42976100	31830.22561935	  129.22294400
12950.00000000	8.78152920	-0.55105774	2.40214591	9916.58058285	17206.13323633	1557.55921696	31830.41523915	  129.22284107
12952.00000000	8.78016248	-0.55222389	2.40188043	9912.27004587	17218.72191433	1559.11265421	31831.96923800	  129.22273860
12954.00000000	8.77879617	-0.55324826	2.40181196	9908.45759780	17229.73986072	1560.21712431	31832.16921157	  129.22263651
12956.00000000	8.77743030	-0.55447602	2.40211050	9904.47468868	17243.97253444	1561.03984452	31832.78764729	  129.22253241
12958.00000000	8.77606485	-0.55543855	2.40175258	9901.70639171	17255.75399032	1562.66557990	31833.23706862	  129.22242528
12960.00000000	8.77469983	-0.55665712	2.40177697	9898.01276869	17270.34948029	1563.94919892	31834.36908396	  129.22231789
12962.00000000	8.77333524	-0.55783276	2.40184899	9894.80981992	17285.06986600	1565.16950765	31834.64983057	  129.22221031
12964.00000000	8.77197107	-0.55886506	2.40164453	9891.16790609	17296.55388134	1566.52963895	31835.11909739	  129.22210441
12966.00000000	8.77060733	-0.55995733	2.40174105	9887.50069140	17309.03700002	1567.50891520	31836.15276643	  129.22199890
12968.00000000	8.76924401	-0.56122360	2.40165850	9882.95878732	17323.00761949	1568.90360410	31836.64709307	  129.22189179
12970.00000000	8.76788112	-0.56228475	2.40151762	9877.81116184	17332.36733885	1569.97245578	31837.16903441	  129.22178521
12972.00000000	8.76651866	-0.56333884	2.40130412	9872.67587388	17341.62654627	1571.14656221	31837.60369663	  129.22167926
12974.00000000	8.76515662	-0.56442498	2.40124875	9867.89865110	17352.07166125	1572.17994661	31838.36544320	  129.22157140
12976.00000000	8.76379500	-0.56545449	2.40117990	9862.07490505	17359.69389329	1572.97884749	31838.42018153	  129.22146395
12978.00000000	8.76243381	-0.56669866	2.40126502	9855.67210312	17370.02119773	1573.78064670	31839.10058402	  129.22135898
12980.00000000	8.76107304	-0.56782536	2.40121776	9850.36990351	17380.24766125	1574.78161625	31839.26696362	  129.22125462
12982.00000000	8.75971270	-0.56904223	2.40132917	9845.33206841	17392.51025656	1575.71715209	31839.32567969	  129.22115091
12984.00000000	8.75835278	-0.57003991	2.40093035	9839.32518335	17399.24893755	1576.95644136	31841.65760490	  129.22104533
12986.00000000	8.75699329	-0.57106491	2.40095792	9833.31687325	17406.45660288	1577.56620878	31841.30272169	  129.22093724
12988.00000000	8.75563422	-0.57221405	2.40099106	9828.39249443	17417.74377929	1578.53686859	31841.80998352	  129.22082891
12990.00000000	8.75427557	-0.57333591	2.40093962	9823.08810565	17427.88410977	1579.53711533	31842.27609532	  129.22072090
12992.00000000	8.75291734	-0.57461052	2.40113480	9816.53573548	17438.47204542	1580.18828293	31843.06365036	  129.22061479
12994.00000000	8.75155954	-0.57559220	2.40080310	9810.59484852	17445.03541672	1581.30744650	31843.95843277	  129.22050932
12996.00000000	8.75020216	-0.57674732	2.40054388	9802.95552529	17451.59839502	1582.31246370	31843.86016803	  129.22040267
13000.00000000	8.74748868	-0.57892471	2.40068647	9784.02232728	17455.85965210	1582.47316083	31844.38013065	  129.22019119
