#This file has been produced by quickread.moulinex (v 2.1.3 (live) - November 8th, 2021)
#E. Fonda, C. La Fontaine - Synchrotron SOLEIL. Covered by GPL licence.
#Interpolate over grid = 9550, 2, 9624, 0.2, 9686, 2, 11300
#Average 600 scans - Elapsed time 300.06 s (exposure 150.03 s)
#No smoothing
#Dark = 	0	0	0
#offset = 0 
#findedges_version = 5 - method = cubic - ytol = 0.007500 
#d=3.1356 
#Data from HDF File: /nfs/ruche-rock/rock-soleil/com-rock/2024/Projets/20240131_Lorena/Znref/ZnO_new/ZnO_new_00002.nxs to ZnO_new_00062.nxs
#Direction is increasing angle
#Time at start=2024-02-03 11:53:53.473
#Time from start (seconds)=155.26626811
#Z0=Z+DeltaZ0+offset=10.168814
#Sample temperature (C)=34.1
#Resistor temperature (C)=130.5
#Energy	Angle	mux	mus	I0	I1	I2	Direction	iFluo1	Time
9550.00000000	11.94777262	0.74770916	0.23780714	27169.77622950	12863.52809203	10141.02307551	21351.50503494	  155.33160497
9552.00000000	11.94523410	0.74701000	0.23643730	27173.90383152	12874.48052933	10163.57042534	21351.81605580	  155.33147487
9554.00000000	11.94269667	0.74639879	0.23492944	27181.51756792	12885.96134104	10187.98425431	21366.15161707	  155.33134838
9556.00000000	11.94016033	0.74579069	0.23371547	27181.85954119	12893.96194722	10206.69283614	21351.21802475	  155.33122209
9558.00000000	11.93762507	0.74518447	0.23226977	27180.58939512	12901.17800403	10227.17972330	21351.53298128	  155.33109105
9560.00000000	11.93509089	0.74450500	0.23096992	27181.49285842	12910.37605419	10247.78320208	21366.37881324	  155.33095920
9562.00000000	11.93255780	0.74388058	0.22932009	27179.93764093	12917.70092943	10270.52814210	21351.68961048	  155.33082982
9564.00000000	11.93002579	0.74323711	0.22794603	27181.51242137	12926.76470727	10291.86639695	21351.63042113	  155.33070112
9566.00000000	11.92749486	0.74265501	0.22636538	27183.18645793	12935.08809230	10314.78442048	21366.17439287	  155.33057080
9568.00000000	11.92496502	0.74206604	0.22477516	27181.20661678	12941.76610123	10336.53396919	21352.21919363	  155.33044200
9570.00000000	11.92243625	0.74151789	0.22332693	27177.89827301	12947.28592081	10355.92953740	21350.11775478	  155.33031580
9572.00000000	11.91990857	0.74090459	0.22180389	27175.14281981	12953.91546164	10377.02476459	21365.99021698	  155.33018639
9574.00000000	11.91738197	0.74031519	0.22029564	27170.96886724	12959.56198879	10397.21787044	21353.16728054	  155.33005389
9576.00000000	11.91485644	0.73969475	0.21895326	27168.14714607	12966.25843806	10416.56388677	21349.75337236	  155.32992381
9578.00000000	11.91233200	0.73906256	0.21724108	27172.28491850	12976.43420545	10442.60297647	21366.09884070	  155.32979479
9580.00000000	11.90980863	0.73850715	0.21569066	27177.09977011	12985.94406446	10466.47072660	21354.51483733	  155.32966530
9582.00000000	11.90728633	0.73796060	0.21439995	27183.76657434	12996.23081946	10488.29037020	21348.28857061	  155.32953483
9584.00000000	11.90476512	0.73739876	0.21287640	27183.98738567	13003.64023852	10510.27061825	21364.98143996	  155.32940832
9586.00000000	11.90224498	0.73692041	0.21146925	27181.19649491	13008.52635415	10529.02535737	21355.82830923	  155.32928202
9588.00000000	11.89972591	0.73639362	0.21001316	27175.19216480	13012.50591846	10547.59351527	21347.49591555	  155.32915184
9590.00000000	11.89720792	0.73579352	0.20878496	27173.50202464	13019.50721901	10566.23807183	21364.55168144	  155.32902007
9592.00000000	11.89469100	0.73526619	0.20761886	27176.38987409	13027.75895885	10585.27123173	21358.42394561	  155.32889145
9594.00000000	11.89217515	0.73478582	0.20643167	27178.33692053	13034.95247995	10603.69715420	21347.40853608	  155.32876320
9596.00000000	11.88966038	0.73429335	0.20520770	27175.78557690	13040.14904714	10620.91619431	21363.50509811	  155.32863410
9598.00000000	11.88714668	0.73382431	0.20407631	27176.82487909	13046.76577641	10638.33467229	21360.50007441	  155.32850603
9600.00000000	11.88463404	0.73336118	0.20295561	27170.94322257	13049.98464202	10652.89135893	21346.62571910	  155.32838162
9602.00000000	11.88212248	0.73284308	0.20218396	27174.20130671	13058.31321572	10667.91880413	21361.19777575	  155.32825424
9604.00000000	11.87961199	0.73241692	0.20104066	27175.16311353	13064.34172763	10685.05306969	21363.16515843	  155.32812356
9606.00000000	11.87710256	0.73203640	0.19999159	27182.14717059	13072.67276555	10703.08924936	21347.76923052	  155.32799486
9608.00000000	11.87459421	0.73165776	0.19911904	27182.72616822	13077.90215145	10716.71747066	21359.10496413	  155.32786785
9610.00000000	11.87208692	0.73127245	0.19812485	27185.97882126	13084.50757309	10732.79551973	21365.24713280	  155.32774112
9612.00000000	11.86958069	0.73097437	0.19734262	27182.30170312	13086.63816514	10742.94330190	21348.36111362	  155.32761230
9614.00000000	11.86707554	0.73069293	0.19638774	27175.29727328	13086.94853707	10753.46147147	21355.43443724	  155.32748755
9616.00000000	11.86457144	0.73047211	0.19559747	27179.03660882	13091.63990283	10765.82087748	21365.81739593	  155.32736335
9618.00000000	11.86206842	0.73032697	0.19464038	27178.46684492	13093.26566308	10777.46785317	21350.08579891	  155.32723644
9620.00000000	11.85956645	0.73018658	0.19383042	27180.87873069	13096.26613747	10788.67246411	21352.10868697	  155.32710670
9622.00000000	11.85706555	0.73013681	0.19301248	27176.53801690	13094.82635152	10796.31349601	21366.64670009	  155.32698047
9624.00000000	11.85456571	0.73015442	0.19245989	27174.97098980	13093.84076927	10801.46806830	21353.81234033	  155.32685422
9624.20000000	11.85431579	0.73014559	0.19242647	27175.09336643	13094.01531665	10801.97310854	21348.22603726	  155.32684154
9624.40000000	11.85406587	0.73012513	0.19243476	27175.16172730	13094.31612160	10802.13169534	21347.84635913	  155.32682907
9624.60000000	11.85381597	0.73011567	0.19237750	27175.08638279	13094.40374527	10802.82256122	21353.50697586	  155.32681676
9624.80000000	11.85356607	0.73011640	0.19228887	27174.97764214	13094.34175074	10803.72887730	21361.36745838	  155.32680443
9625.00000000	11.85331619	0.73011881	0.19224573	27175.00833226	13094.32501080	10804.18108081	21366.09800260	  155.32679186
9625.20000000	11.85306632	0.73012784	0.19222281	27175.22012508	13094.30874880	10804.41533436	21365.21479694	  155.32677906
9625.40000000	11.85281646	0.73014928	0.19217505	27175.59576395	13094.20905756	10804.84912428	21358.46301126	  155.32676610
9625.60000000	11.85256660	0.73017436	0.19211348	27176.05648923	13094.10269265	10805.42665819	21350.70590482	  155.32675313
9625.80000000	11.85231676	0.73019424	0.19205628	27176.52627864	13094.06865309	10806.01661733	21347.01169541	  155.32674024
9626.00000000	11.85206693	0.73021076	0.19200122	27176.98331369	13094.07259093	10806.61489030	21349.23337527	  155.32672750
9626.20000000	11.85181711	0.73022903	0.19193828	27177.43576927	13094.05137358	10807.27755403	21356.61301858	  155.32671490
9626.40000000	11.85156731	0.73025704	0.19184872	27177.93600462	13093.92559892	10808.14167507	21363.81752881	  155.32670230
9626.60000000	11.85131751	0.73029183	0.19173808	27178.43766401	13093.71177442	10809.16103138	21366.46796082	  155.32668960
9626.80000000	11.85106772	0.73031094	0.19165574	27178.71442457	13093.59489126	10809.95456409	21363.04925489	  155.32667679
9627.00000000	11.85081794	0.73031133	0.19161130	27178.71899739	13093.59196560	10810.43253723	21355.24276075	  155.32666394
9627.20000000	11.85056818	0.73031844	0.19155555	27178.66374190	13093.47227407	10810.93646083	21348.61882319	  155.32665119
9627.40000000	11.85031842	0.73033998	0.19147717	27178.52175063	13093.12177169	10811.49440003	21346.88866507	  155.32663858
9627.60000000	11.85006868	0.73036320	0.19140726	27178.01337472	13092.57283109	10811.79697433	21351.26098454	  155.32662604
9627.80000000	11.84981894	0.73038447	0.19133600	27177.22415013	13091.91419263	10812.02355570	21359.11324054	  155.32661352
9628.00000000	11.84956922	0.73040835	0.19122336	27176.52514495	13091.26486957	10812.70513347	21364.94011973	  155.32660104
9628.20000000	11.84931950	0.73043676	0.19109381	27175.95593670	13090.61881467	10813.57232438	21365.60080705	  155.32658861
9628.40000000	11.84906980	0.73046850	0.19100482	27175.35312218	13089.91289826	10813.95144651	21360.09991136	  155.32657628
9628.60000000	11.84882011	0.73049199	0.19093484	27174.70169305	13089.29167536	10814.19503577	21352.13089457	  155.32656402
9628.80000000	11.84857043	0.73049674	0.19083173	27174.08455915	13088.93222664	10815.01313562	21347.22411745	  155.32655178
9629.00000000	11.84832076	0.73051176	0.19070215	27173.71985038	13088.56000549	10816.10703031	21347.78443204	  155.32653952
9629.20000000	11.84807110	0.73056767	0.19057539	27173.76256641	13087.84878765	10816.89041292	21354.03912719	  155.32652717
9629.40000000	11.84782145	0.73063135	0.19048019	27173.82852025	13087.04717444	10817.25757527	21361.68284352	  155.32651480
9629.60000000	11.84757181	0.73066801	0.19042613	27173.57893438	13086.44713700	10817.34638914	21365.82435641	  155.32650247
9629.80000000	11.84732218	0.73070317	0.19035543	27173.39431035	13085.89810897	10817.65731374	21364.19633618	  155.32649026
9630.00000000	11.84707256	0.73075964	0.19023423	27173.55828867	13085.23814701	10818.42290488	21357.01973258	  155.32647817
9630.20000000	11.84682295	0.73081722	0.19013264	27173.66791602	13084.53756895	10818.94274718	21349.63702912	  155.32646605
9630.40000000	11.84657336	0.73086295	0.19008792	27173.47732794	13083.84742126	10818.85588843	21346.69452606	  155.32645377
9630.60000000	11.84632377	0.73091345	0.19003439	27173.29790813	13083.10027707	10818.81726018	21349.60279016	  155.32644127
9630.80000000	11.84607420	0.73097441	0.18993935	27173.27980085	13082.29413777	10819.17881862	21356.98468294	  155.32642863
9631.00000000	11.84582463	0.73102864	0.18984296	27173.21151574	13081.55184449	10819.60774662	21363.67774064	  155.32641603
9631.20000000	11.84557508	0.73107699	0.18977218	27173.12288567	13080.87667008	10819.81513774	21365.82552798	  155.32640357
9631.40000000	11.84532553	0.73114404	0.18972863	27173.36341157	13080.11535373	10819.65658028	21361.80451220	  155.32639126
9631.60000000	11.84507600	0.73122351	0.18970025	27173.77219110	13079.27265729	10819.26653606	21353.84748294	  155.32637901
9631.80000000	11.84482648	0.73127995	0.18966500	27173.71928052	13078.50906101	10819.01625352	21347.67834669	  155.32636663
9632.00000000	11.84457696	0.73131684	0.18962915	27173.34994655	13077.84882967	10818.85791794	21346.68978487	  155.32635404
9632.20000000	11.84432746	0.73136572	0.18961799	27173.35183575	13077.21052021	10818.45065762	21351.94497747	  155.32634121
9632.40000000	11.84407797	0.73142741	0.18962361	27173.67171200	13076.55778502	10817.84987517	21360.04796309	  155.32632827
9632.60000000	11.84382849	0.73148638	0.18962034	27173.86216145	13075.87835844	10817.32319449	21365.34014684	  155.32631541
9632.80000000	11.84357902	0.73154715	0.18960192	27173.94469626	13075.12335937	10816.89785534	21365.16234955	  155.32630268
9633.00000000	11.84332956	0.73162057	0.18957140	27174.10407312	13074.24021574	10816.49728181	21359.06703402	  155.32629006
9633.20000000	11.84308011	0.73169890	0.18953253	27174.18528499	13073.25511765	10816.10274005	21351.21068819	  155.32627738
9633.40000000	11.84283068	0.73177109	0.18949112	27174.01166875	13072.22794111	10815.70077004	21346.75838675	  155.32626452
9633.60000000	11.84258125	0.73184052	0.18946118	27173.84874263	13071.24199740	10815.20888843	21348.05791798	  155.32625149
9633.80000000	11.84233183	0.73191306	0.18945317	27173.92840469	13070.33213365	10814.54265450	21355.13684626	  155.32623837
9634.00000000	11.84208243	0.73198960	0.18945839	27173.96796148	13069.35077126	10813.67418653	21362.87431496	  155.32622527
9634.20000000	11.84183303	0.73207129	0.18946388	27173.77066465	13068.18832322	10812.65299830	21366.34754156	  155.32621225
9634.40000000	11.84158365	0.73216253	0.18945609	27173.62962129	13066.92820524	10811.69464268	21363.87839076	  155.32619931
9634.60000000	11.84133427	0.73226474	0.18943237	27173.74982156	13065.65048945	10810.89387899	21356.45482128	  155.32618643
9634.80000000	11.84108491	0.73237246	0.18941163	27174.01183265	13064.36910813	10810.05776358	21349.29060614	  155.32617359
9635.00000000	11.84083556	0.73248028	0.18940688	27174.29091813	13063.09473354	10809.05469005	21346.60399571	  155.32616082
9635.20000000	11.84058621	0.73258415	0.18941783	27174.51347981	13061.84486937	10807.90215660	21350.21674428	  155.32614808
9635.40000000	11.84033688	0.73268147	0.18943380	27174.64330507	13060.63626203	10806.72950832	21358.27208744	  155.32613536
9635.60000000	11.84008756	0.73277149	0.18943392	27174.68637968	13059.48126110	10805.77254476	21364.82999561	  155.32612269
9635.80000000	11.83983825	0.73285980	0.18941848	27174.69808820	13058.33363809	10804.98980879	21366.22718761	  155.32611004
9636.00000000	11.83958895	0.73295720	0.18940735	27174.77472051	13057.09859706	10804.08807164	21361.46994521	  155.32609740
9636.20000000	11.83933966	0.73306500	0.18940423	27174.95989834	13055.78011273	10803.03079217	21353.48979940	  155.32608477
9636.40000000	11.83909038	0.73317742	0.18940083	27175.24121644	13054.44757947	10801.96496702	21347.82794694	  155.32607216
9636.60000000	11.83884111	0.73329078	0.18939641	27175.44850359	13053.06746162	10800.87071839	21347.44090811	  155.32605961
9636.80000000	11.83859185	0.73340388	0.18939240	27175.37419748	13051.55549229	10799.66292800	21353.12228564	  155.32604714
9637.00000000	11.83834260	0.73352455	0.18937153	27175.22447538	13049.90873079	10798.52561420	21361.07522562	  155.32603470
9637.20000000	11.83809337	0.73366194	0.18931420	27175.28999885	13048.14749041	10797.68729850	21365.93258480	  155.32602219
9637.40000000	11.83784414	0.73380932	0.18923636	27175.26046888	13046.21038634	10796.92463263	21365.29903247	  155.32600957
9637.60000000	11.83759493	0.73395670	0.18916000	27174.76413167	13044.04954925	10795.96069142	21358.92759175	  155.32599685
9637.80000000	11.83734572	0.73410411	0.18907846	27174.08566180	13041.80121835	10794.98003088	21351.30854778	  155.32598412
9638.00000000	11.83709653	0.73425524	0.18898405	27173.59620268	13039.59551345	10794.17336558	21347.34862450	  155.32597150
9638.20000000	11.83684734	0.73441682	0.18889129	27173.36438998	13037.37749390	10793.33842266	21349.08590068	  155.32595902
9638.40000000	11.83659817	0.73458777	0.18881449	27173.27807662	13035.10753959	10792.28798176	21356.11808108	  155.32594666
9638.60000000	11.83634901	0.73474562	0.18875564	27172.92651656	13032.88149082	10791.07998446	21363.35159921	  155.32593431
9638.80000000	11.83609985	0.73488353	0.18870232	27172.16842159	13030.72075362	10789.86625032	21366.33392021	  155.32592187
9639.00000000	11.83585071	0.73503188	0.18861816	27171.48441191	13028.45971520	10788.90199089	21363.37836304	  155.32590926
9639.20000000	11.83560158	0.73520769	0.18850917	27171.21599842	13026.04067854	10788.07448779	21355.82527747	  155.32589653
9639.40000000	11.83535246	0.73540037	0.18844924	27171.36923924	13023.60455117	10786.70338870	21349.15085008	  155.32588384
9639.60000000	11.83510335	0.73559642	0.18844109	27171.70309803	13021.21158313	10784.80930922	21347.22822410	  155.32587131
9639.80000000	11.83485425	0.73578234	0.18839759	27171.73056171	13018.80398838	10783.28429811	21351.36949915	  155.32585898
9640.00000000	11.83460516	0.73595891	0.18832271	27171.41122338	13016.35253557	10782.06108684	21359.21927979	  155.32584672
9640.20000000	11.83435608	0.73614058	0.18830652	27171.13979732	13013.85803076	10780.16932517	21365.18534242	  155.32583428
9640.40000000	11.83410702	0.73634088	0.18832976	27171.14533247	13011.25429614	10777.76201757	21366.02715194	  155.32582158
9640.60000000	11.83385796	0.73656984	0.18829720	27171.49224986	13008.44168214	10775.78306962	21360.80319734	  155.32580870
9640.80000000	11.83360891	0.73681270	0.18822482	27171.98761022	13005.51984254	10774.14251513	21352.80087217	  155.32579577
9641.00000000	11.83335988	0.73704372	0.18818779	27172.34011794	13002.68445493	10772.19244988	21347.48229512	  155.32578294
9641.20000000	11.83311085	0.73726793	0.18818891	27172.68761164	12999.93568137	10769.90312372	21347.60495728	  155.32577023
9641.40000000	11.83286183	0.73750240	0.18819951	27173.30095346	12997.18123654	10767.50703584	21353.80421589	  155.32575765
9641.60000000	11.83261283	0.73774840	0.18821005	27174.03054777	12994.33329899	10765.03424602	21361.80282319	  155.32574509
9641.80000000	11.83236384	0.73800195	0.18822106	27174.60245748	12991.31233570	10762.41307051	21366.22825033	  155.32573242
9642.00000000	11.83211485	0.73826199	0.18824657	27174.88168839	12988.06798633	10759.45088118	21364.91457765	  155.32571965
9642.20000000	11.83186588	0.73852891	0.18830117	27174.84597415	12984.58459934	10755.97788482	21357.97347430	  155.32570681
9642.40000000	11.83161692	0.73880541	0.18838812	27174.72763544	12980.93838189	10752.02259307	21350.27150135	  155.32569403
9642.60000000	11.83136797	0.73909309	0.18850369	27174.69962567	12977.19118455	10747.67661073	21346.62217426	  155.32568140
9642.80000000	11.83111903	0.73938933	0.18863211	27174.62783134	12973.31308133	10743.08508082	21348.91517766	  155.32566887
9643.00000000	11.83087009	0.73969044	0.18876116	27174.38542182	12969.29160779	10738.36909321	21356.35012885	  155.32565639
9643.20000000	11.83062117	0.73999200	0.18889034	27173.96812144	12965.18201292	10733.57973549	21363.54040653	  155.32564396
9643.40000000	11.83037226	0.74029512	0.18902509	27173.44978096	12961.00539321	10728.67617107	21366.18459866	  155.32563157
9643.60000000	11.83012337	0.74060997	0.18917795	27173.00468475	12956.71309343	10723.48386944	21362.78666557	  155.32561925
9643.80000000	11.82987448	0.74094245	0.18935214	27172.70768264	12952.26433532	10717.93472047	21355.05632748	  155.32560698
9644.00000000	11.82962560	0.74129181	0.18953827	27172.49188706	12947.63724033	10712.11186852	21348.45705872	  155.32559474
9644.20000000	11.82937673	0.74165642	0.18973445	27172.27922107	12942.81605383	10706.02251487	21346.69979300	  155.32558250
9644.40000000	11.82912788	0.74203399	0.18994647	27171.99391901	12937.79427098	10699.59984371	21351.17793515	  155.32557022
9644.60000000	11.82887903	0.74241934	0.19016258	27171.62759532	12932.63533971	10693.02226340	21359.17104830	  155.32555791
9644.80000000	11.82863019	0.74280575	0.19035960	27171.23283807	12927.45111221	10686.63015517	21364.90368491	  155.32554557
9645.00000000	11.82838137	0.74319694	0.19055295	27170.92963415	12922.25090658	10680.26610738	21365.38369419	  155.32553329
9645.20000000	11.82813255	0.74360250	0.19077710	27170.85278412	12916.97463594	10673.51256123	21359.97230062	  155.32552115
9645.40000000	11.82788375	0.74402422	0.19101047	27170.89410787	12911.54809511	10666.53896596	21352.20178879	  155.32550907
9645.60000000	11.82763496	0.74445957	0.19121402	27170.85347860	12905.90895455	10659.71034504	21347.29826864	  155.32549690
9645.80000000	11.82738617	0.74490465	0.19142510	27170.74901209	12900.11644419	10652.67718700	21347.65081608	  155.32548455
9646.00000000	11.82713740	0.74535719	0.19169415	27170.68027875	12894.24731997	10644.96614146	21353.62708814	  155.32547196
9646.20000000	11.82688864	0.74582589	0.19198165	27170.71231363	12888.22041674	10636.93205236	21361.22170531	  155.32545931
9646.40000000	11.82663989	0.74631907	0.19223420	27170.86181042	12881.93662475	10629.06115925	21365.65897186	  155.32544681
9646.60000000	11.82639115	0.74683029	0.19245433	27171.00077167	12875.41863832	10621.34478935	21364.47208243	  155.32543450
9646.80000000	11.82614242	0.74735270	0.19265760	27171.00481516	12868.69612224	10613.64146780	21357.52088006	  155.32542232
9647.00000000	11.82589370	0.74788891	0.19285816	27170.86505954	12861.73155907	10605.77007533	21349.94346008	  155.32541008
9647.20000000	11.82564499	0.74844929	0.19306855	27170.68781175	12854.44220957	10597.52944046	21346.56737249	  155.32539763
9647.40000000	11.82539629	0.74905801	0.19329812	27170.79492852	12846.67051420	10588.69104601	21349.18763839	  155.32538494
9647.60000000	11.82514760	0.74971981	0.19354605	27171.26202219	12838.39208831	10579.24447596	21356.74642527	  155.32537205
9647.80000000	11.82489892	0.75040071	0.19379346	27171.66311046	12829.84281184	10569.58424057	21363.77783975	  155.32535915
9648.00000000	11.82465026	0.75108830	0.19401661	27171.83830429	12821.10674706	10560.03047232	21366.15599635	  155.32534636
9648.20000000	11.82440160	0.75180712	0.19418907	27172.08346505	12812.00962668	10550.71794539	21362.49397443	  155.32533369
9648.40000000	11.82415296	0.75256610	0.19433223	27172.43445565	12802.45461947	10541.34017669	21354.71913114	  155.32532107
9648.60000000	11.82390432	0.75335334	0.19451991	27172.59560945	12792.45589338	10531.13072226	21348.25581884	  155.32530831
9648.80000000	11.82365570	0.75416851	0.19475773	27172.49271076	12781.98362770	10520.00748358	21346.70096154	  155.32529536
9649.00000000	11.82340708	0.75502242	0.19498886	27172.27002569	12770.96894855	10508.51289222	21351.47219637	  155.32528228
9649.20000000	11.82315848	0.75591588	0.19520801	27172.02140567	12759.44704739	10496.73161591	21359.65857004	  155.32526917
9649.40000000	11.82290988	0.75684246	0.19544831	27171.78671232	12747.51978867	10484.39978188	21365.47862441	  155.32525615
9649.60000000	11.82266130	0.75780084	0.19572687	27171.49638974	12735.17260031	10471.32728304	21365.90517852	  155.32524323
9649.80000000	11.82241273	0.75879224	0.19605047	27171.03178638	12722.33566609	10457.38782107	21360.16974059	  155.32523038
9650.00000000	11.82216417	0.75981342	0.19642298	27170.38629465	12709.04849684	10442.57540543	21352.12144852	  155.32521756
9650.20000000	11.82191562	0.76086181	0.19684421	27169.62273612	12695.37468732	10426.94706227	21347.22500090	  155.32520478
9650.40000000	11.82166708	0.76195108	0.19729715	27168.90404472	12681.21801279	10410.60344754	21347.88286460	  155.32519204
9650.60000000	11.82141855	0.76309718	0.19776813	27168.39202217	12666.45370445	10393.58647793	21354.33612065	  155.32517937
9650.80000000	11.82117003	0.76429908	0.19828678	27168.07778717	12651.09277441	10375.59914494	21362.09873525	  155.32516675
9651.00000000	11.82092152	0.76555276	0.19888309	27167.90250261	12635.16078278	10356.35539873	21366.18592484	  155.32515419
9651.20000000	11.82067302	0.76686073	0.19954401	27167.80216115	12618.59851776	10335.94669043	21364.58600976	  155.32514162
9651.40000000	11.82042453	0.76822868	0.20026183	27167.68877205	12601.29612065	10314.36774280	21357.63071561	  155.32512902
9651.60000000	11.82017605	0.76966699	0.20106966	27167.41201004	12583.05642619	10291.12138703	21350.28165008	  155.32511640
9651.80000000	11.81992759	0.77118194	0.20198337	27166.88605927	12563.76484906	10265.95928309	21347.05444849	  155.32510382
9652.00000000	11.81967913	0.77276931	0.20296621	27166.18765024	12543.51492343	10239.34429912	21349.77022808	  155.32509133
9652.20000000	11.81943068	0.77443869	0.20401185	27165.44491145	12522.25013097	10211.30280701	21357.33320790	  155.32507895
9652.40000000	11.81918225	0.77622552	0.20517776	27164.83468004	12499.61418176	10180.96722503	21364.29251917	  155.32506654
9652.60000000	11.81893382	0.77814994	0.20648788	27164.40296672	12475.38453148	10147.92836186	21366.58563875	  155.32505401
9652.80000000	11.81868541	0.78020756	0.20791210	27164.01446432	12449.56325705	10112.51171083	21362.75716160	  155.32504134
9653.00000000	11.81843701	0.78239351	0.20945297	27163.63654233	12422.20595408	10074.75412998	21354.88106185	  155.32502858
9653.20000000	11.81818861	0.78470399	0.21115288	27163.36039984	12393.41188192	10034.32936154	21348.57145764	  155.32501592
9653.40000000	11.81794023	0.78712907	0.21303945	27163.22493648	12363.33160780	9991.10812012	21347.27771482	  155.32500342
9653.60000000	11.81769186	0.78965635	0.21512780	27163.21464751	12332.12083440	9945.09538773	21352.08072683	  155.32499109
9653.80000000	11.81744350	0.79231256	0.21746606	27163.27602097	12299.43539087	9895.57110879	21360.02216179	  155.32497882
9654.00000000	11.81719514	0.79515106	0.22012518	27163.33828875	12264.60097966	9841.34083077	21365.61674059	  155.32496647
9654.20000000	11.81694680	0.79821104	0.22315684	27163.41077114	12227.16157356	9781.59931818	21365.94786754	  155.32495397
9654.40000000	11.81669847	0.80151953	0.22660035	27163.52795570	12186.82754576	9715.81825128	21360.20983115	  155.32494130
9654.60000000	11.81645015	0.80507464	0.23048166	27163.57572521	12143.60037386	9643.85233479	21352.26728386	  155.32492859
9654.80000000	11.81620185	0.80886514	0.23482665	27163.41370902	12097.58503146	9565.65611504	21347.52335904	  155.32491602
9655.00000000	11.81595355	0.81290051	0.23969282	27163.13050802	12048.73943777	9480.78602757	21348.31599534	  155.32490363
9655.20000000	11.81570526	0.81721633	0.24518465	27162.83075059	11996.71898534	9388.15271445	21354.82739498	  155.32489136
9655.40000000	11.81545698	0.82193086	0.25156056	27162.33386636	11940.07480327	9284.43933919	21362.51196414	  155.32487905
9655.60000000	11.81520871	0.82717697	0.25911392	27161.50459929	11877.23715364	9166.08080220	21366.40324384	  155.32486653
9655.80000000	11.81496046	0.83305356	0.26807795	27160.63296877	11807.26532114	9030.76517860	21364.56209068	  155.32485382
9656.00000000	11.81471221	0.83964515	0.27869913	27159.94035146	11729.39345549	8876.42442334	21357.42326731	  155.32484098
9656.20000000	11.81446398	0.84701459	0.29127245	27159.21791931	11642.96251008	8700.92612731	21350.05801745	  155.32482813
9656.40000000	11.81421575	0.85523267	0.30605784	27158.25259154	11547.26136390	8502.75690763	21346.98256512	  155.32481538
9656.60000000	11.81396754	0.86439409	0.32318880	27156.97750625	11441.41793853	8281.72369334	21349.85288534	  155.32480276
9656.80000000	11.81371933	0.87469104	0.34293987	27155.54533813	11323.61344552	8036.15196609	21357.44328651	  155.32479024
9657.00000000	11.81347114	0.88647876	0.36587016	27154.43812304	11190.46120893	7761.62386253	21364.29597305	  155.32477770
9657.20000000	11.81322296	0.90010326	0.39236490	27153.65063179	11038.71061539	7456.18088188	21366.42676448	  155.32476504
9657.40000000	11.81297478	0.91587155	0.42244790	27152.49343601	10865.55107141	7121.72118253	21362.53899913	  155.32475226
9657.60000000	11.81272662	0.93402249	0.45575054	27150.89515993	10669.48207435	6764.15255851	21354.69362492	  155.32473944
9657.80000000	11.81247847	0.95472300	0.49137328	27149.48969906	10450.34767083	6393.37286025	21348.31682665	  155.32472673
9658.00000000	11.81223033	0.97825348	0.52842254	27148.41734461	10206.91336531	6017.32455694	21346.85149024	  155.32471417
9658.20000000	11.81198220	1.00501998	0.56603421	27147.36810011	9936.94994475	5641.92836944	21351.52712805	  155.32470171
9658.40000000	11.81173408	1.03547384	0.60342641	27146.28036695	9638.50673030	5271.63087496	21359.48603978	  155.32468930
9658.60000000	11.81148597	1.07010978	0.63985187	27145.27599262	9310.03875884	4909.84012350	21365.25206906	  155.32467692
9658.80000000	11.81123787	1.10931556	0.67462021	27144.42783309	8951.81428744	4559.60506894	21365.77243727	  155.32466459
9659.00000000	11.81098978	1.15345210	0.70707266	27143.74632742	8565.08947592	4223.32157671	21360.06090891	  155.32465234
9659.20000000	11.81074170	1.20300705	0.73716007	27142.99921859	8150.76757773	3899.90438191	21352.01129283	  155.32464014
9659.40000000	11.81049363	1.25858653	0.76520215	27141.92144167	7709.80522030	3586.90881895	21347.18199840	  155.32462795
9659.60000000	11.81024558	1.32079901	0.79140399	27140.70441818	7244.44954127	3283.24282746	21347.86158394	  155.32461573
9659.80000000	11.80999753	1.39023734	0.81592624	27139.63757042	6758.20932975	2988.67972804	21354.17507720	  155.32460346
9660.00000000	11.80974950	1.46706498	0.83890789	27138.70071454	6258.22001642	2704.69165528	21361.79982195	  155.32459117
9660.20000000	11.80950147	1.55115899	0.86042410	27137.79701854	5753.27057400	2433.53368632	21365.90479713	  155.32457890
9660.40000000	11.80925345	1.64183421	0.88040980	27136.87194295	5254.36513516	2178.52792734	21364.38373726	  155.32456672
9660.60000000	11.80900545	1.73827326	0.89879881	27135.91462400	4771.13800028	1942.13143128	21357.42490655	  155.32455465
9660.80000000	11.80875746	1.84035748	0.91599733	27135.01052545	4307.97222641	1723.69455853	21349.96039535	  155.32454259
9661.00000000	11.80850947	1.94773587	0.93245799	27134.23935526	3869.24928661	1522.87884232	21346.55962913	  155.32453041
9661.20000000	11.80826150	2.05909407	0.94806657	27133.62992822	3461.42323361	1341.26509637	21349.09705880	  155.32451801
9661.40000000	11.80801354	2.17161350	0.96252071	27133.17504391	3093.00667340	1181.30876212	21356.59531521	  155.32450543
9661.60000000	11.80776558	2.27988581	0.97539598	27132.81364185	2775.57524975	1046.51128642	21363.65667803	  155.32449288
9661.80000000	11.80751764	2.37848464	0.98650530	27132.39479410	2514.92695171	937.75970335	21366.14005854	  155.32448048
9662.00000000	11.80726971	2.46431928	0.99653743	27131.65658414	2308.00128236	852.01127192	21362.48846429	  155.32446825
9662.20000000	11.80702179	2.53552106	1.00595983	27130.65838433	2149.30242163	785.98584754	21354.64311975	  155.32445608
9662.40000000	11.80677388	2.59195415	1.01455882	27129.82184204	2031.30696978	736.47542998	21348.28374026	  155.32444381
9662.60000000	11.80652598	2.63449319	1.02261690	27129.10514268	1946.65780283	700.12040665	21346.91301825	  155.32443133
9662.80000000	11.80627809	2.66492729	1.03100593	27128.04396129	1888.23161455	673.43406105	21351.52333367	  155.32441861
9663.00000000	11.80603021	2.68617883	1.04017010	27126.69183654	1848.43502960	653.22688914	21359.34588618	  155.32440574
9663.20000000	11.80578235	2.70195579	1.05013849	27125.46286628	1819.41875755	636.59513579	21365.02318174	  155.32439291
9663.40000000	11.80553449	2.71567057	1.06081089	27124.23252236	1794.55476810	621.22997392	21365.59428618	  155.32438020
9663.60000000	11.80528664	2.73039638	1.07205069	27122.63114302	1768.21771006	605.27123530	21360.15455870	  155.32436763
9663.80000000	11.80503880	2.74826509	1.08381469	27121.07822139	1736.80310505	587.56490304	21352.23766673	  155.32435507
9664.00000000	11.80479098	2.77085538	1.09611800	27120.23417611	1697.95521841	567.39856294	21347.15852328	  155.32434233
9664.20000000	11.80454316	2.79892638	1.10892912	27119.75921776	1650.92577374	544.66033409	21347.53424983	  155.32432942
9664.40000000	11.80429536	2.83288212	1.12214858	27119.05855878	1595.76720953	519.54910250	21353.92032430	  155.32431639
9664.60000000	11.80404756	2.87274571	1.13545459	27118.26986743	1533.36084688	492.63209981	21361.89892067	  155.32430334
9664.80000000	11.80379978	2.91840990	1.14849094	27117.67676810	1464.88376711	464.53654797	21366.25473613	  155.32429036
9665.00000000	11.80355200	2.96967882	1.16137122	27117.21979829	1391.65003418	435.66525356	21364.86164709	  155.32427747
9665.20000000	11.80330424	3.02629952	1.17423270	27116.82335090	1315.02384707	406.41604762	21357.88728843	  155.32426466
9665.40000000	11.80305649	3.08792675	1.18680920	27116.63045538	1236.42044190	377.34750966	21350.29588153	  155.32425190
9665.60000000	11.80280874	3.15402342	1.19893919	27116.68744321	1157.34187809	348.95465345	21346.83109204	  155.32423917
9665.80000000	11.80256101	3.22366830	1.21125425	27116.69232473	1079.48189047	321.49507507	21349.30599626	  155.32422648
9666.00000000	11.80231329	3.29574724	1.22410437	27116.51897420	1004.40553869	295.31623834	21356.81015992	  155.32421384
9666.20000000	11.80206558	3.36911219	1.23660800	27116.49800499	933.35480833	271.01587930	21363.89458142	  155.32420125
9666.40000000	11.80181788	3.44268091	1.24792577	27116.71693706	867.16109884	248.96168418	21366.35717896	  155.32418872
9666.60000000	11.80157019	3.51575495	1.25799391	27116.78921469	806.05614143	229.10020529	21362.96613757	  155.32417618
9666.80000000	11.80132251	3.58734153	1.26697637	27116.64099611	750.36619278	211.36467817	21355.43824052	  155.32416361
9667.00000000	11.80107484	3.65594760	1.27522925	27116.65719069	700.61314542	195.72813355	21348.94831909	  155.32415105
9667.20000000	11.80082718	3.71976558	1.28227333	27116.98974278	657.30632386	182.34068290	21347.11486860	  155.32413855
9667.40000000	11.80057953	3.77673698	1.28649208	27117.51002597	620.91732877	171.52102799	21351.42182775	  155.32412616
9667.60000000	11.80033190	3.82489887	1.28770850	27118.12667084	591.73493582	163.26102340	21359.38757530	  155.32411383
9667.80000000	11.80008427	3.86251262	1.28734662	27118.79532817	569.90501004	157.29500909	21365.35319584	  155.32410145
9668.00000000	11.79983665	3.88765044	1.28458021	27119.50540159	555.77195943	153.81919495	21366.18617879	  155.32408892
9668.20000000	11.79958905	3.89850859	1.27705959	27120.27439228	549.78553666	153.31102104	21361.03118449	  155.32407626
9668.40000000	11.79934145	3.89451435	1.26551212	27121.17233109	552.00417789	155.71750370	21353.10940761	  155.32406356
9668.60000000	11.79909386	3.87621502	1.25230592	27122.27953223	562.22142580	160.70812771	21347.66196764	  155.32405100
9668.80000000	11.79884629	3.84523597	1.23778193	27123.52459431	579.93772290	168.19748413	21347.59638303	  155.32403860
9669.00000000	11.79859873	3.80367602	1.22159259	27124.75635168	604.57521835	178.20480978	21353.83676777	  155.32402629
9669.20000000	11.79835117	3.75320115	1.20442785	27125.76889355	635.89807418	190.68263270	21361.96344742	  155.32401400
9669.40000000	11.79810363	3.69537083	1.18706117	27126.41678574	673.77248216	205.57919122	21366.34696858	  155.32400161
9669.60000000	11.79785609	3.63189494	1.16947591	27126.93926314	717.94117703	222.94201835	21365.08233258	  155.32398910
9669.80000000	11.79760857	3.56454032	1.15178921	27127.60539842	767.98239971	242.73676962	21358.48640337	  155.32397647
9670.00000000	11.79736106	3.49538859	1.13507340	27128.36498950	822.99205299	264.50843587	21351.07715973	  155.32396386
9670.20000000	11.79711356	3.42629673	1.12002502	27129.10065256	881.88840473	287.73516873	21347.44558134	  155.32395137
9670.40000000	11.79686607	3.35889574	1.10651024	27129.71949168	943.39901423	311.99248145	21349.42127246	  155.32393904
9670.60000000	11.79661859	3.29407714	1.09444827	27130.13913735	1006.58973142	336.92997498	21356.45949979	  155.32392682
9670.80000000	11.79637112	3.23166404	1.08417994	27130.29320446	1071.42216933	362.33247647	21363.55829284	  155.32391452
9671.00000000	11.79612366	3.17172122	1.07538637	27130.32161676	1137.61135698	388.11421936	21366.42653002	  155.32390200
9671.20000000	11.79587621	3.11490185	1.06670300	27130.75085706	1204.14039588	414.39441879	21363.46681883	  155.32388929
9671.40000000	11.79562877	3.06161966	1.05814758	27131.56424661	1270.07775748	440.84168519	21355.96556614	  155.32387649
9671.60000000	11.79538134	3.01194566	1.05147067	27131.84096837	1334.77444524	466.40153768	21349.22387766	  155.32386372
9671.80000000	11.79513392	2.96551133	1.04669767	27131.44053804	1398.19469010	490.89954022	21347.09430758	  155.32385107
9672.00000000	11.79488651	2.92151495	1.04206810	27131.30187888	1461.07601510	515.35724592	21350.97609105	  155.32383854
9672.20000000	11.79463912	2.87897645	1.03720717	27131.72399423	1524.59258430	540.38147475	21358.76108363	  155.32382606
9672.40000000	11.79439173	2.83680897	1.03296678	27132.26684174	1590.28732035	566.06177112	21364.94164078	  155.32381352
9672.60000000	11.79414435	2.79449819	1.02961054	27132.64869675	1659.04073486	592.51980932	21366.16337264	  155.32380089
9672.80000000	11.79389699	2.75201735	1.02693876	27132.76350766	1731.04389857	619.88944902	21361.36742365	  155.32378816
9673.00000000	11.79364963	2.71010480	1.02477324	27132.62183176	1805.12881905	647.82072610	21353.44022088	  155.32377541
9673.20000000	11.79340229	2.66987577	1.02297872	27132.33297651	1879.20787998	675.61737874	21347.75540677	  155.32376279
9673.40000000	11.79315495	2.63215935	1.02161859	27132.21147620	1951.42970719	702.53763677	21347.24340901	  155.32375030
9673.60000000	11.79290763	2.59761512	1.02082437	27132.59500050	2020.04673960	727.81839069	21352.80592799	  155.32373788
9673.80000000	11.79266032	2.56695765	1.02054373	27133.09266345	2082.97354502	750.70143336	21360.75693912	  155.32372551
9674.00000000	11.79241301	2.54086032	1.02064805	27133.11792589	2138.05113211	770.47095242	21365.74564956	  155.32371318
9674.20000000	11.79216572	2.51975693	1.02095840	27132.97143940	2183.63893112	786.65486027	21365.28992113	  155.32370089
9674.40000000	11.79191844	2.50394549	1.02133515	27133.15370371	2218.45470460	798.89618671	21358.97833246	  155.32368867
9674.60000000	11.79167117	2.49339983	1.02186301	27133.50831886	2242.00287254	806.95013641	21351.16885861	  155.32367649
9674.80000000	11.79142391	2.48799378	1.02262078	27133.75681371	2254.17671021	810.71721886	21346.89270795	  155.32366432
9675.00000000	11.79117666	2.48743381	1.02341958	27133.91770757	2255.45271216	810.52842315	21348.20949020	  155.32365213
9675.20000000	11.79092942	2.49143492	1.02407446	27134.05123068	2246.45748529	806.76735524	21354.97027311	  155.32363993
9675.40000000	11.79068219	2.49975663	1.02460526	27134.12486132	2227.84672369	799.65912854	21362.42322435	  155.32362771
9675.60000000	11.79043497	2.51215531	1.02508382	27134.10168208	2200.39302873	789.42706847	21365.98483390	  155.32361552
9675.80000000	11.79018776	2.52829988	1.02561781	27133.97807495	2165.14399088	776.36621772	21363.70942593	  155.32360343
9676.00000000	11.78994056	2.54798908	1.02615601	27133.73208588	2122.91172819	760.81320637	21356.35444890	  155.32359144
9676.20000000	11.78969337	2.57130575	1.02629333	27133.29557978	2073.95175249	743.16478174	21349.29176642	  155.32357942
9676.40000000	11.78944619	2.59830869	1.02580299	27132.66955515	2018.65174387	723.70374708	21346.73255187	  155.32356724
9676.60000000	11.78919903	2.62891740	1.02487417	27131.97789530	1957.74956436	702.52201550	21350.00203556	  155.32355485
9676.80000000	11.78895187	2.66254500	1.02372830	27131.35373626	1892.96621337	680.05386119	21357.47736869	  155.32354231
9677.00000000	11.78870472	2.69784366	1.02256396	27130.91994532	1827.28337760	657.22188624	21363.98172934	  155.32352981
9677.20000000	11.78845759	2.73357201	1.02116030	27130.59458519	1763.12892574	635.03810605	21365.88843030	  155.32351746
9677.40000000	11.78821046	2.76872554	1.01879844	27130.08327379	1702.19339873	614.54028897	21361.75887902	  155.32350527
9677.60000000	11.78796335	2.80246439	1.01553980	27129.36148870	1645.67758404	596.07570631	21353.92678670	  155.32349313
9677.80000000	11.78771624	2.83410396	1.01224867	27128.65798424	1594.38279616	579.40012776	21347.90661629	  155.32348085
9678.00000000	11.78746915	2.86277218	1.00899275	27128.15467732	1549.29489643	564.85126695	21346.89930573	  155.32346837
9678.20000000	11.78722206	2.88744390	1.00519410	27127.96351013	1511.52814833	553.17938496	21351.90402377	  155.32345566
9678.40000000	11.78697499	2.90719526	1.00092323	27127.89210432	1481.96241906	544.68040687	21359.81951239	  155.32344286
9678.60000000	11.78672793	2.92127738	0.99666480	27127.62116464	1461.22491066	539.35044811	21365.32964889	  155.32343011
9678.80000000	11.78648087	2.92963949	0.99251734	27127.34270303	1449.04204850	537.07654252	21365.54909849	  155.32341748
9679.00000000	11.78623383	2.93266367	0.98838524	27127.44198941	1444.67179012	537.67387641	21359.58000234	  155.32340496
9679.20000000	11.78598680	2.93088056	0.98432992	27127.85976771	1447.27239483	540.83056218	21351.49972161	  155.32339244
9679.40000000	11.78573978	2.92491461	0.98045359	27128.36828316	1455.95984663	546.19008775	21346.81947224	  155.32337975
9679.60000000	11.78549277	2.91544645	0.97676012	27128.82029962	1469.83506302	553.43557600	21347.80555140	  155.32336688
9679.80000000	11.78524577	2.90323406	0.97327268	27129.16304816	1487.91411371	562.20008968	21354.53040537	  155.32335387
9680.00000000	11.78499878	2.88926520	0.97024790	27129.63275089	1508.87054663	571.84545127	21362.30360442	  155.32334085
9680.20000000	11.78475180	2.87449102	0.96782862	27130.42697701	1531.37318905	581.77949300	21366.12302949	  155.32332793
9680.40000000	11.78450483	2.85960674	0.96563960	27131.34448233	1554.38962188	591.81768418	21364.29889109	  155.32331510
9680.60000000	11.78425787	2.84515062	0.96344260	27132.17864488	1577.07175705	601.77431765	21357.37118898	  155.32330233
9680.80000000	11.78401092	2.83142967	0.96162048	27132.94571273	1598.90501379	611.21808738	21350.08870418	  155.32328961
9681.00000000	11.78376399	2.81865934	0.96038198	27133.70486761	1619.49980825	619.85813758	21346.82370453	  155.32327694
9681.20000000	11.78351706	2.80695212	0.95936474	27134.52414014	1638.62053178	627.81484415	21349.44243209	  155.32326431
9681.40000000	11.78327014	2.79630467	0.95837527	27135.32074706	1656.20949322	635.18199493	21357.02083770	  155.32325172
9681.60000000	11.78302324	2.78653169	0.95763890	27135.73687531	1672.50060313	641.90239215	21364.14865492	  155.32323918
9681.80000000	11.78277634	2.77737675	0.95731511	27135.69968264	1687.88022854	648.01484938	21366.66090914	  155.32322668
9682.00000000	11.78252945	2.76850442	0.95739802	27135.60594735	1702.91640690	653.73336820	21363.10256258	  155.32321418
9682.20000000	11.78228258	2.75961913	0.95757174	27135.59914855	1718.11430246	659.45312541	21355.27834437	  155.32320165
9682.40000000	11.78203571	2.75047952	0.95719274	27135.46559763	1733.88065120	665.75690113	21348.71208168	  155.32318911
9682.60000000	11.78178886	2.74087197	0.95639302	27135.20960157	1750.60275129	672.71543694	21347.02603482	  155.32317660
9682.80000000	11.78154202	2.73061245	0.95605498	27135.07241955	1768.64660654	679.87905764	21351.41822392	  155.32316420
9683.00000000	11.78129518	2.71959344	0.95636913	27135.07670191	1788.24338968	687.19626929	21359.35526750	  155.32315189
9683.20000000	11.78104836	2.70777410	0.95693438	27135.06411992	1809.50380901	694.97339605	21365.36812367	  155.32313951
9683.40000000	11.78080155	2.69516578	0.95741573	27135.09117400	1832.46487805	703.45332937	21366.27107018	  155.32312701
9683.60000000	11.78055474	2.68183310	0.95758570	27135.33843340	1857.07706007	712.78038326	21361.00310957	  155.32311437
9683.80000000	11.78030795	2.66802880	0.95766998	27135.65034020	1882.91211437	722.63544913	21352.95015495	  155.32310170
9684.00000000	11.78006117	2.65409699	0.95809630	27135.71862946	1909.33287329	732.46303758	21347.70923331	  155.32308914
9684.20000000	11.77981440	2.64032594	0.95894877	27135.60587399	1935.80022903	741.98372107	21347.88743321	  155.32307676
9684.40000000	11.77956764	2.62694493	0.96012464	27135.52356720	1961.87132275	751.09294953	21353.93164765	  155.32306450
9684.60000000	11.77932089	2.61401088	0.96134227	27135.48509419	1987.40824604	759.94374798	21361.78022807	  155.32305227
9684.80000000	11.77907415	2.60152840	0.96235051	27135.44594961	2012.36860402	768.71262684	21366.21761795	  155.32303996
9685.00000000	11.77882742	2.58956794	0.96336145	27135.46784781	2036.58362313	777.17654307	21365.21198937	  155.32302749
9685.20000000	11.77858070	2.57824248	0.96464524	27135.61899573	2059.79143987	785.02438289	21358.78417602	  155.32301487
9685.40000000	11.77833399	2.56776116	0.96614801	27135.85298903	2081.51226845	792.11132696	21351.23242915	  155.32300225
9685.60000000	11.77808729	2.55829830	0.96775986	27136.08781326	2101.32099662	798.36158355	21347.20689850	  155.32298978
9685.80000000	11.77784061	2.54984693	0.96944445	27136.22182766	2119.16576647	803.78621300	21348.81372068	  155.32297746
9686.00000000	11.77759393	2.54231799	0.97119345	27136.22544009	2135.18132517	808.44560887	21355.84572946	  155.32296524
9688.00000000	11.77512773	2.47898373	0.99265884	27134.24853261	2274.61995490	842.95150032	21366.21592876	  155.32283932
9690.00000000	11.77266257	2.35677643	1.01538670	27136.62282429	2570.51888291	931.20212072	21351.72664039	  155.32271494
9692.00000000	11.77019845	2.26513085	1.03571144	27139.28790520	2817.50450086	1000.14013093	21348.65855729	  155.32259341
9694.00000000	11.76773536	2.23105153	1.04737662	27135.37994774	2914.75824956	1022.66326119	21364.49388433	  155.32246859
9696.00000000	11.76527332	2.21515103	1.05031470	27128.20636412	2960.69187079	1035.73185210	21359.11828201	  155.32234075
9698.00000000	11.76281231	2.24735299	1.04651754	27123.98959476	2866.42489765	1006.56951649	21346.74025493	  155.32221486
9700.00000000	11.76035234	2.31434170	1.03377594	27121.15836044	2680.41725346	953.32112726	21359.41414590	  155.32209020
9702.00000000	11.75789341	2.39583713	1.01967675	27119.10047754	2470.45208751	891.12052881	21365.29611227	  155.32196587
9704.00000000	11.75543551	2.47219527	1.00878825	27115.63369200	2288.54255537	834.54128100	21349.35356747	  155.32183913
9706.00000000	11.75297865	2.54287972	1.00526796	27118.01448536	2132.55017372	780.39940837	21350.97967718	  155.32171618
9708.00000000	11.75052282	2.62783723	1.00928494	27121.53950342	1959.11138751	714.05596120	21365.12164221	  155.32159381
9710.00000000	11.74806803	2.73560945	1.01764377	27121.75837142	1758.96724389	635.77094700	21356.39752914	  155.32146915
9712.00000000	11.74561426	2.86391197	1.02582746	27121.65538469	1547.15928566	554.65613808	21346.57129151	  155.32134112
9714.00000000	11.74316153	2.90452249	1.02465811	27122.19393727	1485.61654193	533.21623378	21361.11873303	  155.32121642
9716.00000000	11.74070983	2.80803708	1.01703849	27117.90733905	1635.84128804	591.62560179	21364.22921653	  155.32109242
9718.00000000	11.73825917	2.68812652	1.01235554	27111.26473372	1843.78918439	669.96303361	21348.41569201	  155.32096758
9720.00000000	11.73580953	2.63037072	1.00955469	27111.49720041	1953.43071161	711.79343749	21352.08769915	  155.32084226
9722.00000000	11.73336092	2.61801159	1.00880373	27112.61104129	1977.80448381	721.21618379	21365.47315313	  155.32072053
9724.00000000	11.73091334	2.60657794	1.00976415	27110.44670758	2000.38806877	728.75115546	21355.41984401	  155.32059871
9726.00000000	11.72846679	2.60607611	1.01301876	27107.98217052	2001.21023814	726.68175760	21346.51045194	  155.32047339
9728.00000000	11.72602127	2.63737143	1.01795885	27104.20910570	1939.28161020	700.72396005	21360.83913007	  155.32034630
9730.00000000	11.72357677	2.68021169	1.02514174	27107.92762600	1858.21162019	666.62526993	21364.34166425	  155.32022252
9732.00000000	11.72113330	2.71309111	1.03216224	27107.16744756	1798.05777629	640.53265522	21348.81411177	  155.32009870
9734.00000000	11.71869086	2.74171178	1.03674881	27108.44150467	1747.40773804	619.64074428	21351.84810295	  155.31997446
9736.00000000	11.71624944	2.77545731	1.03852399	27103.52775279	1689.11814065	597.90858229	21365.41988255	  155.31985025
9738.00000000	11.71380905	2.79287964	1.03477680	27098.42405002	1659.63207610	589.67669891	21356.37825939	  155.31972950
9740.00000000	11.71136967	2.77742681	1.02632090	27094.92354260	1685.25953043	603.86698869	21346.16812635	  155.31960752
9742.00000000	11.70893133	2.74077353	1.01522176	27091.31662580	1747.94311107	633.31836828	21359.67593521	  155.31948109
9744.00000000	11.70649400	2.69565034	1.00248055	27088.54767259	1828.43553848	670.97738317	21364.83533052	  155.31935538
9746.00000000	11.70405770	2.64945799	0.99045183	27085.69481057	1914.67468021	711.12710406	21350.09303612	  155.31923153
9748.00000000	11.70162242	2.60394887	0.98328571	27083.74377960	2003.67865480	749.53602574	21350.19283188	  155.31910852
9750.00000000	11.69918816	2.55709545	0.97701712	27078.36035371	2099.37450854	790.27233089	21364.92457180	  155.31898406
9752.00000000	11.69675491	2.51088556	0.97031360	27076.95499852	2198.54865552	833.17117922	21359.06426151	  155.31886051
9754.00000000	11.69432269	2.47250740	0.96549822	27081.56465911	2284.95383522	870.09541419	21346.32185433	  155.31874031
9756.00000000	11.69189149	2.44440145	0.96025915	27085.10194482	2350.39261363	899.71542167	21356.18739606	  155.31861766
9758.00000000	11.68946130	2.42736246	0.95640974	27083.89900546	2390.67788990	918.66588995	21365.81806767	  155.31849122
9760.00000000	11.68703213	2.42123874	0.95521329	27080.53240316	2405.06365439	925.30032639	21352.70078633	  155.31836654
9762.00000000	11.68460398	2.42620244	0.95845292	27081.04464547	2393.20049235	917.75818651	21347.53276806	  155.31824309
9764.00000000	11.68217684	2.44096465	0.96212589	27078.02294088	2357.86792430	900.89361908	21362.52873697	  155.31812081
9766.00000000	11.67975072	2.46384713	0.96705034	27079.50283809	2304.65262022	876.23550870	21362.93513945	  155.31799598
9768.00000000	11.67732562	2.49254505	0.97182297	27081.70782011	2239.63624720	847.46180658	21347.84968464	  155.31787386
9770.00000000	11.67490153	2.52573294	0.97671233	27075.92777300	2166.06491086	815.62530903	21351.38291177	  155.31775396
9772.00000000	11.67247845	2.55974802	0.98138339	27075.58388634	2093.59846810	784.66449123	21365.26662964	  155.31763133
9774.00000000	11.67005638	2.58561176	0.98775470	27070.59558285	2039.76854369	759.63414043	21357.65727409	  155.31750574
9776.00000000	11.66763533	2.60178138	0.99240986	27059.51006902	2006.22958816	743.67383876	21346.48686426	  155.31738227
9778.00000000	11.66521529	2.61290274	0.99594390	27055.25710459	1983.72937802	732.73929721	21357.52318279	  155.31726017
9780.00000000	11.66279626	2.61749098	0.99649853	27057.86546907	1974.83876976	729.05086569	21365.92763962	  155.31713820
9782.00000000	11.66037823	2.61428664	0.99429551	27056.50865609	1981.07762777	732.96703257	21352.21259195	  155.31701419
9784.00000000	11.65796122	2.60752408	0.99081083	27061.93640733	1994.92030673	740.66508657	21347.27874221	  155.31689348
9786.00000000	11.65554522	2.60261759	0.98660548	27056.80402252	2004.35220119	747.30299632	21361.56128992	  155.31677389
9788.00000000	11.65313023	2.60351524	0.98394627	27050.81640031	2002.11063882	748.45490680	21363.54920936	  155.31665188
9790.00000000	11.65071624	2.61217810	0.98118076	27042.42729806	1984.22600092	743.82324442	21348.84588948	  155.31652677
9792.00000000	11.64830326	2.62507248	0.97907003	27038.98209432	1958.55533652	735.75146562	21350.78066311	  155.31640434
9794.00000000	11.64589129	2.63683945	0.97740317	27036.29827837	1935.45199961	728.28539754	21365.05595529	  155.31628291
9796.00000000	11.64348032	2.64246256	0.97359268	27027.68080791	1923.98585492	726.73478148	21360.42357822	  155.31616106
9798.00000000	11.64107036	2.63569106	0.96967420	27021.71045306	1936.63044305	734.38297276	21346.90345008	  155.31603789
9800.00000000	11.63866140	2.61715900	0.96472944	27016.68523082	1972.48790599	751.68810579	21354.00646984	  155.31591830
9802.00000000	11.63625345	2.59345104	0.96009086	27015.54538921	2019.72509661	773.26810946	21365.56424026	  155.31579909
9804.00000000	11.63384650	2.56889182	0.95537695	27020.49279496	2070.32116504	796.38447106	21356.15362732	  155.31567762
9806.00000000	11.63144055	2.54639812	0.94948942	27023.13213156	2117.62488456	819.39067153	21346.43334099	  155.31555300
9808.00000000	11.62903561	2.52769474	0.94427845	27020.24939801	2157.37418517	839.13252679	21357.73618835	  155.31543145
9810.00000000	11.62663166	2.51455529	0.93713141	27022.23446412	2186.06852746	856.39233708	21365.92128577	  155.31531075
9812.00000000	11.62422872	2.50718136	0.93172012	27021.11513808	2202.15680300	867.37586366	21353.11280140	  155.31518931
9814.00000000	11.62182678	2.50635158	0.92611670	27017.68735030	2203.70527031	872.86310948	21346.73658620	  155.31506727
9816.00000000	11.61942583	2.51342226	0.92226355	27014.73384028	2187.93933602	869.96404757	21360.01886575	  155.31494864
9818.00000000	11.61702589	2.52780420	0.91914070	27008.35862802	2156.18874358	860.02097289	21364.20739971	  155.31483020
9820.00000000	11.61462694	2.54571004	0.91976622	27000.45172069	2117.30393662	843.98321523	21350.37657510	  155.31470918
9822.00000000	11.61222899	2.56334802	0.92205440	27002.16530594	2080.41842097	827.38482407	21347.76077970	  155.31458535
9824.00000000	11.60983204	2.57702029	0.92498429	27003.04546928	2052.23483515	813.78837608	21362.50155933	  155.31446472
9826.00000000	11.60743608	2.58783879	0.92804785	26996.97496872	2029.69601696	802.38895348	21363.41970282	  155.31434473
9828.00000000	11.60504112	2.59535148	0.93001021	26992.12152045	2014.14251135	794.67928901	21348.77281243	  155.31422380
9830.00000000	11.60264716	2.59843137	0.93138611	26982.46008438	2007.22998712	790.86305925	21348.95086993	  155.31410270
9832.00000000	11.60025419	2.59681295	0.93171002	26976.62934004	2010.04672021	791.71637925	21363.08993079	  155.31398499
9834.00000000	11.59786221	2.59284355	0.93080829	26975.96448512	2017.99151759	795.56273901	21361.55754207	  155.31386757
9836.00000000	11.59547123	2.58892842	0.92964439	26972.01139493	2025.61081432	799.49651886	21347.40988873	  155.31374727
9838.00000000	11.59308124	2.58453694	0.92791767	26968.49151177	2034.26029467	804.29801672	21350.57552437	  155.31362446
9840.00000000	11.59069224	2.57682420	0.92753374	26965.02534274	2049.74719160	810.73237432	21364.41846413	  155.31350515
9842.00000000	11.58830423	2.56517815	0.92649061	26956.49628183	2073.10226753	820.82573679	21360.89989610	  155.31338611
9844.00000000	11.58591721	2.55145872	0.92533845	26951.57098459	2101.35604328	832.97172664	21347.40111632	  155.31326646
9846.00000000	11.58353119	2.53877084	0.92417593	26944.75619707	2127.64953619	844.37542993	21351.28352008	  155.31314672
9848.00000000	11.58114615	2.52752869	0.92330580	26935.38328986	2150.95535084	854.36762210	21364.17180096	  155.31303039
9850.00000000	11.57876210	2.51675932	0.92304531	26927.10318834	2173.57659510	863.57778587	21359.87941059	  155.31291443
9852.00000000	11.57637904	2.50458417	0.92271388	26922.65390541	2199.83843648	874.30153275	21346.68514222	  155.31279560
9854.00000000	11.57399697	2.49103445	0.92182418	26910.88186645	2228.87346128	886.62966546	21351.90694586	  155.31267456
9856.00000000	11.57161588	2.47780295	0.92116777	26894.31905608	2257.17069152	898.47567726	21365.06260574	  155.31255699
9858.00000000	11.56923579	2.46567374	0.91929356	26872.90532189	2282.89596788	910.42043879	21359.82430617	  155.31243942
9860.00000000	11.56685667	2.45525726	0.91752498	26851.84410326	2304.99208639	920.85956694	21347.13985036	  155.31232182
9862.00000000	11.56447854	2.44733936	0.91581897	26831.02327870	2321.51373386	929.04367514	21351.63999122	  155.31220392
9864.00000000	11.56210140	2.44270935	0.91451100	26800.47273008	2329.63168047	933.51259266	21364.18780948	  155.31208967
9866.00000000	11.55972524	2.44181623	0.91185180	26763.39863225	2328.48769994	935.53866732	21359.40753671	  155.31197552
9868.00000000	11.55735007	2.44435576	0.90730748	26707.27002209	2317.71097905	935.45014052	21346.69660798	  155.31185859
9870.00000000	11.55497587	2.44921466	0.90292726	26616.76517924	2298.66065734	931.83396701	21351.32456063	  155.31173956
9872.00000000	11.55260266	2.45478053	0.89922715	26471.79244168	2273.45159230	925.03107142	21364.54806122	  155.31162383
9874.00000000	11.55023043	2.46159922	0.89567615	26152.37894310	2230.75687921	910.88810723	21360.74892864	  155.31150838
9876.00000000	11.54785918	2.46979357	0.89249565	25097.18000906	2123.27969993	869.76368758	21347.40815674	  155.31139251
9878.00000000	11.54548891	2.48277160	0.89070373	21996.71603936	1836.97751693	753.83470344	21350.32797829	  155.31127640
9880.00000000	11.54311962	2.49757202	0.88241624	21640.19486911	1780.65350643	736.80220412	21363.40623424	  155.31116369
9882.00000000	11.54075131	2.50800950	0.87833284	21482.58695261	1749.33060020	726.80312535	21361.37940906	  155.31105113
9884.00000000	11.53838398	2.50084200	0.87222716	21621.49782705	1773.30687175	741.27687960	21347.95235077	  155.31093571
9886.00000000	11.53601763	2.49727950	0.87000365	24811.40073894	2042.19201875	855.57638679	21349.05281438	  155.31081803
9888.00000000	11.53365225	2.51268374	0.87010558	26688.50514715	2163.11478194	906.14461465	21362.70207716	  155.31070340
9890.00000000	11.53128785	2.51932865	0.86809814	26984.14053977	2172.59141583	911.94327874	21363.08774660	  155.31058889
9892.00000000	11.52892443	2.52151423	0.86652717	27048.55277955	2173.02297718	913.55847507	21349.49190287	  155.31047382
9894.00000000	11.52656198	2.52110372	0.86550915	27065.91051715	2175.31025417	915.45153717	21347.45248698	  155.31035830
9896.00000000	11.52420051	2.51857770	0.86510084	27065.85669950	2180.80773997	918.13989772	21360.55084206	  155.31024596
9898.00000000	11.52184001	2.51467825	0.86530024	27064.87200045	2189.24865068	921.50982823	21363.88546448	  155.31013370
9900.00000000	11.51948048	2.50975059	0.86485730	27061.63379895	2199.79991445	926.36134781	21350.93125080	  155.31001889
9902.00000000	11.51712193	2.50373512	0.86464299	27061.73198324	2213.08066058	932.15377411	21346.35393014	  155.30990130
9904.00000000	11.51476435	2.49752060	0.86369776	27057.04830863	2226.49129513	938.68922116	21358.98083663	  155.30978663
9906.00000000	11.51240774	2.49129330	0.86331251	27048.36643104	2239.68070177	944.61371667	21365.10560671	  155.30967239
9908.00000000	11.51005210	2.48568393	0.86237965	27035.32273673	2251.19307809	950.35534400	21354.17024279	  155.30955750
9910.00000000	11.50769743	2.48196138	0.86132953	27028.68068483	2259.03373185	954.66731756	21345.72205340	  155.30944197
9912.00000000	11.50534373	2.48030414	0.86130829	27023.37097404	2262.33608986	956.08319800	21355.30060721	  155.30932952
9914.00000000	11.50299100	2.47928156	0.85985482	27018.94510472	2264.27979114	958.29646528	21364.93082466	  155.30921723
9916.00000000	11.50063924	2.47661440	0.85843035	27019.77899564	2270.39710329	962.25518677	21357.29895717	  155.30910272
9918.00000000	11.49828845	2.47178150	0.85690215	27016.85213909	2281.14914209	968.29079919	21346.49707751	  155.30898522
9920.00000000	11.49593863	2.46591938	0.85595516	27014.91446975	2294.39622396	974.83657874	21352.23075389	  155.30887038
9922.00000000	11.49358977	2.46000271	0.85463333	27005.38242242	2307.19727163	981.57206885	21364.50923845	  155.30875622
9924.00000000	11.49124188	2.45501684	0.85381298	27010.11451755	2319.13569012	987.46087189	21361.36920993	  155.30864167
9926.00000000	11.48889496	2.45083292	0.85207428	27008.61699675	2328.72996384	993.27149922	21348.48955074	  155.30852558
9928.00000000	11.48654900	2.44741420	0.85134511	27005.45106139	2336.43097112	997.28313026	21348.61651913	  155.30841297
9930.00000000	11.48420400	2.44406470	0.85015058	27005.81122230	2344.30122932	1001.83848147	21361.38126589	  155.30830084
9932.00000000	11.48185997	2.44034631	0.84833920	27006.08661882	2353.05848493	1007.40403885	21364.30344193	  155.30818627
9934.00000000	11.47951690	2.43613351	0.84755222	26999.62074424	2362.42660213	1012.21104098	21352.06348470	  155.30806883
9936.00000000	11.47717480	2.43236742	0.84535522	26989.33575001	2370.43717558	1017.87709475	21346.82397308	  155.30795346
9938.00000000	11.47483365	2.42964584	0.84394656	26986.03814632	2376.60686204	1021.96498056	21357.86837129	  155.30783897
9940.00000000	11.47249347	2.42743207	0.84178910	26981.96049911	2381.51405956	1026.28690790	21365.75067118	  155.30772475
9942.00000000	11.47015425	2.42527228	0.84011596	26980.20230144	2386.50765301	1030.16099897	21356.97241303	  155.30760833
9944.00000000	11.46781599	2.42306650	0.83862333	26974.71933133	2391.29153523	1033.76789461	21346.55519607	  155.30749476
9946.00000000	11.46547869	2.42123018	0.83662409	26974.38444814	2395.65698331	1037.72769883	21351.89834096	  155.30738288
9948.00000000	11.46314235	2.41998187	0.83448434	26972.91951525	2398.51911568	1041.19299926	21364.03241937	  155.30726828
9950.00000000	11.46080696	2.41944722	0.83260941	26969.22146495	2399.47281607	1043.56177373	21361.96106724	  155.30715083
9952.00000000	11.45847254	2.41919070	0.83045439	26970.89321289	2400.23717243	1046.14623803	21349.41016634	  155.30703487
9954.00000000	11.45613907	2.41998136	0.82773904	26970.80191005	2398.33202667	1048.15813787	21347.85729690	  155.30691997
9956.00000000	11.45380656	2.42068899	0.82393946	26964.39682463	2396.06634259	1051.15431353	21360.40299876	  155.30680576
9958.00000000	11.45147500	2.42163411	0.82196045	26961.91457270	2393.58247206	1052.14478440	21365.25036019	  155.30668946
9960.00000000	11.44914440	2.42300044	0.81893744	26960.05667370	2390.14957045	1053.81667874	21354.25483364	  155.30657483
9962.00000000	11.44681476	2.42534835	0.81593391	26955.74445485	2384.16290817	1054.33915050	21345.79867804	  155.30646298
9964.00000000	11.44448607	2.42834061	0.81282542	26953.46780900	2376.83875931	1054.37263160	21353.49186415	  155.30634867
9966.00000000	11.44215833	2.43120966	0.81067238	26952.80948719	2369.97139283	1053.59223777	21364.60657800	  155.30623091
9968.00000000	11.43983155	2.43259660	0.80862743	26950.40060618	2366.47514284	1054.19151809	21360.79964063	  155.30611439
9970.00000000	11.43750572	2.43167822	0.80575541	26941.87302542	2367.89997566	1057.86006746	21348.67114460	  155.30599916
9972.00000000	11.43518084	2.42842399	0.80395109	26935.57609901	2375.06296771	1062.97636475	21348.26920686	  155.30588453
9974.00000000	11.43285691	2.42342471	0.80243292	26929.11386150	2386.39365178	1069.67019315	21360.49131951	  155.30576883
9976.00000000	11.43053394	2.41799412	0.80081216	26921.42692705	2398.70352290	1076.93197748	21364.74912308	  155.30565356
9978.00000000	11.42821191	2.41289762	0.79876730	26924.21743636	2411.20961123	1084.76268244	21354.33353515	  155.30554163
9980.00000000	11.42589084	2.40787054	0.79731435	26929.34018190	2423.82256950	1092.02254492	21345.91651999	  155.30542859
9982.00000000	11.42357071	2.40223391	0.79596190	26928.30245094	2437.42939835	1099.63913120	21352.99475960	  155.30531160
9984.00000000	11.42125153	2.39574835	0.79422634	26925.81396668	2453.06214860	1108.61419581	21364.28996055	  155.30519463
9986.00000000	11.41893330	2.38850763	0.79218469	26925.58444027	2470.86747811	1118.94313274	21362.13227427	  155.30508017
9988.00000000	11.41661602	2.38102083	0.79058856	26924.26785501	2489.31408118	1129.09749958	21349.87998256	  155.30496539
9990.00000000	11.41429968	2.37441694	0.78891198	26926.50355060	2506.01569816	1138.58030054	21347.06646711	  155.30485033
9992.00000000	11.41198429	2.36943856	0.78763945	26926.86142408	2518.55617173	1145.73498048	21358.03128811	  155.30473541
9994.00000000	11.40966984	2.36656894	0.78597931	26926.11942069	2525.72426306	1150.90495561	21365.17286307	  155.30462342
9996.00000000	11.40735634	2.36509711	0.78478343	26923.46628741	2529.19519353	1153.86562827	21357.31592315	  155.30451145
9998.00000000	11.40504379	2.36440172	0.78386695	26918.04476101	2530.44493019	1155.49427266	21346.62647590	  155.30439662
10000.00000000	11.40273218	2.36375980	0.78281823	26911.42610373	2531.44721010	1157.16486477	21349.99387194	  155.30427929
10002.00000000	11.40042151	2.36313876	0.78090590	26906.25433217	2532.53302667	1159.87715410	21362.65314895	  155.30416530
10004.00000000	11.39811178	2.36266852	0.77961200	26895.94214901	2532.75312273	1161.47982234	21364.82439182	  155.30405151
10006.00000000	11.39580300	2.36195808	0.77836070	26894.01225807	2534.37128005	1163.67708200	21353.51330010	  155.30393723
10008.00000000	11.39349516	2.36091845	0.77754616	26893.15295933	2536.92638989	1165.79948002	21345.85235081	  155.30382198
10010.00000000	11.39118826	2.35978587	0.77585338	26889.75105161	2539.48001748	1168.95006235	21353.41325797	  155.30371026
10012.00000000	11.38888230	2.35876270	0.77457160	26890.62291189	2542.16207916	1171.68552473	21364.06853822	  155.30359874
10014.00000000	11.38657728	2.35833271	0.77343020	26890.36465851	2543.23100025	1173.51688060	21362.01833114	  155.30348500
10016.00000000	11.38427319	2.35875943	0.77222591	26882.77717162	2541.42868112	1174.09834595	21350.03945778	  155.30336842
10018.00000000	11.38197005	2.35977570	0.77091595	26873.45396512	2537.96673108	1174.03591722	21346.58408119	  155.30325421
10020.00000000	11.37966785	2.36084374	0.76937564	26878.72690175	2535.75497635	1174.82097395	21357.12411189	  155.30314087
10022.00000000	11.37736658	2.36159700	0.76816709	26873.61775311	2533.36396257	1175.13255584	21365.29480208	  155.30302775
10024.00000000	11.37506625	2.36150630	0.76645918	26867.71932444	2533.03765857	1176.98967536	21359.66643095	  155.30291272
10026.00000000	11.37276685	2.36102187	0.76597245	26865.52148790	2534.05772973	1178.03690030	21348.02335206	  155.30280017
10028.00000000	11.37046839	2.36083615	0.76371991	26862.67348540	2534.25971303	1180.78758004	21347.28802937	  155.30268973
10030.00000000	11.36817087	2.36085692	0.76325766	26855.59641296	2533.53943897	1180.99777346	21358.93609233	  155.30257691
10032.00000000	11.36587428	2.36134064	0.76076052	26855.62281121	2532.31669071	1183.37917868	21365.12526175	  155.30246087
10034.00000000	11.36357863	2.36136782	0.75933074	26853.45094158	2532.04309277	1184.94432027	21357.56868264	  155.30234629
10036.00000000	11.36128391	2.36078962	0.75747163	26852.60920657	2533.42811720	1187.79867329	21347.17912314	  155.30223285
10038.00000000	11.35899012	2.36002141	0.75563171	26850.49602871	2535.17556030	1190.80694635	21349.20002648	  155.30212008
10040.00000000	11.35669726	2.35889516	0.75367922	26846.10908149	2537.61772262	1194.28360857	21360.68608599	  155.30200604
10042.00000000	11.35440534	2.35748150	0.75195669	26838.79350390	2540.51511798	1197.70853061	21364.67760790	  155.30189265
10044.00000000	11.35211434	2.35614460	0.74978697	26832.74184761	2543.34019874	1201.64479622	21355.95645201	  155.30178249
10046.00000000	11.34982428	2.35443602	0.74748459	26831.81692575	2547.60158759	1206.43263678	21346.22403953	  155.30167146
10048.00000000	11.34753515	2.35252436	0.74521885	26832.70882678	2552.56122894	1211.52319183	21349.42231711	  155.30155662
10050.00000000	11.34524694	2.35019143	0.74304041	26832.08931069	2558.46406177	1216.97308138	21361.11331545	  155.30144125
10052.00000000	11.34295967	2.34758851	0.74092764	26830.63441949	2564.99313859	1222.65920658	21364.67023425	  155.30132861
10054.00000000	11.34067332	2.34485213	0.73941093	26827.88140807	2571.75764128	1227.74437230	21355.52506650	  155.30121587
10056.00000000	11.33838791	2.34199476	0.73746476	26826.14147654	2578.94933956	1233.57606539	21346.16428749	  155.30110275
10058.00000000	11.33610341	2.33927135	0.73585487	26826.10558919	2585.97897206	1238.93145288	21349.37246424	  155.30098912
10060.00000000	11.33381985	2.33650284	0.73381086	26826.47834420	2593.18424761	1244.92551900	21360.94056343	  155.30087881
10062.00000000	11.33153721	2.33344384	0.73204081	26824.60574720	2600.94737289	1250.86454149	21364.44308607	  155.30076855
10064.00000000	11.32925550	2.33012112	0.73024993	26820.29597524	2609.18470204	1257.07534686	21355.09502150	  155.30065600
10066.00000000	11.32697471	2.32657270	0.72804694	26819.60914623	2618.39255416	1264.29374781	21346.10980536	  155.30054061
10068.00000000	11.32469485	2.32317611	0.72699321	26821.51630440	2627.48811787	1270.02310611	21349.50457219	  155.30042793
10070.00000000	11.32241590	2.32000250	0.72520270	26817.52889528	2635.44812598	1276.15358001	21360.96326482	  155.30031591
10072.00000000	11.32013789	2.31709011	0.72353563	26808.30964377	2642.22612097	1281.57034715	21364.89270891	  155.30020410
10074.00000000	11.31786079	2.31437232	0.72176607	26801.29418670	2648.72359356	1286.99724881	21356.16332780	  155.30009032
10076.00000000	11.31558462	2.31181849	0.71994105	26793.75412924	2654.74954388	1292.28151326	21346.50706614	  155.29997942
10078.00000000	11.31330937	2.30946445	0.71849844	26793.41820175	2660.97292790	1297.18091450	21348.07065790	  155.29987023
10080.00000000	11.31103504	2.30706527	0.71725057	26792.90375247	2667.31352481	1301.89542458	21359.41242905	  155.29975874
10082.00000000	11.30876163	2.30434165	0.71505492	26791.36388091	2674.43447620	1308.24039727	21364.94934076	  155.29964406
10084.00000000	11.30648914	2.30148766	0.71360966	26787.00961399	2681.64227762	1313.66342028	21357.97559957	  155.29953096
10086.00000000	11.30421757	2.29852878	0.71207003	26782.71554453	2689.15752940	1319.37472517	21347.60988783	  155.29941884
10088.00000000	11.30194692	2.29584449	0.71074942	26777.42558412	2695.85311398	1324.40763120	21347.46531826	  155.29930737
10090.00000000	11.29967719	2.29330770	0.70882391	26767.37717287	2701.68641102	1329.83152393	21358.02724066	  155.29919467
10092.00000000	11.29740837	2.29118406	0.70757840	26762.04606534	2706.89068461	1334.05373574	21364.72388734	  155.29908229
10094.00000000	11.29514047	2.28942848	0.70598961	26761.28683894	2711.57011591	1338.48481600	21359.79589279	  155.29897307
10096.00000000	11.29287349	2.28805921	0.70425095	26758.46000511	2714.99871033	1342.50936993	21348.81398678	  155.29886321
10098.00000000	11.29060742	2.28678611	0.70254830	26758.84439229	2718.49642377	1346.52963260	21345.70231916	  155.29874980
10100.00000000	11.28834227	2.28538684	0.70133395	26763.12963453	2722.73896032	1350.26975890	21354.80843211	  155.29863502
10102.00000000	11.28607803	2.28407182	0.69990968	26762.67955522	2726.27590764	1353.95082706	21364.32684560	  155.29852324
10104.00000000	11.28381471	2.28244908	0.69822892	26760.61971875	2730.49336957	1358.32646040	21362.61514580	  155.29841143
10106.00000000	11.28155230	2.28115573	0.69679426	26760.62060654	2734.02721726	1362.03708701	21351.77766613	  155.29829909
10108.00000000	11.27929081	2.28004682	0.69544946	26760.18303111	2737.01593334	1365.36090321	21345.25395642	  155.29818572
10110.00000000	11.27703022	2.27937929	0.69482804	26759.35738577	2738.75908236	1367.07974196	21351.00283915	  155.29807554
10112.00000000	11.27477055	2.27904994	0.69336399	26755.08263254	2739.22358608	1369.31487830	21361.66920016	  155.29796575
10114.00000000	11.27251179	2.27878494	0.69207158	26754.39347989	2739.87900221	1371.41379888	21364.28504818	  155.29785392
10116.00000000	11.27025395	2.27839528	0.69041413	26751.18258634	2740.61787436	1374.05918107	21355.50596761	  155.29773896
10118.00000000	11.26799701	2.27789828	0.68877878	26750.62726719	2741.92338713	1376.96370230	21346.58178120	  155.29762617
10120.00000000	11.26574098	2.27733267	0.68706403	26746.72029841	2743.07399008	1379.90568318	21348.07770400	  155.29751412
10122.00000000	11.26348586	2.27641430	0.68585833	26741.71263060	2745.08026763	1382.58092214	21358.50448291	  155.29740287
10124.00000000	11.26123165	2.27536461	0.68484472	26733.97539269	2747.16819676	1385.03569965	21365.05764155	  155.29728963
10126.00000000	11.25897835	2.27394173	0.68350102	26728.42605132	2750.50879723	1388.58450795	21360.14262834	  155.29717780
10128.00000000	11.25672595	2.27245173	0.68146902	26724.48117005	2754.20355553	1393.27806807	21349.24456780	  155.29706877
10130.00000000	11.25447446	2.27061825	0.68021832	26718.05396327	2758.59438576	1397.24571252	21345.72193553	  155.29695824
10132.00000000	11.25222388	2.26881898	0.67897586	26716.23850844	2763.37452338	1401.40698755	21353.02776409	  155.29684407
10134.00000000	11.24997421	2.26672019	0.67768040	26713.49586939	2768.89606286	1406.02743546	21363.13473296	  155.29672990
10136.00000000	11.24772544	2.26466466	0.67636093	26709.93487657	2774.22361360	1410.59273848	21364.31276470	  155.29661802
10138.00000000	11.24547757	2.26245125	0.67459894	26702.43346953	2779.59006154	1415.81383812	21355.05286867	  155.29650618
10140.00000000	11.24323061	2.26012016	0.67324032	26695.84909340	2785.39009043	1420.69702680	21346.40300723	  155.29639377
10142.00000000	11.24098455	2.25782420	0.67181699	26685.05489627	2790.66374685	1425.41425421	21347.64355423	  155.29628109
10144.00000000	11.23873940	2.25580055	0.66991522	26597.09688994	2787.09970099	1426.30373455	21357.92815579	  155.29617140
10146.00000000	11.23649514	2.25356514	0.66880830	26581.19821064	2791.66723380	1430.22345362	21364.51163674	  155.29606182
10148.00000000	11.23425180	2.25165193	0.66719661	26665.66267313	2805.90117259	1439.83446772	21360.80084749	  155.29595002
10150.00000000	11.23200935	2.25008873	0.66536515	26679.72041174	2811.77232964	1445.49215344	21350.27913518	  155.29583532
10152.00000000	11.22976780	2.24879226	0.66344087	26675.89643606	2815.01655383	1449.94738730	21345.78917426	  155.29572281
10154.00000000	11.22752715	2.24741081	0.66185822	26670.26358791	2818.31282147	1453.94447677	21351.85232421	  155.29561120
10156.00000000	11.22528741	2.24602590	0.66001771	26665.04270254	2821.66614524	1458.35608732	21362.22953342	  155.29550014
10158.00000000	11.22304856	2.24437103	0.65870264	26662.90694812	2826.11314599	1462.57660599	21364.88203508	  155.29538713
10160.00000000	11.22081061	2.24265286	0.65714894	26663.54012818	2831.04027943	1467.40464811	21357.19705329	  155.29527569
10162.00000000	11.21857356	2.24066842	0.65510967	26654.60268029	2835.71306582	1472.82710342	21347.43588988	  155.29516705
10164.00000000	11.21633741	2.23842631	0.65362876	26651.63467794	2841.76169452	1478.15606734	21346.17859575	  155.29505676
10166.00000000	11.21410215	2.23619211	0.65202164	26653.04085659	2848.26814025	1483.92335419	21354.51568398	  155.29494281
10168.00000000	11.21186779	2.23381122	0.65045254	26650.75936956	2854.81324126	1489.66890129	21363.36865683	  155.29482899
10170.00000000	11.20963433	2.23139115	0.64893307	26641.47313478	2860.73331427	1495.02798793	21364.16526531	  155.29471745
10172.00000000	11.20740176	2.22916629	0.64723910	26638.78857879	2866.81622010	1500.74699179	21354.67802808	  155.29460579
10174.00000000	11.20517009	2.22706089	0.64574941	26638.23034890	2872.79816910	1506.12046683	21346.24355300	  155.29449351
10176.00000000	11.20293931	2.22524637	0.64415428	26638.41897003	2878.03602003	1511.27526600	21346.94258330	  155.29438079
10178.00000000	11.20070943	2.22388210	0.64271033	26633.62674687	2881.44667226	1515.25259366	21356.16669649	  155.29427125
10180.00000000	11.19848044	2.22263896	0.64108989	26630.21566654	2884.66142931	1519.40323829	21363.78645442	  155.29416158
10182.00000000	11.19625234	2.22121535	0.63932969	26629.48968810	2888.69224640	1524.20687813	21362.27605440	  155.29404992
10184.00000000	11.19402513	2.21982301	0.63837612	26632.22006194	2893.01367984	1527.94337689	21352.56633180	  155.29393515
10186.00000000	11.19179882	2.21839021	0.63644713	26627.18391247	2896.61389506	1532.79873978	21345.89834115	  155.29382263
10188.00000000	11.18957339	2.21721590	0.63484746	26620.69063901	2899.31023308	1536.68177290	21348.04247361	  155.29371105
10190.00000000	11.18734886	2.21615329	0.63356526	26613.74243476	2901.63516945	1539.88719776	21358.01027646	  155.29359991
10192.00000000	11.18512522	2.21512233	0.63198671	26604.20995391	2903.58778051	1543.35778993	21364.45672968	  155.29348700
10194.00000000	11.18290247	2.21420705	0.63071744	26568.22337006	2902.31543222	1544.64081499	21361.60530573	  155.29337508
10196.00000000	11.18068060	2.21366837	0.62899619	26396.48769406	2885.10873403	1538.12847429	21351.83904544	  155.29326623
10198.00000000	11.17845963	2.21320653	0.62783272	26360.60456892	2882.51771547	1538.53612568	21345.30687575	  155.29315625
10200.00000000	11.17623954	2.21151665	0.62597186	26437.96532421	2895.86658837	1548.53998991	21347.81271760	  155.29304249
10202.00000000	11.17402034	2.21112968	0.62467433	26544.81592234	2908.69578270	1557.41978916	21357.86358391	  155.29292814
10204.00000000	11.17180203	2.21041461	0.62317168	26563.04456661	2912.77529234	1561.94939093	21364.54681284	  155.29281661
10206.00000000	11.16958460	2.20942805	0.62212574	26568.02735126	2916.19726383	1565.42087948	21362.34446964	  155.29270515
10208.00000000	11.16736806	2.20838374	0.62055538	26570.64646145	2919.53207040	1569.67402405	21352.45737176	  155.29259300
10210.00000000	11.16515241	2.20712586	0.61898737	26568.54676520	2922.97578303	1573.99162493	21345.60194695	  155.29247994
10212.00000000	11.16293764	2.20584927	0.61777092	26566.34158246	2926.46669248	1577.78958025	21347.33914168	  155.29237000
10214.00000000	11.16072375	2.20446229	0.61587673	26566.16806879	2930.50933369	1582.96474771	21356.60423220	  155.29226068
10216.00000000	11.15851075	2.20306209	0.61459006	26562.60959807	2934.22240880	1587.01107059	21363.80034102	  155.29214912
10218.00000000	11.15629863	2.20144530	0.61335699	26560.46962384	2938.73349791	1591.41207481	21362.60423728	  155.29203469
10220.00000000	11.15408739	2.19982909	0.61213193	26553.65626378	2942.73188647	1595.53074726	21353.90899929	  155.29192194
10222.00000000	11.15187704	2.19808214	0.61057788	26548.09168407	2947.25942125	1600.47082227	21346.27601325	  155.29181010
10224.00000000	11.14966757	2.19639910	0.60882270	26547.02229333	2952.10501990	1605.91835638	21346.78162552	  155.29169890
10226.00000000	11.14745898	2.19448571	0.60776382	26546.06974388	2957.65284348	1610.64090926	21355.21265098	  155.29158654
10228.00000000	11.14525126	2.19276110	0.60614074	26542.13640888	2962.31904810	1615.80241866	21362.85353363	  155.29147440
10230.00000000	11.14304443	2.19084121	0.60535436	26539.60685723	2967.72898507	1620.02673498	21363.52968141	  155.29136535
10232.00000000	11.14083848	2.18899618	0.60362341	26538.86061444	2973.12598084	1625.78457123	21355.94443750	  155.29125579
10234.00000000	11.13863341	2.18691261	0.60226481	26534.84458786	2978.87631423	1631.14356599	21347.10164416	  155.29114332
10236.00000000	11.13642921	2.18484387	0.60081240	26526.99334950	2984.16196705	1636.41285645	21345.19577675	  155.29102854
10238.00000000	11.13422590	2.18282337	0.59964085	26524.41303965	2989.90671076	1641.48502687	21351.96578305	  155.29091678
10240.00000000	11.13202346	2.18089173	0.59807646	26516.55122182	2994.79978593	1646.74550053	21361.02551663	  155.29080555
10242.00000000	11.12982189	2.17893892	0.59659340	26514.40208355	3000.41058060	1652.27932479	21364.72119497	  155.29069430
10244.00000000	11.12762121	2.17692351	0.59481046	26512.13453041	3006.20662385	1658.42534370	21359.55183978	  155.29058127
10246.00000000	11.12542140	2.17506880	0.59388289	26509.28652108	3011.46390841	1662.86733565	21350.08927546	  155.29047050
10248.00000000	11.12322246	2.17327118	0.59280658	26502.94399666	3016.16042203	1667.25415770	21344.78984094	  155.29036189
10250.00000000	11.12102440	2.17141053	0.59079723	26498.04412445	3021.21899565	1673.40950564	21347.80088189	  155.29025138
10252.00000000	11.11882721	2.16954585	0.58937768	26491.76998018	3026.14117786	1678.51686787	21357.31575977	  155.29013751
10254.00000000	11.11663090	2.16772363	0.58808320	26482.19224523	3030.56443562	1683.14772016	21363.81997496	  155.29002407
10256.00000000	11.11443546	2.16611182	0.58670063	26479.16255738	3035.10581080	1688.00212501	21362.99249269	  155.28991273
10258.00000000	11.11224089	2.16451088	0.58520569	26473.59597418	3039.32963040	1692.88011169	21354.87932205	  155.28980143
10260.00000000	11.11004720	2.16272542	0.58371082	26479.61560081	3045.45340262	1698.82862928	21346.55990390	  155.28968955
10262.00000000	11.10785438	2.16098787	0.58247300	26480.31985657	3050.83078732	1703.93613160	21345.19052128	  155.28957707
10264.00000000	11.10566242	2.15924087	0.58126300	26475.85857531	3055.65034180	1708.69419237	21351.92695670	  155.28946746
10266.00000000	11.10347134	2.15731835	0.57961033	26472.25336733	3061.11367497	1714.58053644	21360.49265894	  155.28935800
10268.00000000	11.10128113	2.15557579	0.57814495	26463.79960615	3065.47324013	1719.54033136	21364.37283891	  155.28924651
10270.00000000	11.09909179	2.15376439	0.57644631	26458.78300507	3070.44889232	1725.25947725	21360.37367087	  155.28913210
10272.00000000	11.09690331	2.15196222	0.57529228	26453.22191324	3075.34086657	1730.00355505	21351.14616896	  155.28901945
10274.00000000	11.09471571	2.15045293	0.57395579	26419.32112704	3076.03881539	1732.71038254	21345.92059382	  155.28890740
10276.00000000	11.09252897	2.14978356	0.57223497	26153.50204913	3047.12810334	1719.38139078	21347.23903548	  155.28879583
10278.00000000	11.09034310	2.14673311	0.57059939	26282.50144869	3071.51295841	1735.97786757	21355.29080474	  155.28868326
10280.00000000	11.08815810	2.14592602	0.56962069	26400.92388404	3087.84359455	1746.91660474	21362.84453322	  155.28857058
10282.00000000	11.08597396	2.14473221	0.56818441	26408.33763498	3092.40025356	1752.00905893	21364.09214043	  155.28846080
10284.00000000	11.08379069	2.14345992	0.56692594	26407.98582730	3096.29592766	1756.42517409	21358.21344882	  155.28835046
10286.00000000	11.08160829	2.14210151	0.56530915	26408.89372478	3100.61141402	1761.71924088	21349.33515681	  155.28823730
10288.00000000	11.07942675	2.14057794	0.56455111	26406.45788724	3105.05261930	1765.58054275	21345.27412938	  155.28812157
10290.00000000	11.07724607	2.13922246	0.56262696	26402.66040986	3108.81714059	1771.12573270	21348.54936135	  155.28800851
10292.00000000	11.07506626	2.13786371	0.56114554	26404.16175707	3113.22115061	1776.26418516	21357.13447084	  155.28789594
10294.00000000	11.07288731	2.13671585	0.55979226	26400.37549435	3116.34981405	1780.45708656	21364.01115187	  155.28778335
10296.00000000	11.07070922	2.13534064	0.55862029	26396.15946715	3120.14005035	1784.71296312	21364.31863874	  155.28766886
10298.00000000	11.06853200	2.13428123	0.55729180	26389.12581500	3122.61501452	1788.50307293	21357.44614946	  155.28755584
10300.00000000	11.06635563	2.13312082	0.55556710	26382.17622804	3125.41732807	1793.19818167	21348.81044768	  155.28744562
10302.00000000	11.06418013	2.13175528	0.55468522	26382.44803797	3129.72035613	1797.25129678	21345.02853659	  155.28733375
10304.00000000	11.06200549	2.13051071	0.55293638	26382.29677007	3133.59998655	1802.62893725	21348.24596424	  155.28721837
10306.00000000	11.05983171	2.12932687	0.55177883	26377.36686577	3136.72561703	1806.51689794	21357.06083512	  155.28710225
10308.00000000	11.05765879	2.12815709	0.55027185	26371.73194145	3139.72614802	1810.97203181	21363.72634277	  155.28698874
10310.00000000	11.05548673	2.12705427	0.54880779	26365.81778887	3142.48572586	1815.21937359	21364.05642421	  155.28687510
10312.00000000	11.05331553	2.12581795	0.54741427	26356.47066440	3145.25780393	1819.35417348	21357.61459348	  155.28676109
10314.00000000	11.05114518	2.12472854	0.54617703	26347.18957061	3147.57737277	1822.94993824	21349.16109820	  155.28664561
10316.00000000	11.04897569	2.12346112	0.54416703	26346.62827736	3151.50208128	1828.89536448	21344.82237469	  155.28653321
10318.00000000	11.04680706	2.12222307	0.54285636	26341.38041236	3154.77768273	1833.19741589	21347.19052830	  155.28642205
10320.00000000	11.04463929	2.12100380	0.54185926	26340.78489297	3158.55516980	1837.22344886	21355.15706176	  155.28630859
10322.00000000	11.04247237	2.11960508	0.53987393	26336.76690100	3162.49371587	1843.17003837	21362.84429737	  155.28619200
10324.00000000	11.04030631	2.11815782	0.53882477	26332.12069046	3166.51525774	1847.45113100	21364.27720153	  155.28607628
10326.00000000	11.03814110	2.11674802	0.53735691	26329.44501758	3170.66032582	1852.58684380	21359.38135924	  155.28596206
10328.00000000	11.03597675	2.11537938	0.53596641	26322.05901610	3174.11213907	1857.18432904	21350.99864669	  155.28584772
10330.00000000	11.03381325	2.11377972	0.53468080	26320.30734932	3178.98214291	1862.42661478	21345.46865610	  155.28573279
10332.00000000	11.03165060	2.11224627	0.53333333	26317.97851135	3183.57898843	1867.63459331	21345.76360286	  155.28561733
10334.00000000	11.02948881	2.11081787	0.53223606	26316.34104521	3187.93130099	1872.24107436	21352.56721654	  155.28550508
10336.00000000	11.02732787	2.10942184	0.53083391	26309.76433334	3191.58704088	1877.01806967	21360.57281726	  155.28539294
10338.00000000	11.02516779	2.10787292	0.52903896	26304.81687085	3195.93329137	1882.95094287	21364.40270385	  155.28527866
10340.00000000	11.02300855	2.10641466	0.52760269	26302.93685066	3200.36842768	1888.27411495	21362.04729257	  155.28516127
10342.00000000	11.02085016	2.10493868	0.52605261	26300.95892776	3204.85457631	1893.85436994	21354.31208547	  155.28504570
10344.00000000	11.01869263	2.10349681	0.52455873	26301.66724176	3209.56533786	1899.47359242	21347.13889538	  155.28493056
10346.00000000	11.01653594	2.10202785	0.52363653	26296.96660311	3213.70906965	1903.68068349	21345.16201298	  155.28481580
10348.00000000	11.01438011	2.10055587	0.52243752	26289.19206427	3217.49156887	1908.20788993	21349.40052350	  155.28469993
10350.00000000	11.01222512	2.09909389	0.52108050	26289.31183690	3222.21359723	1913.60343161	21357.32273646	  155.28458402
10352.00000000	11.01007098	2.09764855	0.51914708	26287.94267665	3226.70610447	1919.97997576	21363.15422003	  155.28447113
10354.00000000	11.00791769	2.09626828	0.51815833	26284.69716108	3230.76396686	1924.29621307	21364.05531663	  155.28435798
10356.00000000	11.00576525	2.09477821	0.51729165	26275.87158090	3234.49521336	1928.18900583	21358.66027181	  155.28424236
10358.00000000	11.00361366	2.09330920	0.51526663	26266.83517997	3238.13620766	1934.27250000	21350.71177184	  155.28412376
10360.00000000	11.00146291	2.09182451	0.51368372	26258.07038397	3241.86529096	1939.56777950	21345.69506011	  155.28400724
10362.00000000	10.99931300	2.09019519	0.51243388	26248.36955828	3245.95200236	1944.44151827	21345.89745752	  155.28389117
10364.00000000	10.99716395	2.08854190	0.51090552	26229.30084440	3248.96096552	1949.22083379	21352.07487174	  155.28377568
10366.00000000	10.99501573	2.08707619	0.51006271	26220.69261695	3252.65864349	1953.08465465	21360.06095279	  155.28365854
10368.00000000	10.99286836	2.08552824	0.50847907	26220.70967295	3257.69961904	1959.21177900	21364.06797883	  155.28354176
10370.00000000	10.99072184	2.08415363	0.50742099	26215.83869073	3261.57472638	1963.61886766	21363.27543287	  155.28342804
10372.00000000	10.98857616	2.08278886	0.50583725	26208.83835366	3265.15695518	1968.89127896	21356.80900235	  155.28331390
10374.00000000	10.98643132	2.08128628	0.50422333	26210.11431502	3270.22599737	1975.13305487	21348.80474455	  155.28319686
10376.00000000	10.98428732	2.07992508	0.50328226	26204.48282656	3273.97686394	1979.26023026	21344.83441377	  155.28307710
10378.00000000	10.98214417	2.07848764	0.50188305	26191.45605963	3277.05651844	1983.89596391	21346.38362151	  155.28295993
10380.00000000	10.98000186	2.07701185	0.50067323	26186.85963141	3281.32035691	1988.88197974	21352.92726486	  155.28284309
10382.00000000	10.97786039	2.07562320	0.49962325	26184.27969222	3285.55640834	1993.54161186	21360.39149275	  155.28272670
10384.00000000	10.97571976	2.07415147	0.49798218	26179.05136599	3289.73840797	1999.35748786	21364.60930005	  155.28260820
10386.00000000	10.97357996	2.07275242	0.49668425	26172.11700839	3293.47154361	2004.22597215	21363.18748533	  155.28249100
10388.00000000	10.97144101	2.07149493	0.49584179	26168.53204861	3297.16394374	2008.16405267	21356.67765002	  155.28237661
10390.00000000	10.96930290	2.07004671	0.49433118	26163.37000436	3301.29107361	2013.71735473	21348.84795367	  155.28226148
10392.00000000	10.96716563	2.06870341	0.49294221	26157.58123985	3304.99727799	2018.78014944	21344.70195372	  155.28214286
10394.00000000	10.96502919	2.06737296	0.49212407	26150.71610116	3308.52879492	2022.59137489	21345.54883954	  155.28202225
10396.00000000	10.96289359	2.06613229	0.49066323	26146.53563822	3312.10657371	2027.73859884	21351.93924754	  155.28190448
10398.00000000	10.96075883	2.06480451	0.48939870	26138.72484708	3315.51649166	2032.39462673	21359.79396384	  155.28178682
10400.00000000	10.95862490	2.06351361	0.48819612	26134.78992500	3319.29950576	2037.16196841	21364.05188833	  155.28166938
10402.00000000	10.95649181	2.06204591	0.48699660	26107.57631748	3320.71340099	2040.47584560	21363.82511118	  155.28154985
10404.00000000	10.95435956	2.06093240	0.48558886	26075.97120870	3320.38866658	2043.15051982	21358.06148351	  155.28143216
10406.00000000	10.95222814	2.05987405	0.48396610	25989.42062714	3312.87204902	2041.83598764	21350.61498851	  155.28131721
10408.00000000	10.95009755	2.05935859	0.48254689	25782.52868321	3288.19403130	2029.50433539	21345.14226236	  155.28120123
10410.00000000	10.94796780	2.05692510	0.48116390	25994.43361996	3323.29685519	2054.00883853	21344.38999709	  155.28108152
10412.00000000	10.94583889	2.05602943	0.47944734	26075.67303994	3336.67027889	2065.81753503	21349.10081507	  155.28096022
10414.00000000	10.94371080	2.05473569	0.47822603	26083.35452435	3341.97405813	2071.62980021	21356.96483635	  155.28084189
10416.00000000	10.94158355	2.05338114	0.47699464	26094.91572565	3347.98728059	2077.91442573	21362.84144781	  155.28072343
10418.00000000	10.93945713	2.05219669	0.47531325	26103.57701081	3353.06771424	2084.56961468	21364.75728157	  155.28060506
10420.00000000	10.93733154	2.05089195	0.47420023	26103.56243777	3357.44359618	2089.61453805	21361.37331472	  155.28048451
10422.00000000	10.93520679	2.04945391	0.47303819	26099.32814240	3361.72980846	2094.71494354	21354.20185271	  155.28036616
10424.00000000	10.93308286	2.04821672	0.47201641	26093.24377749	3365.10680070	2098.96275300	21347.52361549	  155.28025049
10426.00000000	10.93095976	2.04683912	0.47037715	26088.37490198	3369.11699847	2104.91174542	21344.18964584	  155.28013318
10428.00000000	10.92883750	2.04541299	0.46888788	26082.66773424	3373.18714132	2110.59553765	21345.50402162	  155.28001236
10430.00000000	10.92671606	2.04392588	0.46798114	26080.40294986	3377.91381800	2115.47032201	21351.92047027	  155.27989029
10432.00000000	10.92459545	2.04249365	0.46612746	26073.16564645	3381.81652604	2121.84403728	21359.28611118	  155.27977099
10434.00000000	10.92247567	2.04093753	0.46507616	26064.52718876	3385.96093218	2126.67894904	21363.79073130	  155.27965166
10436.00000000	10.92035671	2.03956081	0.46390109	26057.25934403	3389.68024186	2131.51821577	21364.39891322	  155.27953224
10438.00000000	10.91823859	2.03802411	0.46303399	26051.34771321	3394.12294338	2136.16337091	21359.68680918	  155.27941095
10440.00000000	10.91612129	2.03666746	0.46197557	26045.79121303	3398.00578673	2140.87185847	21352.57155991	  155.27929184
10442.00000000	10.91400481	2.03531702	0.46069214	26041.67072629	3402.05941365	2146.17850766	21346.41437977	  155.27917547
10444.00000000	10.91188917	2.03373290	0.45967738	26040.42359498	3407.28977501	2151.66036916	21344.00282743	  155.27905746
10446.00000000	10.90977434	2.03239153	0.45778146	26040.59415698	3411.88559682	2158.65133426	21346.13837191	  155.27893567
10448.00000000	10.90766035	2.03095792	0.45685746	26036.36311624	3416.22529459	2163.39503133	21352.23888935	  155.27881309
10450.00000000	10.90554717	2.02959385	0.45546011	26032.29121216	3420.35343242	2169.03806847	21359.51414357	  155.27869321
10452.00000000	10.90343482	2.02810701	0.45376932	26022.56411399	3424.16278399	2175.12837035	21363.97635426	  155.27857327
10454.00000000	10.90132330	2.02678682	0.45237503	26013.15279306	3427.44630749	2180.25192899	21364.22998780	  155.27845338
10456.00000000	10.89921259	2.02537505	0.45063166	26006.04471443	3431.35063368	2186.54417567	21359.91915206	  155.27833146
10458.00000000	10.89710271	2.02398314	0.44950173	26007.18515995	3436.28077096	2192.16136519	21353.04346566	  155.27821197
10460.00000000	10.89499365	2.02265738	0.44837888	26004.08021682	3440.42866730	2197.27332327	21346.81109629	  155.27809514
10462.00000000	10.89288541	2.02125186	0.44722969	25996.23419354	3444.22813365	2202.22924320	21343.87651085	  155.27797671
10464.00000000	10.89077799	2.01981839	0.44556901	25992.11957653	3448.62294980	2208.70417496	21344.99322144	  155.27785486
10466.00000000	10.88867139	2.01836956	0.44388756	25987.78496059	3453.04710193	2215.25938020	21350.74515822	  155.27773161
10468.00000000	10.88656562	2.01696338	0.44255060	25983.91502624	3457.39117440	2221.01368611	21357.78964643	  155.27761133
10470.00000000	10.88446066	2.01556202	0.44151706	25977.58926843	3461.39674984	2225.88621786	21363.08889545	  155.27749109
10472.00000000	10.88235652	2.01422088	0.44037616	25974.36761307	3465.61222682	2231.14106049	21364.51801513	  155.27737092
10474.00000000	10.88025320	2.01278537	0.43886524	25970.70444342	3470.10126374	2237.40908643	21362.15270717	  155.27724875
10476.00000000	10.87815069	2.01145048	0.43750332	25964.75674330	3473.94081829	2242.93732876	21355.90561897	  155.27712857
10478.00000000	10.87604901	2.01009729	0.43642158	25960.35053810	3478.05455753	2248.02380354	21349.29499411	  155.27701111
10480.00000000	10.87394814	2.00876807	0.43497524	25955.86230021	3482.07863255	2253.88226368	21345.02036049	  155.27689231
10482.00000000	10.87184809	2.00746993	0.43370821	25944.56349337	3485.08402836	2258.68761714	21343.84428639	  155.27676994
10484.00000000	10.86974885	2.00605388	0.43273764	25941.81770693	3489.65321196	2263.84507549	21347.43892448	  155.27664614
10486.00000000	10.86765043	2.00469505	0.43115976	25933.98994186	3493.34387269	2269.81799395	21353.80684412	  155.27652504
10488.00000000	10.86555283	2.00340323	0.43042627	25926.90568171	3496.90408297	2273.79845092	21360.24853960	  155.27640420
10490.00000000	10.86345603	2.00202970	0.42863308	25925.46608041	3501.51606680	2280.88370866	21364.13791119	  155.27628342
10492.00000000	10.86136006	2.00074195	0.42747194	25927.20777427	3506.26358718	2286.62978804	21364.47351647	  155.27616074
10494.00000000	10.85926489	1.99957856	0.42633438	25927.56270365	3510.39314977	2291.92862109	21360.76465763	  155.27603968
10496.00000000	10.85717054	1.99834202	0.42519910	25922.92607471	3514.10804887	2296.96029637	21354.45980453	  155.27592152
10498.00000000	10.85507701	1.99711046	0.42400132	25912.07469042	3516.96572626	2301.58331899	21348.29116438	  155.27580247
10500.00000000	10.85298428	1.99586074	0.42232072	25903.64493755	3520.21809052	2307.58662233	21344.41661445	  155.27568018
10502.00000000	10.85089237	1.99454112	0.42117548	25892.82910595	3523.39476236	2312.31564772	21344.27296250	  155.27555593
10504.00000000	10.84880127	1.99337980	0.41982018	25890.92651162	3527.22971905	2317.97184696	21347.75596302	  155.27543465
10506.00000000	10.84671097	1.99215868	0.41861699	25884.85668482	3530.71157078	2323.05339659	21353.87626901	  155.27531379
10508.00000000	10.84462149	1.99094412	0.41731208	25871.71702967	3533.20800442	2327.73143454	21359.74926061	  155.27519344
10510.00000000	10.84253282	1.98972135	0.41632275	25833.24716625	3532.27085524	2329.41744163	21363.46672347	  155.27507110
10512.00000000	10.84044496	1.98927857	0.41496004	25531.26140214	3492.52534419	2306.34732473	21364.02385249	  155.27494989
10514.00000000	10.83835791	1.98645083	0.41300996	25415.06896531	3486.47584316	2306.84659094	21361.10269040	  155.27483194
10516.00000000	10.83627166	1.98588883	0.41257094	25838.58952887	3546.56759736	2347.63708249	21355.68900715	  155.27471342
10518.00000000	10.83418622	1.98480323	0.41117079	25854.77147482	3552.64337741	2354.95389458	21349.41135408	  155.27459200
10520.00000000	10.83210160	1.98352089	0.40995372	25850.36677227	3556.59598433	2360.44504975	21345.17737821	  155.27446801
10522.00000000	10.83001777	1.98239692	0.40869857	25845.64251730	3559.94500864	2365.63509732	21343.93533098	  155.27434657
10524.00000000	10.82793476	1.98119066	0.40716789	25838.88451937	3563.30986382	2371.49831697	21345.96923739	  155.27422559
10526.00000000	10.82585255	1.98005683	0.40632485	25837.95407613	3567.22387879	2376.10552560	21350.67564020	  155.27410514
10528.00000000	10.82377114	1.97873810	0.40489180	25837.24800335	3571.83358833	2382.58794730	21356.66582783	  155.27398320
10530.00000000	10.82169054	1.97755449	0.40356974	25831.38155183	3575.25176608	2388.02307308	21361.24534177	  155.27386146
10532.00000000	10.81961075	1.97636112	0.40251550	25830.96452832	3579.46312943	2393.35781904	21363.54611895	  155.27374300
10534.00000000	10.81753176	1.97516361	0.40113181	25829.71146716	3583.57828743	2399.42712933	21362.93526116	  155.27362408
10536.00000000	10.81545357	1.97389218	0.40028067	25820.65499271	3586.87938217	2403.68240571	21359.50728370	  155.27350269
10538.00000000	10.81337619	1.97266475	0.39870717	25810.30824260	3589.84563083	2409.45849227	21353.96951979	  155.27337823
10540.00000000	10.81129961	1.97136931	0.39700513	25806.34673275	3593.94738971	2416.32072207	21348.38228926	  155.27325586
10542.00000000	10.80922383	1.97015875	0.39590976	25803.03253699	3597.83858830	2421.58798310	21344.61988293	  155.27313403
10544.00000000	10.80714885	1.96883454	0.39481216	25793.77797814	3601.31393820	2426.58907621	21343.92681028	  155.27301246
10546.00000000	10.80507468	1.96768765	0.39338520	25791.14084740	3605.07800121	2432.59406250	21345.85339068	  155.27288967
10548.00000000	10.80300130	1.96637786	0.39229590	25783.19430423	3608.69075134	2437.68577994	21350.45233659	  155.27276697
10550.00000000	10.80092873	1.96509327	0.39121522	25776.36132484	3612.37183485	2442.81083509	21356.12232639	  155.27264736
10552.00000000	10.79885696	1.96391403	0.39010190	25777.78110047	3616.83338797	2448.55239372	21360.85302523	  155.27252761
10554.00000000	10.79678598	1.96272678	0.38885078	25774.50123625	3620.66931033	2454.21785854	21363.63515376	  155.27240538
10556.00000000	10.79471581	1.96140318	0.38779954	25767.24593868	3624.44426533	2459.36068901	21363.80532804	  155.27228010
10558.00000000	10.79264643	1.96017409	0.38668427	25759.71391524	3627.84101632	2464.41249298	21360.74059092	  155.27215644
10560.00000000	10.79057785	1.95885087	0.38552498	25751.85093171	3631.53575946	2469.78389233	21355.65524664	  155.27203389
10562.00000000	10.78851007	1.95769266	0.38413803	25749.09777513	3635.35557157	2475.81317115	21349.94822067	  155.27191122
10564.00000000	10.78644309	1.95641827	0.38291459	25739.65383412	3638.65635355	2481.09474870	21345.39866807	  155.27178795
10566.00000000	10.78437690	1.95507039	0.38200898	25732.43453775	3642.54223068	2485.99473227	21343.33569281	  155.27166393
10568.00000000	10.78231151	1.95386260	0.38070307	25731.89088025	3646.86726725	2492.19897624	21344.00772756	  155.27154308
10570.00000000	10.78024691	1.95264591	0.37935834	25728.31655234	3650.79985592	2498.24363234	21347.43926222	  155.27142344
10572.00000000	10.77818311	1.95143258	0.37796168	25722.12737662	3654.35290103	2504.17002175	21352.65066795	  155.27130127
10574.00000000	10.77612011	1.95013930	0.37692530	25714.63507121	3658.01623905	2509.27956435	21358.24350403	  155.27117574
10576.00000000	10.77405790	1.94876390	0.37570729	25711.39523299	3662.58942477	2515.47862994	21362.42653841	  155.27105064
10578.00000000	10.77199648	1.94749799	0.37432167	25708.56899041	3666.82577001	2521.88012052	21364.34267118	  155.27092778
10580.00000000	10.76993586	1.94634489	0.37337636	25703.14412222	3670.28175005	2526.64433523	21363.49458878	  155.27080473
10582.00000000	10.76787603	1.94500394	0.37227100	25698.30315107	3674.51454303	2532.35581892	21359.81254173	  155.27068127
10584.00000000	10.76581699	1.94379116	0.37081282	25689.75379484	3677.74967238	2538.28394022	21354.56200335	  155.27055614
10586.00000000	10.76375874	1.94248255	0.36957789	25679.84170790	3681.14469505	2543.76655051	21349.40149556	  155.27043367
10588.00000000	10.76170129	1.94123518	0.36818136	25671.03440354	3684.47522432	2549.62617227	21345.00691141	  155.27031365
10590.00000000	10.75964462	1.94004972	0.36729969	25667.48452594	3688.33551291	2554.54872780	21343.05738515	  155.27019170
10592.00000000	10.75758875	1.93878392	0.36592247	25662.29618894	3692.26068104	2560.79165373	21343.32383801	  155.27006636
10594.00000000	10.75553367	1.93744731	0.36464262	25655.28849477	3696.18947375	2566.79950521	21346.41547567	  155.26993968
10596.00000000	10.75347938	1.93610956	0.36329800	25650.25716271	3700.41152348	2573.18912796	21351.46070250	  155.26981582
10598.00000000	10.75142588	1.93487405	0.36223242	25644.77560969	3704.19447914	2578.56591778	21356.73028542	  155.26969218
10600.00000000	10.74937316	1.93372048	0.36097788	25642.07633427	3708.07964560	2584.51080445	21361.25260418	  155.26956881
10602.00000000	10.74732124	1.93234494	0.35988859	25641.03865940	3713.03350119	2590.78418902	21363.60793967	  155.26944340
10604.00000000	10.74527010	1.93106492	0.35871047	25636.07493193	3717.06961014	2596.65777766	21363.62749360	  155.26931934
10606.00000000	10.74321975	1.92976605	0.35764401	25630.90792417	3721.15055632	2602.28238129	21361.97245360	  155.26919838
10608.00000000	10.74117019	1.92862734	0.35611977	25626.77500365	3724.78959880	2608.80064756	21357.79698687	  155.26907699
10610.00000000	10.73912141	1.92741283	0.35466444	25621.39594185	3728.53335584	2615.22598392	21353.06889216	  155.26895263
10612.00000000	10.73707342	1.92607170	0.35345106	25617.25439913	3732.93362792	2621.49130399	21348.31876818	  155.26882541
10614.00000000	10.73502621	1.92476953	0.35236313	25611.62004491	3736.97562009	2627.18648251	21345.22182564	  155.26870091
10616.00000000	10.73297979	1.92348695	0.35136321	25605.12766333	3740.82315527	2632.52239275	21343.73967686	  155.26857684
10618.00000000	10.73093416	1.92227943	0.35015777	25601.06493180	3744.74872495	2638.46351256	21344.38709992	  155.26845293
10620.00000000	10.72888931	1.92110591	0.34875510	25594.55304926	3748.19220051	2644.59659890	21346.67587256	  155.26832797
10622.00000000	10.72684524	1.91981617	0.34767924	25587.79705157	3752.03887306	2650.16036837	21350.89203739	  155.26820295
10624.00000000	10.72480196	1.91865351	0.34664259	25583.12297507	3755.71758214	2655.51013732	21355.69917487	  155.26808116
10626.00000000	10.72275946	1.91742622	0.34556349	25580.12190929	3759.88864309	2661.32960330	21360.07608752	  155.26795961
10628.00000000	10.72071774	1.91635415	0.34415384	25574.99735278	3763.16762899	2667.40800161	21363.08019427	  155.26783574
10630.00000000	10.71867681	1.91497488	0.34328985	25567.47165591	3767.25274191	2672.61172464	21364.49659957	  155.26770864
10632.00000000	10.71663665	1.91384577	0.34188758	25563.12448720	3770.86755099	2678.93015242	21363.69304894	  155.26758305
10634.00000000	10.71459728	1.91258853	0.34091476	25557.79534445	3774.82432163	2684.35126918	21361.02625157	  155.26745881
10636.00000000	10.71255869	1.91138562	0.33973679	25551.19425839	3778.39168185	2690.05502445	21356.72651740	  155.26733448
10638.00000000	10.71052088	1.91018811	0.33830061	25541.88365725	3781.54058271	2696.16631327	21351.59985222	  155.26720938
10640.00000000	10.70848384	1.90889805	0.33689027	25536.61983627	3785.64182447	2702.89972689	21347.43716710	  155.26708322
10642.00000000	10.70644759	1.90780913	0.33563259	25529.70520059	3788.74015992	2708.51622630	21344.52567672	  155.26696012
10644.00000000	10.70441212	1.90671142	0.33450621	25530.65091608	3793.04188214	2714.64745251	21342.95446417	  155.26683886
10646.00000000	10.70237742	1.90546575	0.33334269	25525.13780612	3796.94963177	2720.60783759	21343.32568612	  155.26671541
10648.00000000	10.70034351	1.90415944	0.33215138	25517.22804466	3800.73472558	2726.56619829	21345.82014769	  155.26658833
10650.00000000	10.69831037	1.90288750	0.33074119	25509.16588270	3804.36971030	2733.02522881	21349.97420712	  155.26646045
10652.00000000	10.69627800	1.90178310	0.32948133	25500.68020796	3807.30664534	2738.58315806	21354.73520944	  155.26633527
10654.00000000	10.69424642	1.90055658	0.32830306	25498.03702990	3811.58415832	2744.89227252	21359.02566923	  155.26621011
10656.00000000	10.69221561	1.89936142	0.32726171	25493.42555187	3815.45214058	2750.54058527	21362.26805310	  155.26608502
10658.00000000	10.69018557	1.89807912	0.32616259	25481.65995691	3818.58471268	2755.82615344	21363.84253813	  155.26595792
10660.00000000	10.68815631	1.89695481	0.32476114	25473.11076358	3821.59778504	2761.86855919	21363.78203140	  155.26583217
10662.00000000	10.68612783	1.89569110	0.32318654	25462.73957072	3824.87232509	2768.59106659	21361.97929985	  155.26570952
10664.00000000	10.68410012	1.89461047	0.32201882	25451.29690135	3827.28713063	2773.57586101	21359.06260980	  155.26558627
10666.00000000	10.68207319	1.89317268	0.32123446	25417.38673790	3827.68726312	2776.04239990	21354.81135207	  155.26546017
10668.00000000	10.68004702	1.89202159	0.32070034	25229.36515415	3803.74841985	2760.15452419	21350.81318454	  155.26533105
10670.00000000	10.67802163	1.89210361	0.31936816	24716.04895041	3726.05179957	2707.37900718	21347.11219155	  155.26520455
10672.00000000	10.67599702	1.89117675	0.31663474	23817.53476447	3593.92640597	2618.52338861	21344.61859131	  155.26507872
10674.00000000	10.67397317	1.88741363	0.31617740	25048.08681125	3793.85942271	2765.45843250	21343.49120089	  155.26495288
10676.00000000	10.67195010	1.88679578	0.31507051	25312.46471410	3836.27240483	2799.47151073	21343.47791867	  155.26482590
10678.00000000	10.66992780	1.88614720	0.31386547	25380.50047261	3849.07932184	2812.20398621	21344.76093506	  155.26469892
10680.00000000	10.66790627	1.88499879	0.31275349	25385.07453787	3854.19666593	2819.07583162	21347.99539767	  155.26457514
10682.00000000	10.66588551	1.88383456	0.31171859	25387.30166611	3859.02497594	2825.53002007	21351.76729226	  155.26445193
10684.00000000	10.66386552	1.88262034	0.31049787	25392.96469607	3864.57539214	2833.05020409	21356.18821475	  155.26432624
10686.00000000	10.66184630	1.88131225	0.30947812	25395.99162938	3870.09519974	2839.99130102	21360.11292969	  155.26419708
10688.00000000	10.65982785	1.88025904	0.30818561	25391.24682096	3873.44951400	2846.12906372	21362.81964291	  155.26406862
10690.00000000	10.65781017	1.87901916	0.30685247	25385.93976331	3877.44452419	2852.86526055	21364.28169907	  155.26394236
10692.00000000	10.65579325	1.87788439	0.30586257	25378.87237889	3880.76633994	2858.13716237	21364.40220662	  155.26381577
10694.00000000	10.65377711	1.87664101	0.30461381	25371.43327447	3884.45562656	2864.42902580	21362.82690958	  155.26368879
10696.00000000	10.65176173	1.87545252	0.30357136	25367.78009457	3888.51503716	2870.41317731	21360.07917283	  155.26355987
10698.00000000	10.64974711	1.87428851	0.30230416	25361.21909279	3892.03707752	2876.65607158	21356.47386994	  155.26343327
10700.00000000	10.64773327	1.87312950	0.30107255	25352.48271182	3895.20833511	2882.54797467	21352.24310952	  155.26330933
10702.00000000	10.64572019	1.87194822	0.29978761	25346.96450078	3898.96355627	2889.03678608	21348.46560306	  155.26318398
10704.00000000	10.64370787	1.87072375	0.29906785	25340.55156587	3902.75296572	2893.92683503	21345.45082963	  155.26305538
10706.00000000	10.64169632	1.86960413	0.29767338	25335.40926334	3906.33213408	2900.62282262	21343.63827264	  155.26292420
10708.00000000	10.63968554	1.86843191	0.29671255	25327.46121312	3909.68699395	2905.90470573	21342.95366181	  155.26279605
10710.00000000	10.63767552	1.86729473	0.29542391	25319.39442796	3912.88890695	2912.03467925	21343.39672558	  155.26266792
10712.00000000	10.63566626	1.86616073	0.29428394	25316.12239009	3916.82240194	2918.28691652	21345.14230357	  155.26253997
10714.00000000	10.63365777	1.86494295	0.29290862	25314.58410362	3921.35684562	2925.68636139	21347.55254834	  155.26241048
10716.00000000	10.63165004	1.86378838	0.29220353	25309.64194384	3925.12049328	2930.55997605	21350.81780199	  155.26228104
10718.00000000	10.62964307	1.86271083	0.29066582	25305.63762441	3928.73059109	2937.76929379	21354.45035418	  155.26215478
10720.00000000	10.62763687	1.86153663	0.28992955	25298.86656055	3932.29396851	2942.59961287	21358.01959710	  155.26202862
10722.00000000	10.62563142	1.86049261	0.28873139	25294.74866327	3935.76079376	2948.72481904	21360.80132651	  155.26189994
10724.00000000	10.62362674	1.85919352	0.28770990	25291.23723147	3940.32993696	2955.16521668	21363.07566853	  155.26176771
10726.00000000	10.62162282	1.85807176	0.28655094	25282.23348581	3943.34818000	2960.85835146	21363.96047067	  155.26163654
10728.00000000	10.61961966	1.85702778	0.28511418	25275.14385006	3946.36016293	2967.38025455	21364.02742747	  155.26150735
10730.00000000	10.61761725	1.85579773	0.28411162	25269.12667268	3950.27670696	2973.30463339	21362.94389820	  155.26137776
10732.00000000	10.61561561	1.85470560	0.28323108	25266.98832182	3954.25864668	2978.92368976	21360.61798868	  155.26124746
10734.00000000	10.61361473	1.85337803	0.28189702	25263.01869466	3958.88962467	2986.39379403	21357.29783419	  155.26111546
10736.00000000	10.61161460	1.85229002	0.28107033	25260.08995319	3962.73981065	2991.77042120	21353.84624206	  155.26098582
10738.00000000	10.60961524	1.85123955	0.27993376	25247.91712969	3964.99307395	2996.87581163	21350.12843066	  155.26085893
10740.00000000	10.60761663	1.85001137	0.27893535	25233.95559162	3967.67055353	3001.89516253	21347.12024406	  155.26073036
10742.00000000	10.60561877	1.84884343	0.27763906	25224.60082924	3970.83464882	3008.18602632	21344.41424137	  155.26059834
10744.00000000	10.60362168	1.84774553	0.27652251	25224.83171238	3975.23300086	3014.88249323	21343.13059673	  155.26046404
10746.00000000	10.60162534	1.84657607	0.27502375	25218.84961924	3978.94077769	3022.22070733	21342.51721689	  155.26033288
10748.00000000	10.59962976	1.84546794	0.27425147	25216.31726130	3982.95239532	3027.60500207	21342.70341937	  155.26020189
10750.00000000	10.59763493	1.84432354	0.27283785	25210.14802411	3986.53754021	3034.61699172	21343.93057198	  155.26007110
10752.00000000	10.59564086	1.84317877	0.27175471	25202.47938571	3989.88977658	3040.46023133	21345.49174628	  155.25993888
10754.00000000	10.59364754	1.84198793	0.27034641	25197.59515297	3993.86979257	3047.78232681	21348.13334769	  155.25980666
10756.00000000	10.59165498	1.84101017	0.26935537	25192.91603644	3997.03436657	3053.22164605	21351.14689271	  155.25967775
10758.00000000	10.58966317	1.83996551	0.26822564	25191.17784685	4000.93603504	3059.65665540	21354.26217022	  155.25954928
10760.00000000	10.58767211	1.83874984	0.26696251	25187.17360489	4005.16605273	3066.76275949	21357.56273043	  155.25941804
10762.00000000	10.58568181	1.83761872	0.26566565	25180.04141031	4008.56351181	3073.34731725	21360.30486409	  155.25928321
10764.00000000	10.58369226	1.83654385	0.26441234	25173.58321022	4011.84531605	3079.72089041	21362.19009539	  155.25914929
10766.00000000	10.58170346	1.83550100	0.26338208	25169.58273501	4015.39303970	3085.62167814	21363.67057246	  155.25901747
10768.00000000	10.57971542	1.83438522	0.26233935	25166.40332636	4019.36801439	3091.89858264	21364.27531584	  155.25888511
10770.00000000	10.57772812	1.83322295	0.26139306	25158.18700678	4022.72854977	3097.41334937	21364.00156981	  155.25875218
10772.00000000	10.57574158	1.83210449	0.25989103	25154.08281276	4026.57337659	3105.03413286	21362.78955974	  155.25861710
10774.00000000	10.57375578	1.83102510	0.25863924	25146.09515337	4029.64192105	3111.29262763	21360.58809918	  155.25848408
10776.00000000	10.57177074	1.82992847	0.25803665	25143.76794659	4033.69004289	3116.29548730	21358.17004100	  155.25835372
10778.00000000	10.56978644	1.82882549	0.25678274	25136.53590709	4036.98010280	3122.75047596	21355.34165005	  155.25822232
10780.00000000	10.56780290	1.82774988	0.25574832	25128.88659431	4040.09482632	3128.39422506	21352.29237337	  155.25808759
10782.00000000	10.56582010	1.82664079	0.25433060	25122.51011466	4043.55180971	3135.51321678	21349.64877833	  155.25795012
10784.00000000	10.56383805	1.82552824	0.25323287	25112.46638196	4046.43461656	3141.19492815	21347.02455276	  155.25781544
10786.00000000	10.56185675	1.82444739	0.25218617	25106.98529345	4049.92644099	3147.19805374	21345.09000509	  155.25768131
10788.00000000	10.55987620	1.82329397	0.25131524	25106.78505550	4054.56804687	3153.55035661	21343.52851776	  155.25754727
10790.00000000	10.55789639	1.82217266	0.24986935	25103.27392499	4058.54937332	3161.21440098	21342.41013421	  155.25741219
10792.00000000	10.55591733	1.82103415	0.24888738	25095.60641790	4061.93165768	3166.95722389	21341.86644130	  155.25727643
10794.00000000	10.55393902	1.82005367	0.24776651	25090.56590174	4065.09959750	3172.98165049	21342.06205983	  155.25714433
10796.00000000	10.55196145	1.81893761	0.24687755	25086.30796957	4068.94839426	3178.81038974	21342.85834121	  155.25701351
10798.00000000	10.54998463	1.81775693	0.24570799	25078.82218167	4072.53974101	3185.33933800	21344.35286975	  155.25687998
10800.00000000	10.54800855	1.81666567	0.24440071	25075.37034760	4076.42520257	3192.54918668	21346.34738885	  155.25674266
10802.00000000	10.54603322	1.81555234	0.24329944	25068.70151797	4079.88082594	3198.77633687	21348.91113467	  155.25660486
10804.00000000	10.54405863	1.81443415	0.24219884	25059.10103775	4082.88124821	3204.65386545	21351.80051404	  155.25647027
10806.00000000	10.54208478	1.81337143	0.24145870	25051.29514445	4085.94934565	3209.43657722	21354.42556501	  155.25633549
10808.00000000	10.54011168	1.81225501	0.24012355	25040.92494255	4088.82022153	3215.98254256	21357.08470471	  155.25620077
10810.00000000	10.53813932	1.81116622	0.23875379	25032.82855766	4091.95103188	3222.85655088	21359.31775480	  155.25606408
10812.00000000	10.53616770	1.81017608	0.23779505	25025.67647877	4094.83440350	3228.22105621	21360.79691463	  155.25592814
10814.00000000	10.53419682	1.80902330	0.23681160	25018.32812869	4098.35379027	3234.17468214	21362.06296315	  155.25579563
10816.00000000	10.53222669	1.80801353	0.23574865	25014.55961552	4101.87633531	3240.39704077	21363.07904055	  155.25566283
10818.00000000	10.53025730	1.80685333	0.23452575	25004.14015972	4104.92754504	3246.77546788	21363.74251462	  155.25552715
10820.00000000	10.52828864	1.80565777	0.23353812	24998.67560001	4108.93994002	3253.16040713	21364.10913583	  155.25538833
10822.00000000	10.52632073	1.80459284	0.23238252	24994.32370961	4112.60194788	3259.82459473	21363.71298800	  155.25525117
10824.00000000	10.52435356	1.80346646	0.23145668	24987.94551107	4116.18624877	3265.68776153	21362.97930789	  155.25511570
10826.00000000	10.52238713	1.80239745	0.22996055	24974.28598729	4118.33634924	3272.28571962	21361.74934965	  155.25497984
10828.00000000	10.52042143	1.80135242	0.22856995	24950.18564715	4118.66402710	3277.10004047	21359.88134566	  155.25484305
10830.00000000	10.51845648	1.80027654	0.22810582	24931.11576700	4119.94624810	3279.64208791	21357.86602336	  155.25470467
10832.00000000	10.51649226	1.79900964	0.22688899	24938.21203839	4126.34327883	3288.73376525	21355.31068510	  155.25456871
10834.00000000	10.51452878	1.79788901	0.22572822	24943.57205483	4131.85783168	3296.95372042	21352.91711644	  155.25443549
10836.00000000	10.51256603	1.79681931	0.22501734	24944.83852716	4136.49008206	3302.99715172	21350.74656856	  155.25430060
10838.00000000	10.51060403	1.79570902	0.22375835	24936.84369308	4139.75808206	3309.77101295	21348.55614876	  155.25416212
10840.00000000	10.50864276	1.79467182	0.22236909	24929.57877651	4142.84676641	3316.84518595	21346.92893075	  155.25402141
10842.00000000	10.50668223	1.79342393	0.22136094	24921.51315440	4146.67779895	3323.26103812	21345.30693648	  155.25388385
10844.00000000	10.50472243	1.79246093	0.22013154	24917.27050240	4149.96637017	3329.98795658	21344.09158425	  155.25374692
10846.00000000	10.50276337	1.79142190	0.21878894	24907.85356697	4152.71050574	3336.66669252	21342.87843007	  155.25360998
10848.00000000	10.50080504	1.79022204	0.21763652	24896.91364243	4155.87006646	3343.05575181	21342.01696470	  155.25347204
10850.00000000	10.49884745	1.78908756	0.21679799	24888.02392295	4159.10190315	3348.46211286	21341.38313687	  155.25333355
10852.00000000	10.49689059	1.78811471	0.21568067	24881.00220057	4161.97547845	3354.52158166	21341.22520987	  155.25319846
10854.00000000	10.49493446	1.78696470	0.21472254	24871.24726055	4165.13091138	3360.28290882	21341.35801692	  155.25306482
10856.00000000	10.49297907	1.78602280	0.21351502	24864.32317723	4167.89526527	3366.57582533	21341.95138082	  155.25292843
10858.00000000	10.49102441	1.78492158	0.21251704	24860.22789761	4171.80031610	3373.09471229	21342.44615254	  155.25278807
10860.00000000	10.48907048	1.78384048	0.21122981	24853.24751225	4175.14022322	3380.14340172	21343.90822095	  155.25264672
10862.00000000	10.48711728	1.78272095	0.21033958	24846.22171004	4178.63543485	3385.98604090	21345.39049173	  155.25250860
10864.00000000	10.48516482	1.78161529	0.20937220	24842.56478634	4182.64246164	3392.51322726	21347.06705047	  155.25237007
10866.00000000	10.48321309	1.78053714	0.20798058	24834.87347854	4185.85805412	3399.84939579	21348.72264283	  155.25223122
10868.00000000	10.48126208	1.77941196	0.20712755	24824.78882250	4188.86889041	3405.19834898	21350.31429875	  155.25209014
10870.00000000	10.47931181	1.77839269	0.20599799	24815.88350235	4191.63646555	3411.29926367	21351.64092722	  155.25194959
10872.00000000	10.47736227	1.77730935	0.20482198	24811.91796878	4195.50936681	3418.46893295	21353.50235902	  155.25181216
10874.00000000	10.47541345	1.77626419	0.20352516	24801.71733613	4198.16997901	3425.07561759	21355.08912829	  155.25167455
10876.00000000	10.47346537	1.77514859	0.20269682	24790.84846549	4201.01422566	3430.23632414	21356.79416504	  155.25153380
10878.00000000	10.47151801	1.77400239	0.20177083	24780.90601862	4204.14545962	3435.97326266	21358.55765059	  155.25138912
10880.00000000	10.46957139	1.77293672	0.20068067	24775.61184368	4207.72893953	3442.65298922	21359.81572620	  155.25124502
10882.00000000	10.46762549	1.77189787	0.19910042	24771.46426043	4211.39725250	3451.10359987	21360.98814493	  155.25110324
10884.00000000	10.46568031	1.77077844	0.19837127	24766.52196646	4215.27311373	3456.79934045	21361.99388239	  155.25096059
10886.00000000	10.46373587	1.76965508	0.19735064	24757.03277839	4218.39416224	3462.89132323	21362.83944887	  155.25081742
10888.00000000	10.46179215	1.76860110	0.19622738	24750.38912789	4221.70938703	3469.50778656	21363.18547551	  155.25067174
10890.00000000	10.45984916	1.76748161	0.19502916	24740.03928045	4224.67083542	3476.10420745	21363.24433862	  155.25052741
10892.00000000	10.45790689	1.76648909	0.19397383	24733.05817831	4227.67265947	3482.24713485	21363.35226584	  155.25038636
10894.00000000	10.45596535	1.76542653	0.19324071	24723.07382966	4230.45875638	3487.09751421	21363.46172958	  155.25024394
10896.00000000	10.45402453	1.76440466	0.19173463	24716.30056133	4233.62375299	3494.96608391	21363.57998759	  155.25009835
10898.00000000	10.45208444	1.76328657	0.19071436	24702.68707409	4236.02554712	3500.51849482	21363.48065959	  155.24994941
10900.00000000	10.45014507	1.76216245	0.18972982	24691.24249136	4238.82528261	3506.28250128	21362.90154458	  155.24980276
10902.00000000	10.44820642	1.76104277	0.18888150	24680.78244326	4241.77635178	3511.70133620	21362.55209297	  155.24965781
10904.00000000	10.44626850	1.76005326	0.18741346	24674.32780368	4244.86526312	3519.42147824	21362.24584682	  155.24951200
10906.00000000	10.44433130	1.75898024	0.18650660	24668.85003294	4248.47914430	3525.61352692	21361.13732818	  155.24936565
10908.00000000	10.44239483	1.75783724	0.18559660	24664.40198931	4252.57103119	3532.22204812	21360.30946839	  155.24921752
10910.00000000	10.44045907	1.75688375	0.18431669	24660.31910238	4255.92311145	3539.53368726	21359.08264304	  155.24907184
10912.00000000	10.43852404	1.75577530	0.18336672	24655.12836702	4259.74640293	3546.08049987	21357.83295123	  155.24892918
10914.00000000	10.43658973	1.75476693	0.18230649	24650.43441324	4263.23213716	3552.74697875	21356.75155256	  155.24878514
10916.00000000	10.43465614	1.75372814	0.18121074	24644.16031518	4266.57682153	3559.43235796	21355.76815322	  155.24863774
10918.00000000	10.43272327	1.75254214	0.18022009	24637.38590029	4270.46577006	3566.20785827	21354.94908762	  155.24848748
10920.00000000	10.43079112	1.75149508	0.17901045	24626.73324512	4273.09115123	3572.71938345	21353.95359341	  155.24834045
10922.00000000	10.42885969	1.75046449	0.17828570	24618.00110211	4275.98050777	3577.72719123	21352.85213798	  155.24819451
10924.00000000	10.42692898	1.74937075	0.17701806	24611.38914612	4279.51016613	3585.22234832	21351.93377879	  155.24804820
10926.00000000	10.42499898	1.74838297	0.17612515	24604.48273251	4282.53740305	3590.96344435	21350.57673821	  155.24790079
10928.00000000	10.42306971	1.74727461	0.17509765	24592.81318094	4285.25322537	3596.93463346	21349.73691896	  155.24775217
10930.00000000	10.42114115	1.74622700	0.17396343	24582.13108910	4287.88156933	3603.22532993	21348.70721650	  155.24760707
10932.00000000	10.41921332	1.74530129	0.17328743	24573.02108618	4290.26220637	3607.66380635	21347.61414868	  155.24746386
10934.00000000	10.41728619	1.74424434	0.17190909	24564.53619541	4293.31620707	3615.21147584	21346.68702964	  155.24731838
10936.00000000	10.41535979	1.74318312	0.17059157	24556.12958185	4296.40393850	3622.58119859	21345.68770672	  155.24716927
10938.00000000	10.41343410	1.74209636	0.16958406	24549.87808820	4299.98068807	3629.25166604	21345.10809423	  155.24701745
10940.00000000	10.41150913	1.74115708	0.16890825	24543.27288077	4302.86345412	3634.13991930	21344.90492673	  155.24686919
10942.00000000	10.40958487	1.74001328	0.16746156	24533.65851092	4306.10036505	3642.13901381	21343.97991781	  155.24672107
10944.00000000	10.40766133	1.73897781	0.16617336	24528.21607627	4309.60530938	3649.80215517	21343.66715719	  155.24657238
10946.00000000	10.40573850	1.73785613	0.16537846	24522.90232886	4313.50732102	3656.01179725	21342.79977334	  155.24642232
10948.00000000	10.40381639	1.73676885	0.16421281	24518.25812688	4317.38208690	3663.56386544	21342.32548847	  155.24627116
10950.00000000	10.40189499	1.73578907	0.16327371	24509.83166428	4320.12899204	3669.33904331	21341.97602997	  155.24612358
10952.00000000	10.39997431	1.73475215	0.16197738	24500.87599019	4323.03074465	3676.56663550	21341.35740541	  155.24597738
10954.00000000	10.39805434	1.73375541	0.16095837	24496.86056805	4326.63263691	3683.38139339	21341.11204395	  155.24582817
10956.00000000	10.39613508	1.73274232	0.15989155	24494.36266214	4330.57651048	3690.67409469	21340.68218729	  155.24567482
10958.00000000	10.39421653	1.73159731	0.15920684	24487.89019063	4334.39225406	3696.45616513	21340.87263094	  155.24551945
10960.00000000	10.39229870	1.73052611	0.15792112	24479.70881573	4337.58807748	3703.94078804	21340.81890696	  155.24536796
10962.00000000	10.39038157	1.72953391	0.15704407	24471.83813517	4340.49797094	3709.67775360	21340.70224375	  155.24521626
10964.00000000	10.38846516	1.72845455	0.15586784	24457.29653988	4342.60346581	3715.84535878	21340.64691067	  155.24506402
10966.00000000	10.38654946	1.72744565	0.15454413	24443.61380812	4344.55498928	3722.43938771	21340.27863149	  155.24491023
10968.00000000	10.38463447	1.72640411	0.15388859	24435.20199262	4347.58574744	3727.47887617	21340.11491840	  155.24475596
10970.00000000	10.38272019	1.72539167	0.15266585	24431.42501651	4351.31692138	3735.24229353	21340.16830836	  155.24460544
10972.00000000	10.38080662	1.72441644	0.15137753	24430.74305162	4355.44096437	3743.60228668	21339.86039487	  155.24445618
10974.00000000	10.37889376	1.72340582	0.15043421	24422.14889875	4358.31121438	3749.60477057	21339.79644061	  155.24430361
10976.00000000	10.37698161	1.72230581	0.14956915	24412.10088078	4361.31292080	3755.43449770	21339.64137057	  155.24414676
10978.00000000	10.37507016	1.72125198	0.14847995	24403.48359048	4364.37026392	3762.16261438	21339.81902234	  155.24398823
10980.00000000	10.37315942	1.72015540	0.14733616	24394.04901869	4367.46961903	3769.14297829	21340.11874867	  155.24383322
10982.00000000	10.37124940	1.71916232	0.14635577	24388.82420969	4370.87267717	3775.77976025	21340.07533663	  155.24367787
10984.00000000	10.36934007	1.71812728	0.14520879	24383.47043083	4374.43857271	3783.19689810	21340.17668033	  155.24352174
10986.00000000	10.36743146	1.71707777	0.14431787	24374.34375182	4377.39293315	3789.12628561	21339.83620496	  155.24336381
10988.00000000	10.36552355	1.71598575	0.14324276	24366.96313239	4380.84878280	3796.19683755	21339.76652836	  155.24320540
10990.00000000	10.36361635	1.71491271	0.14217927	24360.98879857	4384.47690330	3803.38348173	21339.78347513	  155.24305101
10992.00000000	10.36170985	1.71400462	0.14148526	24358.44515353	4388.00197892	3809.08396569	21339.49313489	  155.24289767
10994.00000000	10.35980406	1.71303640	0.14004471	24351.03180195	4390.91582377	3817.10817691	21339.34914793	  155.24274057
10996.00000000	10.35789897	1.71188037	0.13915449	24341.02075919	4394.18752245	3823.35443411	21339.24767621	  155.24257902
10998.00000000	10.35599459	1.71088468	0.13794657	24332.24744449	4396.97959864	3830.40781685	21339.58373828	  155.24241630
11000.00000000	10.35409091	1.70982427	0.13710448	24322.17454821	4399.82247945	3836.11340181	21339.55687811	  155.24225744
11002.00000000	10.35218794	1.70875834	0.13608034	24313.63546618	4402.96853035	3842.78989041	21339.70861364	  155.24209783
11004.00000000	10.35028567	1.70778439	0.13488572	24310.11022124	4406.61988018	3850.57391224	21339.66171568	  155.24193791
11006.00000000	10.34838410	1.70667669	0.13372001	24304.89959094	4410.55825627	3858.51060893	21339.49604996	  155.24177603
11008.00000000	10.34648323	1.70564055	0.13298073	24296.89903924	4413.67723870	3864.09482934	21339.21019058	  155.24161410
11010.00000000	10.34458307	1.70471912	0.13198807	24287.36398885	4416.01230825	3869.97880816	21339.23366702	  155.24145595
11012.00000000	10.34268361	1.70361898	0.13099753	24277.78917013	4419.13034299	3876.54927249	21338.95592366	  155.24129885
11014.00000000	10.34078484	1.70267200	0.13008190	24267.09598983	4421.36891763	3882.06587251	21339.03051178	  155.24113802
11016.00000000	10.33888679	1.70165660	0.12883894	24258.74955098	4424.33842968	3889.50468907	21338.64823951	  155.24097237
11018.00000000	10.33698943	1.70065766	0.12774302	24252.79517017	4427.67322033	3896.70449800	21338.90935828	  155.24080484
11020.00000000	10.33509277	1.69962625	0.12695621	24245.28729722	4430.87023517	3902.58749271	21339.04184142	  155.24064105
11022.00000000	10.33319681	1.69852440	0.12557051	24235.16121532	4433.90250596	3910.67351653	21339.00201251	  155.24047639
11024.00000000	10.33130155	1.69750248	0.12468373	24228.32986075	4437.18479826	3917.04048342	21339.04203547	  155.24031065
11026.00000000	10.32940699	1.69650948	0.12377163	24219.41944948	4439.95965262	3923.06664538	21338.67266335	  155.24014268
11028.00000000	10.32751312	1.69542043	0.12270615	24211.98977832	4443.43409034	3930.32207776	21338.76024864	  155.23997404
11030.00000000	10.32561996	1.69433988	0.12183444	24204.44078935	4446.85113522	3936.77474346	21338.83027382	  155.23980921
11032.00000000	10.32372749	1.69343344	0.12072894	24199.95144707	4450.05827173	3943.97166861	21338.58150589	  155.23964498
11034.00000000	10.32183572	1.69236479	0.12002964	24194.01032315	4453.72269598	3949.98061016	21338.55119215	  155.23947679
11036.00000000	10.31994465	1.69136555	0.11878500	24185.36770740	4456.58269297	3957.43965652	21338.44458307	  155.23930368
11038.00000000	10.31805428	1.69027964	0.11759047	24177.98328429	4460.06257309	3965.26356590	21338.84259770	  155.23912828
11040.00000000	10.31616460	1.68929765	0.11656696	24170.38060427	4463.04063437	3971.97450813	21339.16162298	  155.23895674
11042.00000000	10.31427561	1.68820906	0.11569359	24165.75924624	4467.04746478	3979.01410767	21339.17450868	  155.23878442
11044.00000000	10.31238733	1.68723191	0.11456886	24157.97211005	4469.97367667	3986.10138528	21339.52804584	  155.23861145
11046.00000000	10.31049973	1.68621176	0.11361758	24150.75862854	4473.19998207	3992.77488359	21339.50933566	  155.23843644
11048.00000000	10.30861284	1.68512515	0.11247794	24143.95299586	4476.80133793	4000.54605313	21339.70921418	  155.23826064
11050.00000000	10.30672663	1.68413227	0.11140510	24138.97186065	4480.32392844	4007.99153690	21340.20098542	  155.23808883
11052.00000000	10.30484112	1.68322223	0.11053647	24133.49424242	4483.38549983	4014.21569545	21340.41233329	  155.23791855
11054.00000000	10.30295631	1.68216660	0.10981069	24125.84106666	4486.69749059	4020.09775670	21340.74378501	  155.23774466
11056.00000000	10.30107219	1.68120011	0.10859023	24116.92866545	4489.37692456	4027.41081949	21341.11135570	  155.23756601
11058.00000000	10.29918876	1.68016411	0.10769027	24108.29732254	4492.42190755	4033.77106909	21342.05942042	  155.23738481
11060.00000000	10.29730602	1.67907992	0.10645485	24096.87922813	4495.16519205	4041.22380841	21342.75246927	  155.23720769
11062.00000000	10.29542397	1.67813149	0.10543124	24086.90555092	4497.56826871	4047.52516404	21343.61109576	  155.23703020
11064.00000000	10.29354262	1.67707064	0.10468766	24077.66150639	4500.61412987	4053.27907300	21344.60784399	  155.23685131
11066.00000000	10.29166196	1.67606455	0.10359478	24073.89873649	4504.44037391	4061.16093674	21345.15609241	  155.23667092
11068.00000000	10.28978198	1.67505087	0.10234139	24066.49221959	4507.62152047	4069.12604469	21346.26680675	  155.23648875
11070.00000000	10.28790270	1.67396196	0.10142151	24056.87543453	4510.72945084	4075.67906859	21347.26045906	  155.23631007
11072.00000000	10.28602411	1.67299209	0.10046048	24051.45527945	4514.08908644	4082.63631460	21348.13554011	  155.23613304
11074.00000000	10.28414621	1.67196182	0.09948587	24043.89677349	4517.32214549	4089.54414179	21349.15839761	  155.23595260
11076.00000000	10.28226900	1.67091363	0.09830495	24036.65529419	4520.69769738	4097.43591420	21350.35642715	  155.23576719
11078.00000000	10.28039247	1.66999040	0.09710113	24028.17939704	4523.27768807	4104.71269922	21351.91188650	  155.23557789
11080.00000000	10.27851664	1.66891763	0.09630031	24019.64122165	4526.52371620	4110.94915273	21353.10408725	  155.23539204
11082.00000000	10.27664149	1.66793420	0.09507576	24008.22085629	4528.82309563	4118.07716278	21354.48445260	  155.23520641
11084.00000000	10.27476704	1.66686532	0.09411817	23998.71976401	4531.87229302	4124.79779082	21355.88753663	  155.23501880
11086.00000000	10.27289326	1.66593753	0.09318394	23990.57829281	4534.54005256	4131.08346654	21357.12502948	  155.23482944
11088.00000000	10.27102018	1.66497250	0.09177680	23979.25509497	4536.77579207	4138.94026394	21358.41386385	  155.23463719
11090.00000000	10.26914778	1.66385727	0.09120730	23974.20439089	4540.88153464	4145.04592183	21359.22542597	  155.23444793
11092.00000000	10.26727607	1.66291975	0.08997205	23968.45344114	4544.05039235	4153.06543880	21360.07934013	  155.23426136
11094.00000000	10.26540505	1.66194238	0.08908366	23959.83649425	4546.85854905	4159.32545099	21361.15351520	  155.23407223
11096.00000000	10.26353471	1.66092802	0.08796400	23946.99391566	4549.03343760	4165.97683225	21362.44737568	  155.23387832
11098.00000000	10.26166505	1.65995156	0.08703804	23935.92238595	4551.37235254	4171.98007363	21363.44765733	  155.23368050
11100.00000000	10.25979608	1.65885804	0.08614661	23929.91210818	4555.20796783	4179.21979825	21363.89215631	  155.23348574
11102.00000000	10.25792780	1.65790013	0.08498136	23921.67521705	4558.00409008	4186.66078479	21364.60155564	  155.23329242
11104.00000000	10.25606020	1.65692341	0.08411638	23909.25918698	4560.09012613	4192.20146827	21364.90207314	  155.23309747
11106.00000000	10.25419328	1.65594127	0.08315215	23902.34809763	4563.25154951	4199.15483793	21365.23119123	  155.23290151
11108.00000000	10.25232705	1.65489328	0.08209661	23894.47183201	4566.53104423	4206.61056386	21365.04814863	  155.23270216
11110.00000000	10.25046149	1.65380657	0.08107626	23888.03777360	4570.26530427	4214.34841316	21364.28410456	  155.23250504
11112.00000000	10.24859663	1.65284255	0.08018342	23881.40029409	4573.40213989	4221.00799488	21363.65305234	  155.23231199
11114.00000000	10.24673244	1.65193284	0.07930069	23871.87713884	4575.73911504	4226.89444636	21362.99221359	  155.23211714
11116.00000000	10.24486893	1.65085935	0.07835532	23865.91169810	4579.50908189	4234.37817761	21362.23006140	  155.23191751
11118.00000000	10.24300611	1.64987259	0.07724630	23859.58438904	4582.81486110	4242.13680693	21361.20977288	  155.23171255
11120.00000000	10.24114397	1.64882203	0.07617403	23851.30287811	4586.03957007	4249.67616840	21359.84467758	  155.23150912
11122.00000000	10.23928251	1.64780929	0.07532667	23842.50275012	4588.99262943	4256.01748018	21358.35235833	  155.23130826
11124.00000000	10.23742173	1.64684392	0.07415968	23834.18115562	4591.82161384	4263.61389946	21356.55330507	  155.23110508
11126.00000000	10.23556162	1.64580466	0.07341307	23822.50564538	4594.34451517	4269.14266616	21354.60289640	  155.23090098
11128.00000000	10.23370220	1.64486488	0.07243429	23816.18909990	4597.44485351	4276.20697902	21352.03877959	  155.23069324
11130.00000000	10.23184346	1.64388530	0.07140057	23808.87733344	4600.53777562	4283.50944628	21349.63538251	  155.23048651
11132.00000000	10.22998539	1.64280375	0.07051719	23800.17482733	4603.83280636	4290.36573591	21347.44406786	  155.23028441
11134.00000000	10.22812801	1.64190415	0.06950167	23790.16264072	4606.03780835	4296.78186392	21344.92583669	  155.23008228
11136.00000000	10.22627130	1.64090157	0.06864118	23780.00915175	4608.69026200	4302.95727895	21342.60446403	  155.22987491
11138.00000000	10.22441527	1.63988556	0.06766239	23772.20675322	4611.86143157	4310.13475520	21340.37018779	  155.22966137
11140.00000000	10.22255992	1.63882902	0.06660369	23764.18658731	4615.17905166	4317.80414730	21338.84796259	  155.22944625
11142.00000000	10.22070524	1.63773711	0.06558056	23741.11301536	4615.73521036	4322.74492216	21337.50730615	  155.22923469
11144.00000000	10.21885124	1.63689905	0.06468323	23668.26551888	4605.43025768	4316.96612488	21336.39207518	  155.22902142
11146.00000000	10.21699792	1.63619023	0.06364754	23630.97864466	4601.43528666	4317.69084510	21335.73270910	  155.22880672
11148.00000000	10.21514527	1.63486835	0.06273506	23681.67460966	4617.40647118	4336.63248638	21335.02539679	  155.22858842
11150.00000000	10.21329330	1.63373615	0.06166183	23708.99903249	4627.97093919	4351.22190806	21335.02886800	  155.22836780
11152.00000000	10.21144200	1.63291501	0.06060700	23716.98829970	4633.33347631	4360.86128224	21335.30314069	  155.22815099
11154.00000000	10.20959138	1.63188729	0.06013342	23710.89478648	4636.90606549	4366.29110697	21335.92964162	  155.22793521
11156.00000000	10.20774143	1.63098166	0.05892216	23699.61047921	4638.89854515	4373.46145971	21337.03247193	  155.22771397
11158.00000000	10.20589216	1.62998474	0.05758468	23685.63526444	4640.78722858	4381.09781889	21338.45363648	  155.22748620
11160.00000000	10.20404356	1.62887432	0.05686880	23678.97234952	4644.63638004	4387.87163250	21340.86062554	  155.22725405
11162.00000000	10.20219563	1.62794722	0.05559020	23672.52817835	4647.67924731	4396.36389990	21343.21974232	  155.22702637
11164.00000000	10.20034838	1.62693798	0.05451909	23665.63121603	4651.01675913	4404.23580598	21346.06143174	  155.22679831
11166.00000000	10.19850179	1.62605117	0.05371355	23658.15979224	4653.67350730	4410.30284932	21348.98401738	  155.22656913
11168.00000000	10.19665588	1.62500016	0.05263309	23649.39235813	4656.84073476	4418.07541399	21352.09617536	  155.22633813
11170.00000000	10.19481065	1.62397067	0.05173562	23641.75093433	4660.13114359	4425.16676933	21355.07132333	  155.22610290
11172.00000000	10.19296608	1.62305706	0.05088589	23630.81743569	4662.23348333	4430.92663699	21357.77806247	  155.22587042
11174.00000000	10.19112218	1.62215210	0.04982858	23619.41210669	4664.20228544	4437.48705541	21360.30952809	  155.22564075
11176.00000000	10.18927896	1.62113263	0.04891412	23610.83095929	4667.26343286	4444.46184433	21362.57930873	  155.22540802
11178.00000000	10.18743640	1.62012788	0.04787055	23600.89999894	4669.99018133	4451.70165768	21364.49724661	  155.22516932
11180.00000000	10.18559452	1.61909997	0.04696266	23592.71226856	4673.17116393	4458.78018324	21365.85677339	  155.22492407
11182.00000000	10.18375330	1.61810932	0.04588703	23588.48131457	4676.96407046	4467.20156038	21366.07671849	  155.22468037
11184.00000000	10.18191275	1.61714261	0.04498113	23583.08108805	4680.41573330	4474.55006663	21366.02659495	  155.22443762
11186.00000000	10.18007288	1.61613945	0.04420107	23574.42370700	4683.39341449	4480.89081096	21365.13715500	  155.22419212
11188.00000000	10.17823367	1.61521024	0.04314766	23564.82894487	4685.83937220	4487.95616258	21363.68273588	  155.22394507
11190.00000000	10.17639513	1.61419551	0.04220214	23552.71462653	4688.18530088	4494.45062603	21361.43449010	  155.22369143
11192.00000000	10.17455725	1.61322805	0.04109612	23542.31816095	4690.65168330	4501.79139011	21358.29285140	  155.22343793
11194.00000000	10.17272005	1.61224732	0.04015673	23529.29032154	4692.65595110	4507.94767342	21354.88228031	  155.22318874
11196.00000000	10.17088351	1.61130140	0.03926996	23508.38441387	4692.92351506	4512.20422298	21350.82669980	  155.22293887
11198.00000000	10.16904763	1.61034414	0.03833163	23448.05413881	4685.36289111	4509.16385304	21346.89781363	  155.22268327
11200.00000000	10.16721243	1.60940448	0.03733069	23415.82538545	4683.32165092	4511.71306714	21342.62217698	  155.22241924
11202.00000000	10.16537789	1.60825778	0.03630077	23408.14217503	4687.15662561	4520.06046093	21339.02872003	  155.22215234
11204.00000000	10.16354401	1.60730148	0.03535593	23327.29372272	4675.43684548	4513.02055566	21336.05872055	  155.22188838
11206.00000000	10.16171080	1.60634354	0.03425987	23112.28989414	4636.78375814	4480.61854126	21333.47421112	  155.22162218
11208.00000000	10.15987826	1.60530473	0.03323052	22748.32215366	4568.50793833	4419.18877188	21332.05033610	  155.22135510
11210.00000000	10.15804637	1.60401562	0.03213223	22610.73390809	4546.73376390	4402.95932133	21331.02068516	  155.22108319
11212.00000000	10.15621516	1.60296154	0.03123963	22736.62638834	4576.87100523	4436.10148156	21331.34966268	  155.22080696
11214.00000000	10.15438460	1.60214213	0.03012670	22840.60325540	4601.57051637	4465.00782016	21332.58124572	  155.22053473
11216.00000000	10.15255471	1.60127261	0.02935227	22889.80292436	4615.49405088	4481.98774441	21334.37922740	  155.22026419
11218.00000000	10.15072549	1.60041125	0.02841847	22909.71433223	4623.48975280	4493.94665932	21337.35503190	  155.21998868
11220.00000000	10.14889692	1.59944137	0.02739685	22912.94122085	4628.62801952	4503.53951376	21340.98907333	  155.21970476
11222.00000000	10.14706902	1.59843178	0.02659894	22893.43880454	4629.35974161	4507.84689399	21345.67663110	  155.21941255
11224.00000000	10.14524178	1.59749553	0.02564304	22872.55982572	4629.47002978	4512.26549057	21350.36212043	  155.21912351
11226.00000000	10.14341520	1.59645593	0.02454747	22872.90465917	4634.35520873	4521.97845379	21355.08045092	  155.21883396
11228.00000000	10.14158928	1.59555665	0.02355860	22885.07292876	4640.99233997	4532.93487838	21359.37219966	  155.21854181
11230.00000000	10.13976403	1.59452418	0.02268692	22887.50657167	4646.28056657	4542.05748920	21363.28028752	  155.21824524
11232.00000000	10.13793943	1.59358001	0.02161569	22883.23094789	4649.80069063	4550.37054348	21365.87079130	  155.21793796
11234.00000000	10.13611549	1.59261566	0.02049534	22867.71677141	4651.13144094	4556.77514936	21366.79933390	  155.21762926
11236.00000000	10.13429222	1.59165915	0.01950908	22842.69254189	4650.48779913	4560.64034482	21366.75135083	  155.21732267
11238.00000000	10.13246960	1.59066813	0.01885671	22822.99780284	4651.08520764	4564.20275495	21365.57935454	  155.21701183
11240.00000000	10.13064764	1.58971589	0.01789590	22812.87647222	4653.45167628	4570.91473214	21363.27398096	  155.21669201
11242.00000000	10.12882634	1.58874357	0.01672511	22810.57779980	4657.50919807	4580.25964984	21359.83000170	  155.21635876
11244.00000000	10.12700570	1.58778837	0.01589053	22807.00517359	4661.23002572	4587.74601664	21354.87117650	  155.21602112
11246.00000000	10.12518572	1.58684445	0.01502939	22796.38712749	4663.45976981	4593.89486534	21349.40610442	  155.21568384
11248.00000000	10.12336639	1.58579234	0.01408005	22785.22934078	4666.08385741	4600.84553840	21343.35337708	  155.21534184
11250.00000000	10.12154772	1.58495428	0.01322610	22776.26875207	4668.15944724	4606.82442750	21337.47812880	  155.21499590
11252.00000000	10.11972971	1.58397163	0.01209091	22770.93744428	4671.65510735	4615.51065984	21331.85860748	  155.21463843
11254.00000000	10.11791235	1.58291808	0.01111814	22758.28509312	4673.98104310	4622.30290176	21328.07719304	  155.21427279
11256.00000000	10.11609565	1.58202284	0.01016557	22744.02920337	4675.23683024	4627.95114828	21326.13323083	  155.21390895
11258.00000000	10.11427961	1.58115286	0.00910707	22726.18954796	4675.63567986	4633.24766338	21325.48087857	  155.21354409
11260.00000000	10.11246422	1.58014519	0.00821403	22710.36949876	4677.09145001	4638.83101859	21326.41925237	  155.21316867
11262.00000000	10.11064949	1.57914869	0.00739554	22692.43351331	4678.05700677	4643.58788339	21329.08224611	  155.21277691
11264.00000000	10.10883541	1.57816223	0.00639230	22673.94941965	4678.85972784	4649.04646270	21333.66496742	  155.21236876
11266.00000000	10.10702198	1.57717123	0.00592898	22657.75012640	4680.15268404	4652.48624443	21339.48270736	  155.21195767
11268.00000000	10.10520921	1.57621531	0.00522610	22642.54145539	4681.48417060	4657.08208541	21346.14404941	  155.21153762
11270.00000000	10.10339710	1.57531957	0.00427856	22630.75225657	4683.23978049	4663.24505406	21353.14908668	  155.21110689
11272.00000000	10.10158563	1.57437376	0.00360604	22620.20882816	4685.48740066	4668.62175345	21360.00489282	  155.21066041
11274.00000000	10.09977482	1.57340281	0.00233435	22605.62980487	4687.01616752	4676.08777757	21365.55771017	  155.21018708
11276.00000000	10.09796466	1.57242148	0.00155509	22592.20867397	4688.83251385	4681.54662913	21368.39576071	  155.20970030
11278.00000000	10.09615516	1.57143386	0.00067416	22578.89701191	4690.70013784	4687.53889849	21369.08415423	  155.20920637
11280.00000000	10.09434630	1.57051494	-0.00028780	22564.69982021	4692.06031393	4693.41088552	21367.46490362	  155.20869897
11282.00000000	10.09253810	1.56951198	-0.00107397	22550.55421437	4693.82426408	4698.86801410	21363.58886714	  155.20816646
11284.00000000	10.09073055	1.56851597	-0.00208635	22537.79282043	4695.84284195	4705.65026442	21357.28726035	  155.20759620
11286.00000000	10.08892365	1.56764654	-0.00285614	22527.60083617	4697.80189808	4711.23868061	21348.98761379	  155.20699823
11288.00000000	10.08711740	1.56668245	-0.00385862	22518.24230875	4700.37974315	4718.55178137	21339.19844713	  155.20637121
11290.00000000	10.08531180	1.56574361	-0.00488956	22508.22683131	4702.70214000	4725.75260334	21329.09131946	  155.20569371
11292.00000000	10.08350685	1.56481065	-0.00562386	22495.59584102	4704.45013273	4730.98182673	21319.80801984	  155.20495574
11294.00000000	10.08170255	1.56385227	-0.00679499	22482.03478108	4706.12225269	4738.20917487	21312.34899289	  155.20412723
11296.00000000	10.07989889	1.56284719	-0.00767469	22465.72498909	4707.43712152	4743.70422735	21302.40951845	  155.20320619
11298.00000000	10.07809589	1.56194672	-0.00864407	22448.34649880	4708.03320657	4748.90615973	14892.20429215	  155.20218044
11300.00000000	10.07629354	1.56090016	-0.00951609	22425.78828442	4708.22698811	4753.24478020	791.23182667	  155.20093125
